instance_id,char_id,state,quote,locator,notes
SCR-0068-C,TS2,single-venture,"Has portare debeo apud Messanam laboratum et exinde quo voluero , qua rtam","Giovanni Scriba I, no. 68 (p. 37)","one voyage or venture, returning to the home port"
SCR-0068-C,CF1,1,Ego Bonus Yassallus ì\farracius accepi in comend acionem a le Wuili elmo Filardo lb,"Giovanni Scriba I, no. 68 (p. 37)",capital from the investor side only; the other party works
SCR-0068-C,CF3,bilateral,Ego Bonus Yassallus ì\farracius accepi in comend acionem a le Wuili elmo Filardo lb,"Giovanni Scriba I, no. 68 (p. 37)",1 principal(s) named
SCR-0068-C,LR2,coupled,"debeo apud Messanam laboratum et exinde quo voluero , qua rtam ,proficui habere d ebeo et expensas d ebeo facere","Giovanni Scriba I, no. 68 (p. 37)",working party takes a share of profit
SCR-0068-C,LR3,P,"debeo apud Messanam laboratum et exinde quo voluero , qua rtam ,proficui habere d ebeo et expensas d ebeo facere","Giovanni Scriba I, no. 68 (p. 37)","profit shared by agreed fraction, not in proportion to capital stake"
SCR-0068-C,MB3,voluntary,Ego Bonus Yassallus ì\farracius accepi in comend acionem a le Wuili elmo Filardo lb,"Giovanni Scriba I, no. 68 (p. 37)",entry by private contract
SCR-0072-C,TS2,single-venture,"Euslachius societatem h ab ebat, debel laboratum portare apud Sciciliam et inde quo voluerit","Giovanni Scriba I, no. 72 (p. 39)","one voyage or venture, returning to the home port"
SCR-0072-C,CF1,1,professus est,"Giovanni Scriba I, no. 72 (p. 39)",capital from the investor side only; the other party works
SCR-0072-C,CF3,bilateral,professus est,"Giovanni Scriba I, no. 72 (p. 39)",1 principal(s) named
SCR-0072-C,LR2,coupled,"rebus quas porlat, proficu i quod in cis Dcus dederit quartam hab ere de'bet","Giovanni Scriba I, no. 72 (p. 39)",working party takes a share of profit
SCR-0072-C,LR3,P,"rebus quas porlat, proficu i quod in cis Dcus dederit quartam hab ere de'bet","Giovanni Scriba I, no. 72 (p. 39)","profit shared by agreed fraction, not in proportion to capital stake"
SCR-0072-C,CI1,common,"dcbet inde necessarias facere per libram ut de al iis rebus quas porlat, proficu i quod in","Giovanni Scriba I, no. 72 (p. 39)",capital invested or charged in common with other capital
SCR-0072-C,MB3,voluntary,professus est,"Giovanni Scriba I, no. 72 (p. 39)",entry by private contract
SCR-0073-C,TS2,single-venture,has cl cb emus portare laboralum am bo apud Salcrnum et inde quo voluerimus ·dum insimul,"Giovanni Scriba I, no. 73 (p. 39)","one voyage or venture, returning to the home port"
SCR-0073-C,CF1,1,Nos Marchio Dormilor et Alexander Ingonis Naselli profìlemur nos accepisse in com endacionem a te 'Wu ilielmo \'en lo octo pecias sagie et volg,"Giovanni Scriba I, no. 73 (p. 39)",capital from the investor side only; the other party works
SCR-0073-C,CF3,bilateral,Nos Marchio Dormilor et Alexander Ingonis Naselli profìlemur nos accepisse in com endacionem a te 'Wu ilielmo \'en lo octo pecias sagie et volg,"Giovanni Scriba I, no. 73 (p. 39)",1 principal(s) named
SCR-0073-C,MB3,voluntary,Nos Marchio Dormilor et Alexander Ingonis Naselli profìlemur nos accepisse in com endacionem a te 'Wu ilielmo \'en lo octo pecias sagie et volg,"Giovanni Scriba I, no. 73 (p. 39)",entry by private contract
SCR-0089-C,TS2,single-venture,Hoc debeo portare ad luum resicum laboralum apud Salernum et deinde uhi,"Giovanni Scriba I, no. 89 (p. 48)","one voyage or venture, returning to the home port"
SCR-0089-C,CF1,1,Ego Ribaldus Castanea accepi a le Bigolo in comenda lio ne1U,"Giovanni Scriba I, no. 89 (p. 48)",capital from the investor side only; the other party works
SCR-0089-C,CF2,0,Hoc debeo portare ad luum resicum laboralum apud Salernum et deinde uhi,"Giovanni Scriba I, no. 89 (p. 48)",peril clause puts the investor's capital at the investor's peril
SCR-0089-C,CF3,bilateral,Ego Ribaldus Castanea accepi a le Bigolo in comenda lio ne1U,"Giovanni Scriba I, no. 89 (p. 48)",1 principal(s) named
SCR-0089-C,LR2,veiled,capitale et pro fìcuum tuum,"Giovanni Scriba I, no. 89 (p. 48)",working party takes no share of profit
SCR-0089-C,LR3,1,capitale et pro fìcuum tuum,"Giovanni Scriba I, no. 89 (p. 48)",all profit to the capital provider
SCR-0089-C,RB1,capital-provider,Hoc debeo portare ad luum resicum laboralum apud Salernum et deinde uhi,"Giovanni Scriba I, no. 89 (p. 48)",peril clause
SCR-0089-C,RB4,1,Hoc debeo portare ad luum resicum laboralum apud Salernum et deinde uhi,"Giovanni Scriba I, no. 89 (p. 48)",capital at the investor's peril: the working party is discharged if it is lost (inference from the clause)
SCR-0089-C,PR1,0,Hoc debeo portare ad luum resicum laboralum apud Salernum et deinde uhi,"Giovanni Scriba I, no. 89 (p. 48)",peril allocated with no charge set for bearing it
SCR-0089-C,MC1,allocation,Hoc debeo portare ad luum resicum laboralum apud Salernum et deinde uhi,"Giovanni Scriba I, no. 89 (p. 48)",peril assigned to named parties by contract
SCR-0089-C,MB3,voluntary,Ego Ribaldus Castanea accepi a le Bigolo in comenda lio ne1U,"Giovanni Scriba I, no. 89 (p. 48)",entry by private contract
SCR-0105-C,TS2,single-venture,omn ia ad tuum resicum d ebeo portare Al ~ xandriam et inde q uo ivero,"Giovanni Scriba I, no. 105 (p. 56)","one voyage or venture, returning to the home port"
SCR-0105-C,CF1,1,"Testes W . d e !\la ri no, Ingo To rnellus, Oger Becius. Ego W . de Sauri accepi a le Ogerio scriba in comandacione mara","Giovanni Scriba I, no. 105 (p. 56)",capital from the investor side only; the other party works
SCR-0105-C,CF2,0,que omn ia ad tuum resicum d ebeo portare Al ~ xandriam et inde q uo,"Giovanni Scriba I, no. 105 (p. 56)",peril clause puts the investor's capital at the investor's peril
SCR-0105-C,CF3,bilateral,"Testes W . d e !\la ri no, Ingo To rnellus, Oger Becius. Ego W . de Sauri accepi a le Ogerio scriba in comandacione mara","Giovanni Scriba I, no. 105 (p. 56)",1 principal(s) named
SCR-0105-C,RB1,capital-provider,que omn ia ad tuum resicum d ebeo portare Al ~ xandriam et inde q uo,"Giovanni Scriba I, no. 105 (p. 56)",peril clause
SCR-0105-C,RB4,1,que omn ia ad tuum resicum d ebeo portare Al ~ xandriam et inde q uo,"Giovanni Scriba I, no. 105 (p. 56)",capital at the investor's peril: the working party is discharged if it is lost (inference from the clause)
SCR-0105-C,PR1,0,que omn ia ad tuum resicum d ebeo portare Al ~ xandriam et inde q uo,"Giovanni Scriba I, no. 105 (p. 56)",peril allocated with no charge set for bearing it
SCR-0105-C,MC1,allocation,que omn ia ad tuum resicum d ebeo portare Al ~ xandriam et inde q uo,"Giovanni Scriba I, no. 105 (p. 56)",peril assigned to named parties by contract
SCR-0105-C,MB3,voluntary,"Testes W . d e !\la ri no, Ingo To rnellus, Oger Becius. Ego W . de Sauri accepi a le Ogerio scriba in comandacione mara","Giovanni Scriba I, no. 105 (p. 56)",entry by private contract
SCR-0118-C,TS2,single-venture,qua ad t uum resicum deb eo portar e Alexan cl riam et impli care et r educere tibi ad t uum resicum,"Giovanni Scriba I, no. 118 (p. 62)","one voyage or venture, returning to the home port"
SCR-0118-C,CF1,1,"~- Testes An saldus Spinula , \ V. Sardena, Anselmus Sarden a, l oh annes Cap araia. Ego W . de Sauri accepi in com enda","Giovanni Scriba I, no. 118 (p. 62)",capital from the investor side only; the other party works
SCR-0118-C,CF2,0,qua ad t uum resicum deb eo portar e Alexan cl riam et impli,"Giovanni Scriba I, no. 118 (p. 62)",peril clause puts the investor's capital at the investor's peril
SCR-0118-C,CF3,bilateral,"~- Testes An saldus Spinula , \ V. Sardena, Anselmus Sarden a, l oh annes Cap araia. Ego W . de Sauri accepi in com enda","Giovanni Scriba I, no. 118 (p. 62)",1 principal(s) named
SCR-0118-C,RB1,capital-provider,qua ad t uum resicum deb eo portar e Alexan cl riam et impli,"Giovanni Scriba I, no. 118 (p. 62)",peril clause
SCR-0118-C,RB4,1,qua ad t uum resicum deb eo portar e Alexan cl riam et impli,"Giovanni Scriba I, no. 118 (p. 62)",capital at the investor's peril: the working party is discharged if it is lost (inference from the clause)
SCR-0118-C,PR1,0,qua ad t uum resicum deb eo portar e Alexan cl riam et impli,"Giovanni Scriba I, no. 118 (p. 62)",peril allocated with no charge set for bearing it
SCR-0118-C,MC1,allocation,qua ad t uum resicum deb eo portar e Alexan cl riam et impli,"Giovanni Scriba I, no. 118 (p. 62)",peril assigned to named parties by contract
SCR-0118-C,MB3,voluntary,"~- Testes An saldus Spinula , \ V. Sardena, Anselmus Sarden a, l oh annes Cap araia. Ego W . de Sauri accepi in com enda","Giovanni Scriba I, no. 118 (p. 62)",entry by private contract
SCR-0186-C,TS2,single-venture,"octo et solclos sccleci m , quas portare debeo laboratum quo ivero , quartam proficui inde haberc cleb","Giovanni Scriba I, no. 186 (p. 98)","one voyage or venture, returning to the home port"
SCR-0186-C,CF1,1,"Tesles Ribaldus de Saraphia , Johànnes Grancius, Merlo Guaracus, Ohertus <le civitate. Ego Alexander Torsellus con fìteo","Giovanni Scriba I, no. 186 (p. 98)",capital from the investor side only; the other party works
SCR-0186-C,CF3,bilateral,"Tesles Ribaldus de Saraphia , Johànnes Grancius, Merlo Guaracus, Ohertus <le civitate. Ego Alexander Torsellus con fìteo","Giovanni Scriba I, no. 186 (p. 98)",1 principal(s) named
SCR-0186-C,LR2,coupled,"sccleci m , quas portare debeo laboratum quo ivero , quartam proficui inde haberc cleb eo et fa cere","Giovanni Scriba I, no. 186 (p. 98)",working party takes a share of profit
SCR-0186-C,LR3,P,"sccleci m , quas portare debeo laboratum quo ivero , quartam proficui inde haberc cleb eo et fa cere","Giovanni Scriba I, no. 186 (p. 98)","profit shared by agreed fraction, not in proportion to capital stake"
SCR-0186-C,CI1,common,haberc cleb eo et fa cere inde expensas sicu t de aliis,"Giovanni Scriba I, no. 186 (p. 98)",capital invested or charged in common with other capital
SCR-0186-C,MB3,voluntary,"Tesles Ribaldus de Saraphia , Johànnes Grancius, Merlo Guaracus, Ohertus <le civitate. Ego Alexander Torsellus con fìteo","Giovanni Scriba I, no. 186 (p. 98)",entry by private contract
SCR-0241-C,TS2,single-venture,Hanc soc ielatem 1portare debet,"Giovanni Scriba I, no. 241 (p. 130)","one voyage or venture, returning to the home port"
SCR-0241-C,CF1,1,contraxerunt socielatem in quam Bonus Iohannes lb,"Giovanni Scriba I, no. 241 (p. 130)",capital from the investor side only; the other party works
SCR-0241-C,CF3,bilateral,contraxerunt socielatem in quam Bonus Iohannes lb,"Giovanni Scriba I, no. 241 (p. 130)",1 principal(s) named
SCR-0241-C,LR2,coupled,de quibus debet habere quartam proficui quc venire debet in lucrum superioris,"Giovanni Scriba I, no. 241 (p. 130)",working party takes a share of profit
SCR-0241-C,LR3,P,de quibus debet habere quartam proficui quc venire debet in lucrum superioris,"Giovanni Scriba I, no. 241 (p. 130)","profit shared by agreed fraction, not in proportion to capital stake"
SCR-0241-C,MB3,voluntary,contraxerunt socielatem in quam Bonus Iohannes lb,"Giovanni Scriba I, no. 241 (p. 130)",entry by private contract
SCR-0287-C,TS2,single-venture,Has portare deb eo la boratum P a lermum et incle quo ivero ve l mìttere,"Giovanni Scriba I, no. 287 (p. 153)","one voyage or venture, returning to the home port"
SCR-0287-C,CF1,1,"* Testes Oger Porcus, Ribalclus eius fraler , \7\1 • Com;par . Eg-o Gand u lfus de Goliçone profìteor me accepisse in co","Giovanni Scriba I, no. 287 (p. 153)",capital from the investor side only; the other party works
SCR-0287-C,CF2,0,Ad tuum resicum quicquid enim sunt vel erun t tibi esse,"Giovanni Scriba I, no. 287 (p. 153)",peril clause puts the investor's capital at the investor's peril
SCR-0287-C,CF3,bilateral,"* Testes Oger Porcus, Ribalclus eius fraler , \7\1 • Com;par . Eg-o Gand u lfus de Goliçone profìteor me accepisse in co","Giovanni Scriba I, no. 287 (p. 153)",1 principal(s) named
SCR-0287-C,LR2,veiled,quicquid enim sunt vel erun t tibi esse debent,"Giovanni Scriba I, no. 287 (p. 153)",working party takes no share of profit
SCR-0287-C,LR3,1,quicquid enim sunt vel erun t tibi esse debent,"Giovanni Scriba I, no. 287 (p. 153)",all profit to the capital provider
SCR-0287-C,RB1,capital-provider,Ad tuum resicum quicquid enim sunt vel erun t tibi esse,"Giovanni Scriba I, no. 287 (p. 153)",peril clause
SCR-0287-C,RB4,1,Ad tuum resicum quicquid enim sunt vel erun t tibi esse,"Giovanni Scriba I, no. 287 (p. 153)",capital at the investor's peril: the working party is discharged if it is lost (inference from the clause)
SCR-0287-C,PR1,0,Ad tuum resicum quicquid enim sunt vel erun t tibi esse,"Giovanni Scriba I, no. 287 (p. 153)",peril allocated with no charge set for bearing it
SCR-0287-C,MC1,allocation,Ad tuum resicum quicquid enim sunt vel erun t tibi esse,"Giovanni Scriba I, no. 287 (p. 153)",peril assigned to named parties by contract
SCR-0287-C,MB3,voluntary,"* Testes Oger Porcus, Ribalclus eius fraler , \7\1 • Com;par . Eg-o Gand u lfus de Goliçone profìteor me accepisse in co","Giovanni Scriba I, no. 287 (p. 153)",entry by private contract
SCR-0747-C,TS2,single-venture,"quas laboratum debet portare quo iverit , expendere debent per libràrrì sed","Giovanni Scriba I, no. 747 (p. 402)","one voyage or venture, returning to the home port"
SCR-0747-C,CF1,1,Professus e&t Opiço quod in co:mniendacìonem susceipiL ab Ot<>ne iudice de castro,"Giovanni Scriba I, no. 747 (p. 402)",capital from the investor side only; the other party works
SCR-0747-C,CF3,bilateral,Professus e&t Opiço quod in co:mniendacìonem susceipiL ab Ot<>ne iudice de castro,"Giovanni Scriba I, no. 747 (p. 402)",1 principal(s) named
SCR-0747-C,LR2,veiled,lucrum omn em d ebet esse ipsius Otonis,"Giovanni Scriba I, no. 747 (p. 402)",working party takes no share of profit
SCR-0747-C,LR3,1,lucrum omn em d ebet esse ipsius Otonis,"Giovanni Scriba I, no. 747 (p. 402)",all profit to the capital provider
SCR-0747-C,MB3,voluntary,Professus e&t Opiço quod in co:mniendacìonem susceipiL ab Ot<>ne iudice de castro,"Giovanni Scriba I, no. 747 (p. 402)",entry by private contract
SCR-0012-S,TS2,single-venture,"confessi quas omnes Aucellus (clebel) portare laboratum Salernum vel ex hi nc apud Scici liam, habiturus m","Giovanni Scriba I, no. 12 (p. 6)","one voyage or venture, returning to the home port"
SCR-0012-S,CF1,P,"Oberlus Csusmaris, Lambertus Grillus, Olo Philippi (de castro fìlius). Otobonus et Aucellus quondaro Tohannis Menaguerre","Giovanni Scriba I, no. 12 (p. 6)",both sides contribute capital; one side travels or works
SCR-0012-S,CF3,bilateral,"Oberlus Csusmaris, Lambertus Grillus, Olo Philippi (de castro fìlius). Otobonus et Aucellus quondaro Tohannis Menaguerre","Giovanni Scriba I, no. 12 (p. 6)",1 principal(s) named
SCR-0012-S,LR2,coupled,"laboratum Salernum vel ex hi nc apud Scici liam, habiturus m edielatem profìcui quod ibi declcrit Dcus","Giovanni Scriba I, no. 12 (p. 6)",working party takes a share of profit
SCR-0012-S,LR3,P,"laboratum Salernum vel ex hi nc apud Scici liam, habiturus m edielatem profìcui quod ibi declcrit Dcus","Giovanni Scriba I, no. 12 (p. 6)","profit shared by agreed fraction, not in proportion to capital stake"
SCR-0012-S,LR6,symmetric,"Oberlus Csusmaris, Lambertus Grillus, Olo Philippi (de castro fìlius). Otobonus et Aucellus quondaro Tohannis Menaguerre","Giovanni Scriba I, no. 12 (p. 6)","exposed to losses on his own contribution or by guarantee of capital, and shares gains"
SCR-0012-S,CI1,common,"Oberlus Csusmaris, Lambertus Grillus, Olo Philippi (de castro fìlius). Otobonus et Aucellus quondaro Tohannis Menaguerre","Giovanni Scriba I, no. 12 (p. 6)",contributions merged in one stock
SCR-0012-S,MB3,voluntary,"Oberlus Csusmaris, Lambertus Grillus, Olo Philippi (de castro fìlius). Otobonus et Aucellus quondaro Tohannis Menaguerre","Giovanni Scriba I, no. 12 (p. 6)",entry by private contract
SCR-0059-S,TS2,single-venture,"nominalus Ido lnboratum clebel portare Du çeam cl ex hin c uhi ,·oluerit in reditu utriusq ue capitali","Giovanni Scriba I, no. 59 (p. 32)","one voyage or venture, returning to the home port"
SCR-0059-S,CF1,P,librarum in qua quidem duas pa rtes Wuilielmum Buro nem cl terciam Tclonem contuli s e,"Giovanni Scriba I, no. 59 (p. 32)",both sides contribute capital; one side travels or works
SCR-0059-S,CF3,bilateral,conlrax.isse ducenta rum librarum in qua quidem duas pa rtes Wuilielmum Buro nem cl,"Giovanni Scriba I, no. 59 (p. 32)",1 principal(s) named
SCR-0059-S,LR2,coupled,reditu utriusq ue capitali exlracto pro fìcuum d ebenl per m edium diviclere,"Giovanni Scriba I, no. 59 (p. 32)",working party takes a share of profit
SCR-0059-S,LR3,P,reditu utriusq ue capitali exlracto pro fìcuum d ebenl per m edium diviclere,"Giovanni Scriba I, no. 59 (p. 32)","profit shared by agreed fraction, not in proportion to capital stake"
SCR-0059-S,LR6,symmetric,librarum in qua quidem duas pa rtes Wuilielmum Buro nem cl terciam Tclonem contuli s e,"Giovanni Scriba I, no. 59 (p. 32)","exposed to losses on his own contribution or by guarantee of capital, and shares gains"
SCR-0059-S,CI1,common,librarum in qua quidem duas pa rtes Wuilielmum Buro nem cl terciam Tclonem contuli s e,"Giovanni Scriba I, no. 59 (p. 32)",contributions merged in one stock
SCR-0059-S,MB3,voluntary,conlrax.isse ducenta rum librarum in qua quidem duas pa rtes Wuilielmum Buro nem cl,"Giovanni Scriba I, no. 59 (p. 32)",entry by private contract
SCR-0097-S,TS2,single-venture,Han c omn em socielatem laboralum portare debet ipse Ido in galeis Amigonis et fralrum apud Roman,"Giovanni Scriba I, no. 97 (p. 51)","one voyage or venture, returning to the home port"
SCR-0097-S,CF1,P,Buronu s contulit lb,"Giovanni Scriba I, no. 97 (p. 51)",both sides contribute capital; one side travels or works
SCR-0097-S,CF3,bilateral,contraxerunl socielalem in qua 'V,"Giovanni Scriba I, no. 97 (p. 51)",1 principal(s) named
SCR-0097-S,LR2,coupled,"haberet si efficeretur h om o imperatoris d e h omine, ,p er m ed ium dividere <lebent","Giovanni Scriba I, no. 97 (p. 51)",working party takes a share of profit
SCR-0097-S,LR3,P,"haberet si efficeretur h om o imperatoris d e h omine, ,p er m ed ium dividere <lebent","Giovanni Scriba I, no. 97 (p. 51)","profit shared by agreed fraction, not in proportion to capital stake"
SCR-0097-S,LR6,symmetric,Buronu s contulit lb,"Giovanni Scriba I, no. 97 (p. 51)","exposed to losses on his own contribution or by guarantee of capital, and shares gains"
SCR-0097-S,CI1,common,Buronu s contulit lb,"Giovanni Scriba I, no. 97 (p. 51)",contributions merged in one stock
SCR-0097-S,MB3,voluntary,contraxerunl socielalem in qua 'V,"Giovanni Scriba I, no. 97 (p. 51)",entry by private contract
SCR-0115-S,TS2,single-venture,"Johann is Christhiani , h as debet porta re laboralum in Sciciliam et exinde venire Ianuam , de omni pro","Giovanni Scriba I, no. 115 (p. 61)","one voyage or venture, returning to the home port"
SCR-0115-S,CF1,1,d ederunl lb,"Giovanni Scriba I, no. 115 (p. 61)",capital from the investor side only; the other party works
SCR-0115-S,CF3,multilateral,d ederunl lb,"Giovanni Scriba I, no. 115 (p. 61)",2 principal(s) named
SCR-0115-S,LR2,coupled,"Sciciliam et exinde venire Ianuam , de omni pro ficuo quarlam habere debct","Giovanni Scriba I, no. 115 (p. 61)",working party takes a share of profit
SCR-0115-S,LR3,P,"Sciciliam et exinde venire Ianuam , de omni pro ficuo quarlam habere debct","Giovanni Scriba I, no. 115 (p. 61)","profit shared by agreed fraction, not in proportion to capital stake"
SCR-0115-S,MB3,voluntary,d ederunl lb,"Giovanni Scriba I, no. 115 (p. 61)",entry by private contract
SCR-0126-S,TS2,single-venture,Hap c omnem soc!etatem porta re dcbct laboralum ipse Matheus apud Sataliam et,"Giovanni Scriba I, no. 126 (p. 66)","one voyage or venture, returning to the home port"
SCR-0126-S,CF1,P,in guani quisque eorum contulit terciam,"Giovanni Scriba I, no. 126 (p. 66)",both sides contribute capital; one side travels or works
SCR-0126-S,CF3,multilateral,fecerunt socielalem lb,"Giovanni Scriba I, no. 126 (p. 66)",2 principal(s) named
SCR-0126-S,LR2,coupled,"reditu, uniuscuiusquc capitali extracto, profìcuum per m ediu m dividere dcbent","Giovanni Scriba I, no. 126 (p. 66)",working party takes a share of profit
SCR-0126-S,LR3,P,"reditu, uniuscuiusquc capitali extracto, profìcuum per m ediu m dividere dcbent","Giovanni Scriba I, no. 126 (p. 66)","profit shared by agreed fraction, not in proportion to capital stake"
SCR-0126-S,LR6,symmetric,in guani quisque eorum contulit terciam,"Giovanni Scriba I, no. 126 (p. 66)","exposed to losses on his own contribution or by guarantee of capital, and shares gains"
SCR-0126-S,CI1,common,in guani quisque eorum contulit terciam,"Giovanni Scriba I, no. 126 (p. 66)",contributions merged in one stock
SCR-0126-S,MB3,voluntary,fecerunt socielalem lb,"Giovanni Scriba I, no. 126 (p. 66)",entry by private contract
SCR-0130-S,TS2,single-venture,De ista compagnia porlal laboratum Clarilaula lb,"Giovanni Scriba I, no. 130 (p. 68)","one voyage or venture, returning to the home port"
SCR-0130-S,CF1,P,"em nongenla rum librarum in q uam, Wuilìelmus Buronus contul it lb","Giovanni Scriba I, no. 130 (p. 68)",both sides contribute capital; one side travels or works
SCR-0130-S,CF3,bilateral,conlraxisse societat,"Giovanni Scriba I, no. 130 (p. 68)",1 principal(s) named
SCR-0130-S,LR2,coupled,"reclitu , capitali diviso , profìcuum debent d ividere per medium","Giovanni Scriba I, no. 130 (p. 68)",working party takes a share of profit
SCR-0130-S,LR3,P,"reclitu , capitali diviso , profìcuum debent d ividere per medium","Giovanni Scriba I, no. 130 (p. 68)","profit shared by agreed fraction, not in proportion to capital stake"
SCR-0130-S,LR6,symmetric,"em nongenla rum librarum in q uam, Wuilìelmus Buronus contul it lb","Giovanni Scriba I, no. 130 (p. 68)","exposed to losses on his own contribution or by guarantee of capital, and shares gains"
SCR-0130-S,CI1,common,"em nongenla rum librarum in q uam, Wuilìelmus Buronus contul it lb","Giovanni Scriba I, no. 130 (p. 68)",contributions merged in one stock
SCR-0130-S,MB3,voluntary,conlraxisse societat,"Giovanni Scriba I, no. 130 (p. 68)",entry by private contract
SCR-0141-S,TS2,single-venture,tum portare debcl' antefatu s Ogerius apud ~faiori ca m (4) et inde quo,"Giovanni Scriba I, no. 141 (p. 73)","one voyage or venture, returning to the home port"
SCR-0141-S,CF1,P,contraxcrunt societaleµi,"Giovanni Scriba I, no. 141 (p. 73)",both sides contribute capital; one side travels or works
SCR-0141-S,CF3,multilateral,contraxcrunt societaleµi,"Giovanni Scriba I, no. 141 (p. 73)",2 principal(s) named
SCR-0141-S,LR2,coupled,"Arad elli , de quibus expen sas per libram et q uartam proficu i earum i11 ocietatis proficu um","Giovanni Scriba I, no. 141 (p. 73)",working party takes a share of profit
SCR-0141-S,LR3,P,"Arad elli , de quibus expen sas per libram et q uartam proficu i earum i11 ocietatis proficu um","Giovanni Scriba I, no. 141 (p. 73)","profit shared by agreed fraction, not in proportion to capital stake"
SCR-0141-S,LR6,symmetric,contraxcrunt societaleµi,"Giovanni Scriba I, no. 141 (p. 73)","exposed to losses on his own contribution or by guarantee of capital, and shares gains"
SCR-0141-S,CI1,common,contraxcrunt societaleµi,"Giovanni Scriba I, no. 141 (p. 73)",contributions merged in one stock
SCR-0141-S,MB3,voluntary,contraxcrunt societaleµi,"Giovanni Scriba I, no. 141 (p. 73)",entry by private contract
SCR-0181-S,TS2,single-venture,"Rane omneµi societalem laboratum portare debet Baldo Pulpus laboratum quo voluerit (3), in redi","Giovanni Scriba I, no. 181 (p. 96)","one voyage or venture, returning to the home port"
SCR-0181-S,CF1,P,iposuisse quarum to tum proficuum debet,"Giovanni Scriba I, no. 181 (p. 96)",both sides contribute capital; one side travels or works
SCR-0181-S,CF3,bilateral,professi sunt se societatem contraxisse in qua W,"Giovanni Scriba I, no. 181 (p. 96)",1 principal(s) named
SCR-0181-S,LR2,coupled,iposuisse quarum to tum proficuum debet esse suum preter quartam que debet reverti in societatem ilpsam (2),"Giovanni Scriba I, no. 181 (p. 96)",working party takes a share of profit
SCR-0181-S,LR3,P,iposuisse quarum to tum proficuum debet esse suum preter quartam que debet reverti in societatem ilpsam (2),"Giovanni Scriba I, no. 181 (p. 96)","profit shared by agreed fraction, not in proportion to capital stake"
SCR-0181-S,LR6,symmetric,iposuisse quarum to tum proficuum debet,"Giovanni Scriba I, no. 181 (p. 96)","exposed to losses on his own contribution or by guarantee of capital, and shares gains"
SCR-0181-S,CI1,common,iposuisse quarum to tum proficuum debet,"Giovanni Scriba I, no. 181 (p. 96)",contributions merged in one stock
SCR-0181-S,MB3,voluntary,professi sunt se societatem contraxisse in qua W,"Giovanni Scriba I, no. 181 (p. 96)",entry by private contract
SCR-0201-S,CF1,P,Ego 'lach acius porto libras centum septuag inta quatuor lucensium in his sunt lb,"Giovanni Scriba I, no. 201 (p. 106)",both sides contribute capital; one side travels or works
SCR-0201-S,CF3,bilateral,Ego 'lach acius porto libras centum septuag inta quatuor lucensium in his sunt lb,"Giovanni Scriba I, no. 201 (p. 106)",1 principal(s) named
SCR-0201-S,LR2,coupled,"debet h a bere proficuum secundum qu od ad racion em aliarum lucrabuntur, d e qui bus promilto","Giovanni Scriba I, no. 201 (p. 106)",working party takes a share of profit
SCR-0201-S,LR3,1,"debet h a bere proficuum secundum qu od ad racion em aliarum lucrabuntur, d e qui bus promilto","Giovanni Scriba I, no. 201 (p. 106)",profit shared in proportion to capital
SCR-0201-S,LR6,symmetric,Ego 'lach acius porto libras centum septuag inta quatuor lucensium in his sunt lb,"Giovanni Scriba I, no. 201 (p. 106)","exposed to losses on his own contribution or by guarantee of capital, and shares gains"
SCR-0201-S,CI1,common,Ego 'lach acius porto libras centum septuag inta quatuor lucensium in his sunt lb,"Giovanni Scriba I, no. 201 (p. 106)",contributions merged in one stock
SCR-0201-S,MB3,voluntary,Ego 'lach acius porto libras centum septuag inta quatuor lucensium in his sunt lb,"Giovanni Scriba I, no. 201 (p. 106)",entry by private contract
SCR-0209-S,TS2,single-venture,"uar tam 1pro!ìr11i , eas deb co portar e laboralum ult ra mare et inde quo volucro , in reditu , (n tiren","Giovanni Scriba I, no. 209 (p. 110)","one voyage or venture, returning to the home port"
SCR-0209-S,CF1,1,"""' Testes Anselmus de \.afo ra. Albertu s de Volta, \V . Capdo rgol, Corsus Serre. Anp-clo lu!>. Tng-o Noncencius. E,zo ","Giovanni Scriba I, no. 209 (p. 110)",capital from the investor side only; the other party works
SCR-0209-S,CF3,bilateral,"""' Testes Anselmus de \.afo ra. Albertu s de Volta, \V . Capdo rgol, Corsus Serre. Anp-clo lu!>. Tng-o Noncencius. E,zo ","Giovanni Scriba I, no. 209 (p. 110)",1 principal(s) named
SCR-0209-S,LR2,coupled,"tin i1orictatem ad q uar tam 1pro!ìr11i , eas deb co portar e laboralum","Giovanni Scriba I, no. 209 (p. 110)",working party takes a share of profit
SCR-0209-S,LR3,P,"tin i1orictatem ad q uar tam 1pro!ìr11i , eas deb co portar e laboralum","Giovanni Scriba I, no. 209 (p. 110)","profit shared by agreed fraction, not in proportion to capital stake"
SCR-0209-S,MB3,voluntary,"""' Testes Anselmus de \.afo ra. Albertu s de Volta, \V . Capdo rgol, Corsus Serre. Anp-clo lu!>. Tng-o Noncencius. E,zo ","Giovanni Scriba I, no. 209 (p. 110)",entry by private contract
SCR-0211-S,TS2,single-venture,Wuilielmus Tral'landus debet ire lahoratum quo voluerit excepto in Romaniam et ·ab Alexandria ultramare,"Giovanni Scriba I, no. 211 (p. 111)","one voyage or venture, returning to the home port"
SCR-0211-S,CF1,P,Professus est preterea prefatus Marchio quod filius predicti Wuilielmi Trallandi,"Giovanni Scriba I, no. 211 (p. 111)",both sides contribute capital; one side travels or works
SCR-0211-S,CF3,bilateral,Professus est preterea prefatus Marchio quod filius predicti Wuilielmi Trallandi,"Giovanni Scriba I, no. 211 (p. 111)",1 principal(s) named
SCR-0211-S,LR2,coupled,ivisionem et cap itali extracto profìcuum debent dividere per medium,"Giovanni Scriba I, no. 211 (p. 111)",working party takes a share of profit
SCR-0211-S,LR3,P,ivisionem et cap itali extracto profìcuum debent dividere per medium,"Giovanni Scriba I, no. 211 (p. 111)","profit shared by agreed fraction, not in proportion to capital stake"
SCR-0211-S,LR6,symmetric,Professus est preterea prefatus Marchio quod filius predicti Wuilielmi Trallandi,"Giovanni Scriba I, no. 211 (p. 111)","exposed to losses on his own contribution or by guarantee of capital, and shares gains"
SCR-0211-S,CI1,common,Professus est preterea prefatus Marchio quod filius predicti Wuilielmi Trallandi,"Giovanni Scriba I, no. 211 (p. 111)",contributions merged in one stock
SCR-0211-S,MB3,voluntary,Professus est preterea prefatus Marchio quod filius predicti Wuilielmi Trallandi,"Giovanni Scriba I, no. 211 (p. 111)",entry by private contract
SCR-0211-S,LP2,P,abeat mittere Ianuam de rebus ipsius societatis nominalo Marchioni quas,"Giovanni Scriba I, no. 211 (p. 111)",goods spoken of as the societas's own; title not addressed
SCR-0220-S,TS2,single-venture,socielatem nominatus Oger debet portare laboratum ultra mare et inde Alexanddam vel Ianuarri et ab Alexandria,"Giovanni Scriba I, no. 220 (p. 117)","one voyage or venture, returning to the home port"
SCR-0220-S,CF1,P,conlraxisse societalem in quam eorum allerutra 1professione Pelrus lb,"Giovanni Scriba I, no. 220 (p. 117)",both sides contribute capital; one side travels or works
SCR-0220-S,CF3,bilateral,conlraxisse societalem in quam eorum allerutra 1professione Pelrus lb,"Giovanni Scriba I, no. 220 (p. 117)",1 principal(s) named
SCR-0220-S,LR2,coupled,utriusque caipilali extracto proficuum d ebet dividere per m ed ium,"Giovanni Scriba I, no. 220 (p. 117)",working party takes a share of profit
SCR-0220-S,LR3,P,utriusque caipilali extracto proficuum d ebet dividere per m ed ium,"Giovanni Scriba I, no. 220 (p. 117)","profit shared by agreed fraction, not in proportion to capital stake"
SCR-0220-S,LR6,symmetric,conlraxisse societalem in quam eorum allerutra 1professione Pelrus lb,"Giovanni Scriba I, no. 220 (p. 117)","exposed to losses on his own contribution or by guarantee of capital, and shares gains"
SCR-0220-S,CI1,common,conlraxisse societalem in quam eorum allerutra 1professione Pelrus lb,"Giovanni Scriba I, no. 220 (p. 117)",contributions merged in one stock
SCR-0220-S,MB3,voluntary,conlraxisse societalem in quam eorum allerutra 1professione Pelrus lb,"Giovanni Scriba I, no. 220 (p. 117)",entry by private contract
SCR-0241-S,TS2,single-venture,Hanc soc ielatem 1portare debet,"Giovanni Scriba I, no. 241 (p. 130)","one voyage or venture, returning to the home port"
SCR-0241-S,CF1,P,contulit. Hanc soc ielatem 1portare debet,"Giovanni Scriba I, no. 241 (p. 130)",both sides contribute capital; one side travels or works
SCR-0241-S,CF3,bilateral,contraxerunt socielatem in quam Bonus Iohannes lb,"Giovanni Scriba I, no. 241 (p. 130)",1 principal(s) named
SCR-0241-S,LR2,coupled,de quibus debet habere quartam proficui quc venire debet in lucrum superioris,"Giovanni Scriba I, no. 241 (p. 130)",working party takes a share of profit
SCR-0241-S,LR3,P,de quibus debet habere quartam proficui quc venire debet in lucrum superioris,"Giovanni Scriba I, no. 241 (p. 130)","profit shared by agreed fraction, not in proportion to capital stake"
SCR-0241-S,LR6,symmetric,contulit. Hanc soc ielatem 1portare debet,"Giovanni Scriba I, no. 241 (p. 130)","exposed to losses on his own contribution or by guarantee of capital, and shares gains"
SCR-0241-S,CI1,common,contulit. Hanc soc ielatem 1portare debet,"Giovanni Scriba I, no. 241 (p. 130)",contributions merged in one stock
SCR-0241-S,MB3,voluntary,contraxerunt socielatem in quam Bonus Iohannes lb,"Giovanni Scriba I, no. 241 (p. 130)",entry by private contract
SCR-0254-S,TS2,single-venture,Han c omn em societatem lahoratum portare deb et Fulco Buferius a,"Giovanni Scriba I, no. 254 (p. 137)","one voyage or venture, returning to the home port"
SCR-0254-S,CF1,P,quinquagin ta contulit. Han c omn em societatem lahoratum portare deb et Fulco Buferius a,"Giovanni Scriba I, no. 254 (p. 137)",both sides contribute capital; one side travels or works
SCR-0254-S,CF3,bilateral,conlraxerunt societatem in quam ex eorum mutua professione· Oberlus de Bo nothoma lb,"Giovanni Scriba I, no. 254 (p. 137)",1 principal(s) named
SCR-0254-S,CI1,common,quinquagin ta contulit. Han c omn em societatem lahoratum portare deb et Fulco Buferius a,"Giovanni Scriba I, no. 254 (p. 137)",contributions merged in one stock
SCR-0254-S,MB3,voluntary,conlraxerunt societatem in quam ex eorum mutua professione· Oberlus de Bo nothoma lb,"Giovanni Scriba I, no. 254 (p. 137)",entry by private contract
SCR-0259-S,TS2,single-venture,"Has Ioh annes predictus laboratum portare d ebet Sciciliam et inde lanuam , in reditu in potestatem","Giovanni Scriba I, no. 259 (p. 140)","one voyage or venture, returning to the home port"
SCR-0259-S,CF1,P,vigintisex contulil. Has Ioh annes predictus laboratum,"Giovanni Scriba I, no. 259 (p. 140)",both sides contribute capital; one side travels or works
SCR-0259-S,CF3,bilateral,contraxerunt societatem in quam W,"Giovanni Scriba I, no. 259 (p. 140)",1 principal(s) named
SCR-0259-S,LR2,coupled,"uilielmi venire d ebet, tracto capitali pro fìcuum per medium div!dere per m edium","Giovanni Scriba I, no. 259 (p. 140)",working party takes a share of profit
SCR-0259-S,LR3,P,"uilielmi venire d ebet, tracto capitali pro fìcuum per medium div!dere per m edium","Giovanni Scriba I, no. 259 (p. 140)","profit shared by agreed fraction, not in proportion to capital stake"
SCR-0259-S,LR6,symmetric,vigintisex contulil. Has Ioh annes predictus laboratum,"Giovanni Scriba I, no. 259 (p. 140)","exposed to losses on his own contribution or by guarantee of capital, and shares gains"
SCR-0259-S,CI1,common,vigintisex contulil. Has Ioh annes predictus laboratum,"Giovanni Scriba I, no. 259 (p. 140)",contributions merged in one stock
SCR-0259-S,MB3,voluntary,contraxerunt societatem in quam W,"Giovanni Scriba I, no. 259 (p. 140)",entry by private contract
SCR-0275-S,TS2,single-venture,-et quocl ipse Ohertu111 laboratum portat inde lb,"Giovanni Scriba I, no. 275 (p. 148)","one voyage or venture, returning to the home port"
SCR-0275-S,CF1,P,contulerunt et prelerea confessus est ipse,"Giovanni Scriba I, no. 275 (p. 148)",both sides contribute capital; one side travels or works
SCR-0275-S,CF3,multilateral,professi sunt •1uo<l olim societalem con traxerunt in qua nominatus Obertus lb,"Giovanni Scriba I, no. 275 (p. 148)",2 principal(s) named
SCR-0275-S,LR2,coupled,"reverti debet, de omni proficuo cuius societa tis medietas ipsius Obert i et al ia eorum esse debet (3)","Giovanni Scriba I, no. 275 (p. 148)",working party takes a share of profit
SCR-0275-S,LR3,P,"reverti debet, de omni proficuo cuius societa tis medietas ipsius Obert i et al ia eorum esse debet (3)","Giovanni Scriba I, no. 275 (p. 148)","profit shared by agreed fraction, not in proportion to capital stake"
SCR-0275-S,LR6,symmetric,contulerunt et prelerea confessus est ipse,"Giovanni Scriba I, no. 275 (p. 148)","exposed to losses on his own contribution or by guarantee of capital, and shares gains"
SCR-0275-S,CI1,common,contulerunt et prelerea confessus est ipse,"Giovanni Scriba I, no. 275 (p. 148)",contributions merged in one stock
SCR-0275-S,MB3,voluntary,professi sunt •1uo<l olim societalem con traxerunt in qua nominatus Obertus lb,"Giovanni Scriba I, no. 275 (p. 148)",entry by private contract
SCR-0283-S,TS2,single-venture,"Hanc laboratum Sciciliam ipse Obertus et inde Ianuam, in reditu tracto capitali","Giovanni Scriba I, no. 283 (p. 151)","one voyage or venture, returning to the home port"
SCR-0283-S,CF1,P,contraxerunt socielatem in quam Ansaldus lb,"Giovanni Scriba I, no. 283 (p. 151)",both sides contribute capital; one side travels or works
SCR-0283-S,CF3,bilateral,contraxerunt socielatem in quam Ansaldus lb,"Giovanni Scriba I, no. 283 (p. 151)",1 principal(s) named
SCR-0283-S,LR2,coupled,"in reditu tracto capitali proficuum debent dividere per m edium, duodecini soldis Ansaldi quos ibi ultra","Giovanni Scriba I, no. 283 (p. 151)",working party takes a share of profit
SCR-0283-S,LR3,P,"in reditu tracto capitali proficuum debent dividere per m edium, duodecini soldis Ansaldi quos ibi ultra","Giovanni Scriba I, no. 283 (p. 151)","profit shared by agreed fraction, not in proportion to capital stake"
SCR-0283-S,LR6,symmetric,contraxerunt socielatem in quam Ansaldus lb,"Giovanni Scriba I, no. 283 (p. 151)","exposed to losses on his own contribution or by guarantee of capital, and shares gains"
SCR-0283-S,CI1,common,contraxerunt socielatem in quam Ansaldus lb,"Giovanni Scriba I, no. 283 (p. 151)",contributions merged in one stock
SCR-0283-S,MB3,voluntary,contraxerunt socielatem in quam Ansaldus lb,"Giovanni Scriba I, no. 283 (p. 151)",entry by private contract
SCR-0290-S,TS2,single-venture,"Hanc omnem Valenciam laboralum a mbo et quo volu erinl , in reditu capita li traclo pro lìcuum","Giovanni Scriba I, no. 290 (p. 155)","one voyage or venture, returning to the home port"
SCR-0290-S,CF1,P,professi sunt se contraxissc socielalem i,"Giovanni Scriba I, no. 290 (p. 155)",both sides contribute capital; one side travels or works
SCR-0290-S,CF3,multilateral,professi sunt se contraxissc socielalem i,"Giovanni Scriba I, no. 290 (p. 155)",2 principal(s) named
SCR-0290-S,LR2,coupled,"volu erinl , in reditu capita li traclo pro lìcuum per medium","Giovanni Scriba I, no. 290 (p. 155)",working party takes a share of profit
SCR-0290-S,LR3,P,"volu erinl , in reditu capita li traclo pro lìcuum per medium","Giovanni Scriba I, no. 290 (p. 155)","profit shared by agreed fraction, not in proportion to capital stake"
SCR-0290-S,LR6,symmetric,professi sunt se contraxissc socielalem i,"Giovanni Scriba I, no. 290 (p. 155)","exposed to losses on his own contribution or by guarantee of capital, and shares gains"
SCR-0290-S,CI1,common,professi sunt se contraxissc socielalem i,"Giovanni Scriba I, no. 290 (p. 155)",contributions merged in one stock
SCR-0290-S,MB3,voluntary,professi sunt se contraxissc socielalem i,"Giovanni Scriba I, no. 290 (p. 155)",entry by private contract
SCR-0324-S,TS2,fixed-term,usque .v. annos,"Giovanni Scriba I, no. 324 (p. 171)",from the duration clause
SCR-0324-S,CF1,P,et Guido contulit lb,"Giovanni Scriba I, no. 324 (p. 171)",both sides contribute capital; one side travels or works
SCR-0324-S,CF3,bilateral,"oontraxeruni societatem, in quaµi Iterius lb","Giovanni Scriba I, no. 324 (p. 171)",1 principal(s) named
SCR-0324-S,LR2,coupled,fraude et de proficuo quod in eis Doµiinus dederit quartam habere debet Iterius et tres partes prefatus,"Giovanni Scriba I, no. 324 (p. 171)",working party takes a share of profit
SCR-0324-S,LR3,P,fraude et de proficuo quod in eis Doµiinus dederit quartam habere debet Iterius et tres partes prefatus,"Giovanni Scriba I, no. 324 (p. 171)","profit shared by agreed fraction, not in proportion to capital stake"
SCR-0324-S,LR6,symmetric,et Guido contulit lb,"Giovanni Scriba I, no. 324 (p. 171)","exposed to losses on his own contribution or by guarantee of capital, and shares gains"
SCR-0324-S,CI1,common,et Guido contulit lb,"Giovanni Scriba I, no. 324 (p. 171)",contributions merged in one stock
SCR-0324-S,MB3,voluntary,"oontraxeruni societatem, in quaµi Iterius lb","Giovanni Scriba I, no. 324 (p. 171)",entry by private contract
SCR-0337-S,TS2,single-venture,esulanum et quo voluerit Homodeus laboratum 1 in reditu capitali tractu proficuum ·per medium,"Giovanni Scriba I, no. 337 (p. 177)","one voyage or venture, returning to the home port"
SCR-0337-S,CF1,P,societatem contraxerunt in quam ille lh,"Giovanni Scriba I, no. 337 (p. 177)",both sides contribute capital; one side travels or works
SCR-0337-S,CF3,multilateral,societatem contraxerunt in quam ille lh,"Giovanni Scriba I, no. 337 (p. 177)",2 principal(s) named
SCR-0337-S,LR2,coupled,eius Bonivassalli portare que lucrari per libram et quartam :lucri in societatem,"Giovanni Scriba I, no. 337 (p. 177)",working party takes a share of profit
SCR-0337-S,LR3,P,eius Bonivassalli portare que lucrari per libram et quartam :lucri in societatem,"Giovanni Scriba I, no. 337 (p. 177)","profit shared by agreed fraction, not in proportion to capital stake"
SCR-0337-S,LR6,symmetric,societatem contraxerunt in quam ille lh,"Giovanni Scriba I, no. 337 (p. 177)","exposed to losses on his own contribution or by guarantee of capital, and shares gains"
SCR-0337-S,CI1,common,societatem contraxerunt in quam ille lh,"Giovanni Scriba I, no. 337 (p. 177)",contributions merged in one stock
SCR-0337-S,MB3,voluntary,societatem contraxerunt in quam ille lh,"Giovanni Scriba I, no. 337 (p. 177)",entry by private contract
SCR-0347-S,TS2,single-venture,"apud Sanctum Egid ium laboratum, inde Ianuam vel quo galeotus iverit, in reditu capitali tracto","Giovanni Scriba I, no. 347 (p. 182)","one voyage or venture, returning to the home port"
SCR-0347-S,CF1,P,fecerunt societatem in quam W,"Giovanni Scriba I, no. 347 (p. 182)",both sides contribute capital; one side travels or works
SCR-0347-S,CF3,bilateral,fecerunt societatem in quam W,"Giovanni Scriba I, no. 347 (p. 182)",1 principal(s) named
SCR-0347-S,LR2,coupled,"galeotus iverit, in reditu capitali tracto profìcuum per rriedlum","Giovanni Scriba I, no. 347 (p. 182)",working party takes a share of profit
SCR-0347-S,LR3,P,"galeotus iverit, in reditu capitali tracto profìcuum per rriedlum","Giovanni Scriba I, no. 347 (p. 182)","profit shared by agreed fraction, not in proportion to capital stake"
SCR-0347-S,LR6,symmetric,fecerunt societatem in quam W,"Giovanni Scriba I, no. 347 (p. 182)","exposed to losses on his own contribution or by guarantee of capital, and shares gains"
SCR-0347-S,CI1,common,fecerunt societatem in quam W,"Giovanni Scriba I, no. 347 (p. 182)",contributions merged in one stock
SCR-0347-S,MB3,voluntary,fecerunt societatem in quam W,"Giovanni Scriba I, no. 347 (p. 182)",entry by private contract
SCR-0355-S,TS2,fixed-term,usq'ue proximum festum sancti l\lichaelis,"Giovanni Scriba I, no. 355 (p. 185)",from the duration clause
SCR-0355-S,CF1,1,Ego Petrus de Ve:ndeci accepi a te Iohanne d,"Giovanni Scriba I, no. 355 (p. 185)",capital from the investor side only; the other party works
SCR-0355-S,CF2,1,Capitale tuum super me sàlvuni erit,"Giovanni Scriba I, no. 355 (p. 185)",unconditional promise by the working party to return the whole capital
SCR-0355-S,CF3,bilateral,Ego Petrus de Ve:ndeci accepi a te Iohanne d,"Giovanni Scriba I, no. 355 (p. 185)",1 principal(s) named
SCR-0355-S,LR2,coupled,de proficuo quod inde consequitur (1) med1etatem tibi dabo,"Giovanni Scriba I, no. 355 (p. 185)",working party takes a share of profit
SCR-0355-S,LR3,P,de proficuo quod inde consequitur (1) med1etatem tibi dabo,"Giovanni Scriba I, no. 355 (p. 185)","profit shared by agreed fraction, not in proportion to capital stake"
SCR-0355-S,LR6,symmetric,Capitale tuum super me sàlvuni erit,"Giovanni Scriba I, no. 355 (p. 185)","exposed to losses on his own contribution or by guarantee of capital, and shares gains"
SCR-0355-S,RB3,general-estate,"l\lichaelis, quod nisi fecero penani d upli , bona p ignori, intrare et cetera, nomine vendi","Giovanni Scriba I, no. 355 (p. 185)",general pledge of goods
SCR-0355-S,MB3,voluntary,Ego Petrus de Ve:ndeci accepi a te Iohanne d,"Giovanni Scriba I, no. 355 (p. 185)",entry by private contract
SCR-0378-S,TS2,single-venture,\ nfossus laboratu m portare T un esim vel quo pro fì cisceretu r lignurri quo vadit,"Giovanni Scriba I, no. 378 (p. 198)","one voyage or venture, returning to the home port"
SCR-0378-S,CF1,P,"Anselrri us de Gotiçon e, Pet rus Hostaliboi (1), Otob on de Alb eri cis . ""\'V . Scarsar ias et An fossu s Buxon feceru","Giovanni Scriba I, no. 378 (p. 198)",both sides contribute capital; one side travels or works
SCR-0378-S,CF3,bilateral,"Anselrri us de Gotiçon e, Pet rus Hostaliboi (1), Otob on de Alb eri cis . ""\'V . Scarsar ias et An fossu s Buxon feceru","Giovanni Scriba I, no. 378 (p. 198)",1 principal(s) named
SCR-0378-S,CI1,common,"Anselrri us de Gotiçon e, Pet rus Hostaliboi (1), Otob on de Alb eri cis . ""\'V . Scarsar ias et An fossu s Buxon feceru","Giovanni Scriba I, no. 378 (p. 198)",contributions merged in one stock
SCR-0378-S,MB3,voluntary,"Anselrri us de Gotiçon e, Pet rus Hostaliboi (1), Otob on de Alb eri cis . ""\'V . Scarsar ias et An fossu s Buxon feceru","Giovanni Scriba I, no. 378 (p. 198)",entry by private contract
SCR-0385-S,TS2,single-venture,socielatem ipse 'russus cl ebet laboratum portare Sciciliam et in dc si voluerit,"Giovanni Scriba I, no. 385 (p. 202)","one voyage or venture, returning to the home port"
SCR-0385-S,CF1,P,fecerunl in quam 'farchio de Volta posuit lb,"Giovanni Scriba I, no. 385 (p. 202)",both sides contribute capital; one side travels or works
SCR-0385-S,CF3,bilateral,fecerunl in quam 'farchio de Volta posuit lb,"Giovanni Scriba I, no. 385 (p. 202)",1 principal(s) named
SCR-0385-S,LR2,coupled,"reditu , capital i tracto, pro fìcuum dchenif <lividere p er medium , in potestatem March ionis de Volta venire","Giovanni Scriba I, no. 385 (p. 202)",working party takes a share of profit
SCR-0385-S,LR3,P,"reditu , capital i tracto, pro fìcuum dchenif <lividere p er medium , in potestatem March ionis de Volta venire","Giovanni Scriba I, no. 385 (p. 202)","profit shared by agreed fraction, not in proportion to capital stake"
SCR-0385-S,LR6,symmetric,fecerunl in quam 'farchio de Volta posuit lb,"Giovanni Scriba I, no. 385 (p. 202)","exposed to losses on his own contribution or by guarantee of capital, and shares gains"
SCR-0385-S,CI1,common,fecerunl in quam 'farchio de Volta posuit lb,"Giovanni Scriba I, no. 385 (p. 202)",contributions merged in one stock
SCR-0385-S,MB3,voluntary,fecerunl in quam 'farchio de Volta posuit lb,"Giovanni Scriba I, no. 385 (p. 202)",entry by private contract
SCR-0393-S,TS2,single-venture,"Hanc omn em societale,111 laboralum 1po1iare d eb et 13alcleçop Alexandriam (1) ad estivandu,111","Giovanni Scriba I, no. 393 (p. 207)","one voyage or venture, returning to the home port"
SCR-0393-S,CF1,P,posuit. Ultra portat ipse l3aldeçon lb,"Giovanni Scriba I, no. 393 (p. 207)",both sides contribute capital; one side travels or works
SCR-0393-S,CF3,bilateral,fecerunl soci·etateni in quam W,"Giovanni Scriba I, no. 393 (p. 207)",1 principal(s) named
SCR-0393-S,LR2,coupled,lucrate fuerint per m edium dividere debent verumtatem expen sas facere,"Giovanni Scriba I, no. 393 (p. 207)",working party takes a share of profit
SCR-0393-S,LR3,P,lucrate fuerint per m edium dividere debent verumtatem expen sas facere,"Giovanni Scriba I, no. 393 (p. 207)","profit shared by agreed fraction, not in proportion to capital stake"
SCR-0393-S,LR6,symmetric,posuit. Ultra portat ipse l3aldeçon lb,"Giovanni Scriba I, no. 393 (p. 207)","exposed to losses on his own contribution or by guarantee of capital, and shares gains"
SCR-0393-S,CI1,common,posuit. Ultra portat ipse l3aldeçon lb,"Giovanni Scriba I, no. 393 (p. 207)",contributions merged in one stock
SCR-0393-S,MB3,voluntary,fecerunl soci·etateni in quam W,"Giovanni Scriba I, no. 393 (p. 207)",entry by private contract
SCR-0402-S,TS2,single-venture,"Hanc socielatem Bonagens portare debet laboratum apud Salernum et inde quo velit, in reditu autern","Giovanni Scriba I, no. 402 (p. 213)","one voyage or venture, returning to the home port"
SCR-0402-S,CF1,P,et Bonagens contulit lb,"Giovanni Scriba I, no. 402 (p. 213)",both sides contribute capital; one side travels or works
SCR-0402-S,CF3,bilateral,"contraxerunt societatem in quam, µt 1professi sunt, vV","Giovanni Scriba I, no. 402 (p. 213)",1 principal(s) named
SCR-0402-S,LR2,coupled,"venire debet et, utriusque capitali extracto, proficuum per m edium dividere debent","Giovanni Scriba I, no. 402 (p. 213)",working party takes a share of profit
SCR-0402-S,LR3,P,"venire debet et, utriusque capitali extracto, proficuum per m edium dividere debent","Giovanni Scriba I, no. 402 (p. 213)","profit shared by agreed fraction, not in proportion to capital stake"
SCR-0402-S,LR6,symmetric,et Bonagens contulit lb,"Giovanni Scriba I, no. 402 (p. 213)","exposed to losses on his own contribution or by guarantee of capital, and shares gains"
SCR-0402-S,CI1,common,et Bonagens contulit lb,"Giovanni Scriba I, no. 402 (p. 213)",contributions merged in one stock
SCR-0402-S,MB3,voluntary,"contraxerunt societatem in quam, µt 1professi sunt, vV","Giovanni Scriba I, no. 402 (p. 213)",entry by private contract
SCR-0420-S,TS2,single-venture,"socielaterri Donatus Sciciliam portare laboratum indc Ian uam recljturus, in reditu autem , tracto","Giovanni Scriba I, no. 420 (p. 223)","one voyage or venture, returning to the home port"
SCR-0420-S,CF1,P,fecerunt societatem in quam ex eorum mutua 1professio ne Solimanus lb,"Giovanni Scriba I, no. 420 (p. 223)",both sides contribute capital; one side travels or works
SCR-0420-S,CF3,bilateral,fecerunt societatem in quam ex eorum mutua 1professio ne Solimanus lb,"Giovanni Scriba I, no. 420 (p. 223)",1 principal(s) named
SCR-0420-S,LR2,coupled,"reditu autem , tracto capitali utriusque, proficuum per mediuµi dividere clebent","Giovanni Scriba I, no. 420 (p. 223)",working party takes a share of profit
SCR-0420-S,LR3,P,"reditu autem , tracto capitali utriusque, proficuum per mediuµi dividere clebent","Giovanni Scriba I, no. 420 (p. 223)","profit shared by agreed fraction, not in proportion to capital stake"
SCR-0420-S,LR6,symmetric,fecerunt societatem in quam ex eorum mutua 1professio ne Solimanus lb,"Giovanni Scriba I, no. 420 (p. 223)","exposed to losses on his own contribution or by guarantee of capital, and shares gains"
SCR-0420-S,CI1,common,fecerunt societatem in quam ex eorum mutua 1professio ne Solimanus lb,"Giovanni Scriba I, no. 420 (p. 223)",contributions merged in one stock
SCR-0420-S,MB3,voluntary,fecerunt societatem in quam ex eorum mutua 1professio ne Solimanus lb,"Giovanni Scriba I, no. 420 (p. 223)",entry by private contract
SCR-0437-S,TS2,single-venture,socielatem Wuilielmus Alexand riani laboratum portare debet et inde quo voluerit in red itu c,"Giovanni Scriba I, no. 437 (p. 232)","one voyage or venture, returning to the home port"
SCR-0437-S,CF1,P,contulerunt capilalis,"Giovanni Scriba I, no. 437 (p. 232)",both sides contribute capital; one side travels or works
SCR-0437-S,CF3,bilateral,professi sunt Solimanus et W,"Giovanni Scriba I, no. 437 (p. 232)",1 principal(s) named
SCR-0437-S,LR2,coupled,a1pitali tracto proficuum per medium divisuri,"Giovanni Scriba I, no. 437 (p. 232)",working party takes a share of profit
SCR-0437-S,LR3,P,a1pitali tracto proficuum per medium divisuri,"Giovanni Scriba I, no. 437 (p. 232)","profit shared by agreed fraction, not in proportion to capital stake"
SCR-0437-S,LR6,symmetric,contulerunt capilalis,"Giovanni Scriba I, no. 437 (p. 232)","exposed to losses on his own contribution or by guarantee of capital, and shares gains"
SCR-0437-S,CI1,common,contulerunt capilalis,"Giovanni Scriba I, no. 437 (p. 232)",contributions merged in one stock
SCR-0437-S,MB3,voluntary,professi sunt Solimanus et W,"Giovanni Scriba I, no. 437 (p. 232)",entry by private contract
SCR-0449-S,TS2,fixed-term,usque .m. annos,"Giovanni Scriba I, no. 449 (p. 239)",from the duration clause
SCR-0449-S,CF1,P,fecerunt societatepi in qi,"Giovanni Scriba I, no. 449 (p. 239)",both sides contribute capital; one side travels or works
SCR-0449-S,CF3,bilateral,fecerunt societatepi in qi,"Giovanni Scriba I, no. 449 (p. 239)",1 principal(s) named
SCR-0449-S,LR2,coupled,"o, proficuum debent dividere !Per medium","Giovanni Scriba I, no. 449 (p. 239)",working party takes a share of profit
SCR-0449-S,LR3,P,"o, proficuum debent dividere !Per medium","Giovanni Scriba I, no. 449 (p. 239)","profit shared by agreed fraction, not in proportion to capital stake"
SCR-0449-S,LR6,symmetric,fecerunt societatepi in qi,"Giovanni Scriba I, no. 449 (p. 239)","exposed to losses on his own contribution or by guarantee of capital, and shares gains"
SCR-0449-S,CI1,common,fecerunt societatepi in qi,"Giovanni Scriba I, no. 449 (p. 239)",contributions merged in one stock
SCR-0449-S,MB3,voluntary,fecerunt societatepi in qi,"Giovanni Scriba I, no. 449 (p. 239)",entry by private contract
SCR-0460-S,TS2,fixed-term,usque unum anp.u:m,"Giovanni Scriba I, no. 460 (p. 244)",from the duration clause
SCR-0460-S,CF1,P,contulit et cum hac societate laborare,"Giovanni Scriba I, no. 460 (p. 244)",both sides contribute capital; one side travels or works
SCR-0460-S,CF3,bilateral,fecerunt societatem in quam Soli:manus lb,"Giovanni Scriba I, no. 460 (p. 244)",1 principal(s) named
SCR-0460-S,LR2,coupled,"Cellarius pro vianda debet de ~olmu ni percipere, medietatem clebet habere Solimanus et medietatem Cellarius","Giovanni Scriba I, no. 460 (p. 244)",working party takes a share of profit
SCR-0460-S,LR3,P,"Cellarius pro vianda debet de ~olmu ni percipere, medietatem clebet habere Solimanus et medietatem Cellarius","Giovanni Scriba I, no. 460 (p. 244)","profit shared by agreed fraction, not in proportion to capital stake"
SCR-0460-S,LR6,symmetric,contulit et cum hac societate laborare,"Giovanni Scriba I, no. 460 (p. 244)","exposed to losses on his own contribution or by guarantee of capital, and shares gains"
SCR-0460-S,CI1,common,contulit et cum hac societate laborare,"Giovanni Scriba I, no. 460 (p. 244)",contributions merged in one stock
SCR-0460-S,MB3,voluntary,fecerunt societatem in quam Soli:manus lb,"Giovanni Scriba I, no. 460 (p. 244)",entry by private contract
SCR-0464-S,TS2,single-venture,-\nsaldus Sciciliam et inde quo velit laboratum,"Giovanni Scriba I, no. 464 (p. 246)","one voyage or venture, returning to the home port"
SCR-0464-S,CF1,P,"contraxerunt socie·tate,n i,i quam Iohannes lb","Giovanni Scriba I, no. 464 (p. 246)",both sides contribute capital; one side travels or works
SCR-0464-S,CF3,bilateral,"contraxerunt socie·tate,n i,i quam Iohannes lb","Giovanni Scriba I, no. 464 (p. 246)",1 principal(s) named
SCR-0464-S,LR2,coupled,"societatem cuµi alio, in reditu capitali itracto proficuum 1per medium dividere debent","Giovanni Scriba I, no. 464 (p. 246)",working party takes a share of profit
SCR-0464-S,LR3,P,"societatem cuµi alio, in reditu capitali itracto proficuum 1per medium dividere debent","Giovanni Scriba I, no. 464 (p. 246)","profit shared by agreed fraction, not in proportion to capital stake"
SCR-0464-S,LR6,symmetric,"contraxerunt socie·tate,n i,i quam Iohannes lb","Giovanni Scriba I, no. 464 (p. 246)","exposed to losses on his own contribution or by guarantee of capital, and shares gains"
SCR-0464-S,CI1,common,"contraxerunt socie·tate,n i,i quam Iohannes lb","Giovanni Scriba I, no. 464 (p. 246)",contributions merged in one stock
SCR-0464-S,MB3,voluntary,"contraxerunt socie·tate,n i,i quam Iohannes lb","Giovanni Scriba I, no. 464 (p. 246)",entry by private contract
SCR-0480-S,TS2,single-venture,Has idem laboralum portare debet laboratupì apud Arcem in lignum Boni Vassalli,"Giovanni Scriba I, no. 480 (p. 256)","one voyage or venture, returning to the home port"
SCR-0480-S,CF1,P,contulit. Has idem laboralum portare debet,"Giovanni Scriba I, no. 480 (p. 256)",both sides contribute capital; one side travels or works
SCR-0480-S,CF3,multilateral,"fecerunt societatem in quam ut ,mutuo professi sunt Bonus Johannes lb","Giovanni Scriba I, no. 480 (p. 256)",3 principal(s) named
SCR-0480-S,LR2,coupled,"iter mutaverit, in reditu capita li tracto profi cuum per medium","Giovanni Scriba I, no. 480 (p. 256)",working party takes a share of profit
SCR-0480-S,LR3,P,"iter mutaverit, in reditu capita li tracto profi cuum per medium","Giovanni Scriba I, no. 480 (p. 256)","profit shared by agreed fraction, not in proportion to capital stake"
SCR-0480-S,LR6,symmetric,contulit. Has idem laboralum portare debet,"Giovanni Scriba I, no. 480 (p. 256)","exposed to losses on his own contribution or by guarantee of capital, and shares gains"
SCR-0480-S,CI1,common,contulit. Has idem laboralum portare debet,"Giovanni Scriba I, no. 480 (p. 256)",contributions merged in one stock
SCR-0480-S,MB3,voluntary,"fecerunt societatem in quam ut ,mutuo professi sunt Bonus Johannes lb","Giovanni Scriba I, no. 480 (p. 256)",entry by private contract
SCR-0487-S,TS2,single-venture,"Hanc ~laraxi laboratum apud Den iam , inde :","Giovanni Scriba I, no. 487 (p. 259)","one voyage or venture, returning to the home port"
SCR-0487-S,CF1,P,fecerunt. societatem in quam ut mut uo professi sunL Iordanus lb,"Giovanni Scriba I, no. 487 (p. 259)",both sides contribute capital; one side travels or works
SCR-0487-S,CF3,bilateral,fecerunt. societatem in quam ut mut uo professi sunL Iordanus lb,"Giovanni Scriba I, no. 487 (p. 259)",1 principal(s) named
SCR-0487-S,LR2,coupled,in 1p0Lesta1em Iorclani lraclo capitali profìcuum per m edium,"Giovanni Scriba I, no. 487 (p. 259)",working party takes a share of profit
SCR-0487-S,LR3,P,in 1p0Lesta1em Iorclani lraclo capitali profìcuum per m edium,"Giovanni Scriba I, no. 487 (p. 259)","profit shared by agreed fraction, not in proportion to capital stake"
SCR-0487-S,LR6,symmetric,fecerunt. societatem in quam ut mut uo professi sunL Iordanus lb,"Giovanni Scriba I, no. 487 (p. 259)","exposed to losses on his own contribution or by guarantee of capital, and shares gains"
SCR-0487-S,CI1,common,fecerunt. societatem in quam ut mut uo professi sunL Iordanus lb,"Giovanni Scriba I, no. 487 (p. 259)",contributions merged in one stock
SCR-0487-S,MB3,voluntary,fecerunt. societatem in quam ut mut uo professi sunL Iordanus lb,"Giovanni Scriba I, no. 487 (p. 259)",entry by private contract
SCR-0498-S,TS2,single-venture,liane Culorius la bo ratum cum Enrico ~iYetella in Ianuam Yel Sciciliam s i bucia ibi iveril,"Giovanni Scriba I, no. 498 (p. 266)","one voyage or venture, returning to the home port"
SCR-0498-S,CF1,P,fecerunt societatem in qu a m Solima nus !b,"Giovanni Scriba I, no. 498 (p. 266)",both sides contribute capital; one side travels or works
SCR-0498-S,CF3,bilateral,fecerunt societatem in qu a m Solima nus !b,"Giovanni Scriba I, no. 498 (p. 266)",1 principal(s) named
SCR-0498-S,LR2,coupled,"sui cert i mi ssi , 1tracto cap ita li , proficuum p er medium iuravil et e","Giovanni Scriba I, no. 498 (p. 266)",working party takes a share of profit
SCR-0498-S,LR3,P,"sui cert i mi ssi , 1tracto cap ita li , proficuum p er medium iuravil et e","Giovanni Scriba I, no. 498 (p. 266)","profit shared by agreed fraction, not in proportion to capital stake"
SCR-0498-S,LR6,symmetric,fecerunt societatem in qu a m Solima nus !b,"Giovanni Scriba I, no. 498 (p. 266)","exposed to losses on his own contribution or by guarantee of capital, and shares gains"
SCR-0498-S,CI1,common,fecerunt societatem in qu a m Solima nus !b,"Giovanni Scriba I, no. 498 (p. 266)",contributions merged in one stock
SCR-0498-S,MB3,voluntary,fecerunt societatem in qu a m Solima nus !b,"Giovanni Scriba I, no. 498 (p. 266)",entry by private contract
SCR-0503-S,TS2,single-venture,Hanc societatem Jaboratum Scici li am inde Tanuam in polestate Ogerii aut lngonis de Yolta,"Giovanni Scriba I, no. 503 (p. 268)","one voyage or venture, returning to the home port"
SCR-0503-S,CF1,P,con traxerunt societatem in quarn Oger lb,"Giovanni Scriba I, no. 503 (p. 268)",both sides contribute capital; one side travels or works
SCR-0503-S,CF3,bilateral,con traxerunt societatem in quarn Oger lb,"Giovanni Scriba I, no. 503 (p. 268)",1 principal(s) named
SCR-0503-S,LR2,coupled,aut lngonis de Yolta capitali tracio p ro fì cuu m per m ed ium,"Giovanni Scriba I, no. 503 (p. 268)",working party takes a share of profit
SCR-0503-S,LR3,P,aut lngonis de Yolta capitali tracio p ro fì cuu m per m ed ium,"Giovanni Scriba I, no. 503 (p. 268)","profit shared by agreed fraction, not in proportion to capital stake"
SCR-0503-S,LR6,symmetric,con traxerunt societatem in quarn Oger lb,"Giovanni Scriba I, no. 503 (p. 268)","exposed to losses on his own contribution or by guarantee of capital, and shares gains"
SCR-0503-S,CI1,common,con traxerunt societatem in quarn Oger lb,"Giovanni Scriba I, no. 503 (p. 268)",contributions merged in one stock
SCR-0503-S,MB3,voluntary,con traxerunt societatem in quarn Oger lb,"Giovanni Scriba I, no. 503 (p. 268)",entry by private contract
SCR-0512-S,TS2,single-venture,"etate~ Oger Buçeam et quo velit laboratum portare debet, in reditu in potestatem Lamberti Guercii veni","Giovanni Scriba I, no. 512 (p. 274)","one voyage or venture, returning to the home port"
SCR-0512-S,CF1,P,contraxerunt societatem in quani (3) Lambertus lb,"Giovanni Scriba I, no. 512 (p. 274)",both sides contribute capital; one side travels or works
SCR-0512-S,CF3,bilateral,contraxerunt societatem in quani (3) Lambertus lb,"Giovanni Scriba I, no. 512 (p. 274)",1 principal(s) named
SCR-0512-S,LR2,coupled,pro fi cuum per m edium dividere debent,"Giovanni Scriba I, no. 512 (p. 274)",working party takes a share of profit
SCR-0512-S,LR3,P,pro fi cuum per m edium dividere debent,"Giovanni Scriba I, no. 512 (p. 274)","profit shared by agreed fraction, not in proportion to capital stake"
SCR-0512-S,LR6,symmetric,contraxerunt societatem in quani (3) Lambertus lb,"Giovanni Scriba I, no. 512 (p. 274)","exposed to losses on his own contribution or by guarantee of capital, and shares gains"
SCR-0512-S,CI1,common,contraxerunt societatem in quani (3) Lambertus lb,"Giovanni Scriba I, no. 512 (p. 274)",contributions merged in one stock
SCR-0512-S,MB3,voluntary,contraxerunt societatem in quani (3) Lambertus lb,"Giovanni Scriba I, no. 512 (p. 274)",entry by private contract
SCR-0526-S,TS2,single-venture,potest laboratum portare Iacarias ad di visionem lracto capitali libra rum,"Giovanni Scriba I, no. 526 (p. 282)","one voyage or venture, returning to the home port"
SCR-0526-S,CF1,P,"Testes Lardi ti et IacarieJ. Testes Otobonus mag isler de Clavica, W. Bulla. i'\os Arditus ·et Iacarias profitemur nos h","Giovanni Scriba I, no. 526 (p. 282)",both sides contribute capital; one side travels or works
SCR-0526-S,CF3,bilateral,"Testes Lardi ti et IacarieJ. Testes Otobonus mag isler de Clavica, W. Bulla. i'\os Arditus ·et Iacarias profitemur nos h","Giovanni Scriba I, no. 526 (p. 282)",1 principal(s) named
SCR-0526-S,LR2,coupled,"parte sua a Lardi1o et sua a Iacaria pro ficuu)D per m edium ,dividere d ebenl","Giovanni Scriba I, no. 526 (p. 282)",working party takes a share of profit
SCR-0526-S,LR3,P,"parte sua a Lardi1o et sua a Iacaria pro ficuu)D per m edium ,dividere d ebenl","Giovanni Scriba I, no. 526 (p. 282)","profit shared by agreed fraction, not in proportion to capital stake"
SCR-0526-S,LR6,symmetric,"Testes Lardi ti et IacarieJ. Testes Otobonus mag isler de Clavica, W. Bulla. i'\os Arditus ·et Iacarias profitemur nos h","Giovanni Scriba I, no. 526 (p. 282)","exposed to losses on his own contribution or by guarantee of capital, and shares gains"
SCR-0526-S,CI1,common,"Testes Lardi ti et IacarieJ. Testes Otobonus mag isler de Clavica, W. Bulla. i'\os Arditus ·et Iacarias profitemur nos h","Giovanni Scriba I, no. 526 (p. 282)",contributions merged in one stock
SCR-0526-S,CI2,0,Cum vero Larditus predictam socielatem in a liquam 1partem divid ere volueril,"Giovanni Scriba I, no. 526 (p. 282)",investor may divide the societas at will through a messenger carrying consular letters
SCR-0526-S,MB3,voluntary,"Testes Lardi ti et IacarieJ. Testes Otobonus mag isler de Clavica, W. Bulla. i'\os Arditus ·et Iacarias profitemur nos h","Giovanni Scriba I, no. 526 (p. 282)",entry by private contract
SCR-0559-S,CF1,P,conlraxerunt in quam composuerunt. capitalis !b,"Giovanni Scriba I, no. 559 (p. 301)",both sides contribute capital; one side travels or works
SCR-0559-S,CF3,bilateral,professi sunt quod olim societatem conlraxerunt in quam composuerunt,"Giovanni Scriba I, no. 559 (p. 301)",1 principal(s) named
SCR-0559-S,LR2,coupled,o rrine per medium sunt divisuri,"Giovanni Scriba I, no. 559 (p. 301)",working party takes a share of profit
SCR-0559-S,LR3,P,o rrine per medium sunt divisuri,"Giovanni Scriba I, no. 559 (p. 301)","profit shared by agreed fraction, not in proportion to capital stake"
SCR-0559-S,LR6,symmetric,conlraxerunt in quam composuerunt. capitalis !b,"Giovanni Scriba I, no. 559 (p. 301)","exposed to losses on his own contribution or by guarantee of capital, and shares gains"
SCR-0559-S,CI1,common,conlraxerunt in quam composuerunt. capitalis !b,"Giovanni Scriba I, no. 559 (p. 301)",contributions merged in one stock
SCR-0559-S,MB3,voluntary,professi sunt quod olim societatem conlraxerunt in quam composuerunt,"Giovanni Scriba I, no. 559 (p. 301)",entry by private contract
SCR-0603-S,TS2,single-venture,Cum hac soc~etate laboratum ire d ebet Provin cia,"Giovanni Scriba I, no. 603 (p. 327)","one voyage or venture, returning to the home port"
SCR-0603-S,CF1,P,contulit. Cum hac soc~etate laboratum ire,"Giovanni Scriba I, no. 603 (p. 327)",both sides contribute capital; one side travels or works
SCR-0603-S,CF3,bilateral,professi sunt se contraxisse socielatepÌ in qua Obertus lb,"Giovanni Scriba I, no. 603 (p. 327)",1 principal(s) named
SCR-0603-S,LR2,coupled,In red itu capitali utriusque traclo proficuum per medium divid ere d ebent,"Giovanni Scriba I, no. 603 (p. 327)",working party takes a share of profit
SCR-0603-S,LR3,P,In red itu capitali utriusque traclo proficuum per medium divid ere d ebent,"Giovanni Scriba I, no. 603 (p. 327)","profit shared by agreed fraction, not in proportion to capital stake"
SCR-0603-S,LR6,symmetric,contulit. Cum hac soc~etate laboratum ire,"Giovanni Scriba I, no. 603 (p. 327)","exposed to losses on his own contribution or by guarantee of capital, and shares gains"
SCR-0603-S,CI1,common,contulit. Cum hac soc~etate laboratum ire,"Giovanni Scriba I, no. 603 (p. 327)",contributions merged in one stock
SCR-0603-S,MB3,voluntary,professi sunt se contraxisse socielatepÌ in qua Obertus lb,"Giovanni Scriba I, no. 603 (p. 327)",entry by private contract
SCR-0612-S,TS2,single-venture,"denariorum ianuensium decem quas laboratum portare debco (2) Sardineam ad rrieclietalem pro ficui, omnes","Giovanni Scriba I, no. 612 (p. 332)","one voyage or venture, returning to the home port"
SCR-0612-S,CF1,1,"Testes A.lberton de Custode (1), Nicola Gaçan. Ego Ansa ldus de A.uria cepi a le .\lartino de .Mari lb . denariorum ianu","Giovanni Scriba I, no. 612 (p. 332)",capital from the investor side only; the other party works
SCR-0612-S,CF3,bilateral,"Testes A.lberton de Custode (1), Nicola Gaçan. Ego Ansa ldus de A.uria cepi a le .\lartino de .Mari lb . denariorum ianu","Giovanni Scriba I, no. 612 (p. 332)",1 principal(s) named
SCR-0612-S,LR2,coupled,"decem quas laboratum portare debco (2) Sardineam ad rrieclietalem pro ficui, omnes autem capitale cL proficuum","Giovanni Scriba I, no. 612 (p. 332)",working party takes a share of profit
SCR-0612-S,LR3,P,"decem quas laboratum portare debco (2) Sardineam ad rrieclietalem pro ficui, omnes autem capitale cL proficuum","Giovanni Scriba I, no. 612 (p. 332)","profit shared by agreed fraction, not in proportion to capital stake"
SCR-0612-S,MB3,voluntary,"Testes A.lberton de Custode (1), Nicola Gaçan. Ego Ansa ldus de A.uria cepi a le .\lartino de .Mari lb . denariorum ianu","Giovanni Scriba I, no. 612 (p. 332)",entry by private contract
SCR-0619-S,TS2,single-venture,Hanc Bonus lohann es laboralum Sardineam inde Ianua m in poteslàtem Iosseramis capitale et,"Giovanni Scriba I, no. 619 (p. 335)","one voyage or venture, returning to the home port"
SCR-0619-S,CF1,P,societatem in quam Iosserrumis lb,"Giovanni Scriba I, no. 619 (p. 335)",both sides contribute capital; one side travels or works
SCR-0619-S,CF3,bilateral,professi sunt se ad inviceµi contraxisse societatem in quam Iosserrumis lb,"Giovanni Scriba I, no. 619 (p. 335)",1 principal(s) named
SCR-0619-S,LR2,coupled,capitale et proficuum capitali tracto proficuum divis uri per medium,"Giovanni Scriba I, no. 619 (p. 335)",working party takes a share of profit
SCR-0619-S,LR3,P,capitale et proficuum capitali tracto proficuum divis uri per medium,"Giovanni Scriba I, no. 619 (p. 335)","profit shared by agreed fraction, not in proportion to capital stake"
SCR-0619-S,LR6,symmetric,societatem in quam Iosserrumis lb,"Giovanni Scriba I, no. 619 (p. 335)","exposed to losses on his own contribution or by guarantee of capital, and shares gains"
SCR-0619-S,CI1,common,societatem in quam Iosserrumis lb,"Giovanni Scriba I, no. 619 (p. 335)",contributions merged in one stock
SCR-0619-S,MB3,voluntary,professi sunt se ad inviceµi contraxisse societatem in quam Iosserrumis lb,"Giovanni Scriba I, no. 619 (p. 335)",entry by private contract
SCR-0625-S,TS2,fixed-term,uscine cluos annos,"Giovanni Scriba I, no. 625 (p. 339)",from the duration clause
SCR-0625-S,CF1,P,novem contulit. Ras ipse Bonus Yassallus laboratum,"Giovanni Scriba I, no. 625 (p. 339)",both sides contribute capital; one side travels or works
SCR-0625-S,CF3,bilateral,professi sunt se adinvicem contraxisse societatem in quam i1p sa lh,"Giovanni Scriba I, no. 625 (p. 339)",1 principal(s) named
SCR-0625-S,LR2,coupled,"utr~usqu e capìtali extracto proficuum debent dividere per m edium (2), nec debet ullra morari nisi viderit","Giovanni Scriba I, no. 625 (p. 339)",working party takes a share of profit
SCR-0625-S,LR3,P,"utr~usqu e capìtali extracto proficuum debent dividere per m edium (2), nec debet ullra morari nisi viderit","Giovanni Scriba I, no. 625 (p. 339)","profit shared by agreed fraction, not in proportion to capital stake"
SCR-0625-S,LR6,symmetric,novem contulit. Ras ipse Bonus Yassallus laboratum,"Giovanni Scriba I, no. 625 (p. 339)","exposed to losses on his own contribution or by guarantee of capital, and shares gains"
SCR-0625-S,CI1,common,novem contulit. Ras ipse Bonus Yassallus laboratum,"Giovanni Scriba I, no. 625 (p. 339)",contributions merged in one stock
SCR-0625-S,MB3,voluntary,professi sunt se adinvicem contraxisse societatem in quam i1p sa lh,"Giovanni Scriba I, no. 625 (p. 339)",entry by private contract
SCR-0639-S,TS2,single-venture,"ipse Bonus Iob annes (2) debet laboraturri portare Buçeam et inde quo voluerìt preter in devetum, in potestatmn","Giovanni Scriba I, no. 639 (p. 346)","one voyage or venture, returning to the home port"
SCR-0639-S,CF1,P,socielatem in quàm Bla ncardus contulit lb,"Giovanni Scriba I, no. 639 (p. 346)",both sides contribute capital; one side travels or works
SCR-0639-S,CF3,bilateral,contraxerup.t socielatem in quàm Bla ncardus contulit lb,"Giovanni Scriba I, no. 639 (p. 346)",1 principal(s) named
SCR-0639-S,LR2,coupled,reducere debet et capitali utriusque ext racto proficuum per medium dividere debcnt,"Giovanni Scriba I, no. 639 (p. 346)",working party takes a share of profit
SCR-0639-S,LR3,P,reducere debet et capitali utriusque ext racto proficuum per medium dividere debcnt,"Giovanni Scriba I, no. 639 (p. 346)","profit shared by agreed fraction, not in proportion to capital stake"
SCR-0639-S,LR6,symmetric,socielatem in quàm Bla ncardus contulit lb,"Giovanni Scriba I, no. 639 (p. 346)","exposed to losses on his own contribution or by guarantee of capital, and shares gains"
SCR-0639-S,CI1,common,socielatem in quàm Bla ncardus contulit lb,"Giovanni Scriba I, no. 639 (p. 346)",contributions merged in one stock
SCR-0639-S,MB3,voluntary,contraxerup.t socielatem in quàm Bla ncardus contulit lb,"Giovanni Scriba I, no. 639 (p. 346)",entry by private contract
SCR-0649-S,TS2,single-venture,"Cu:m his om:nibus laboratum ire debet= Sciciliam et inde Al exandriam si voluer1t , in reditu","Giovanni Scriba I, no. 649 (p. 350)","one voyage or venture, returning to the home port"
SCR-0649-S,CF1,1,professus est quod cepit a,"Giovanni Scriba I, no. 649 (p. 350)",capital from the investor side only; the other party works
SCR-0649-S,CF3,bilateral,professus est quod cepit a,"Giovanni Scriba I, no. 649 (p. 350)",1 principal(s) named
SCR-0649-S,MB3,voluntary,professus est quod cepit a,"Giovanni Scriba I, no. 649 (p. 350)",entry by private contract (working party acts by his father's order)
SCR-0654-S,TS2,single-venture,"lfas ipse Iohannes debet labora1um portare PaIermum et per Sciciliani, inde venire Ianuaim et","Giovanni Scriba I, no. 654 (p. 352)","one voyage or venture, returning to the home port"
SCR-0654-S,CF1,P,societatem in quam Oliverius contulit lb,"Giovanni Scriba I, no. 654 (p. 352)",both sides contribute capital; one side travels or works
SCR-0654-S,CF3,bilateral,"Testes Ogerius Spion, Ioffredus 1pell iparius de Clavica et. Iohannes de Doda. Oliverius Nivetella et Iohannes çirbinus ","Giovanni Scriba I, no. 654 (p. 352)",1 principal(s) named
SCR-0654-S,LR2,coupled,"iverii vel eius (2) missi, -capital i tracto profìcuum per medium","Giovanni Scriba I, no. 654 (p. 352)",working party takes a share of profit
SCR-0654-S,LR3,P,"iverii vel eius (2) missi, -capital i tracto profìcuum per medium","Giovanni Scriba I, no. 654 (p. 352)","profit shared by agreed fraction, not in proportion to capital stake"
SCR-0654-S,LR6,symmetric,societatem in quam Oliverius contulit lb,"Giovanni Scriba I, no. 654 (p. 352)","exposed to losses on his own contribution or by guarantee of capital, and shares gains"
SCR-0654-S,CI1,common,societatem in quam Oliverius contulit lb,"Giovanni Scriba I, no. 654 (p. 352)",contributions merged in one stock
SCR-0654-S,MB3,voluntary,"Testes Ogerius Spion, Ioffredus 1pell iparius de Clavica et. Iohannes de Doda. Oliverius Nivetella et Iohannes çirbinus ","Giovanni Scriba I, no. 654 (p. 352)",entry by private contract
SCR-0657-S,TS2,single-venture,"Hanc idem Iordanus laboratum quo velit , in reditu capitali ulriusque tracio proficuum per","Giovanni Scriba I, no. 657 (p. 353)","one voyage or venture, returning to the home port"
SCR-0657-S,CF1,P,contraxerunl societalem in quam ille lb,"Giovanni Scriba I, no. 657 (p. 353)",both sides contribute capital; one side travels or works
SCR-0657-S,CF3,bilateral,contraxerunl societalem in quam ille lb,"Giovanni Scriba I, no. 657 (p. 353)",1 principal(s) named
SCR-0657-S,LR2,coupled,"velit , in reditu capitali ulriusque tracio proficuum per mecliu):Jl dividere debenl","Giovanni Scriba I, no. 657 (p. 353)",working party takes a share of profit
SCR-0657-S,LR3,P,"velit , in reditu capitali ulriusque tracio proficuum per mecliu):Jl dividere debenl","Giovanni Scriba I, no. 657 (p. 353)","profit shared by agreed fraction, not in proportion to capital stake"
SCR-0657-S,LR6,symmetric,contraxerunl societalem in quam ille lb,"Giovanni Scriba I, no. 657 (p. 353)","exposed to losses on his own contribution or by guarantee of capital, and shares gains"
SCR-0657-S,CI1,common,contraxerunl societalem in quam ille lb,"Giovanni Scriba I, no. 657 (p. 353)",contributions merged in one stock
SCR-0657-S,MB3,voluntary,contraxerunl societalem in quam ille lb,"Giovanni Scriba I, no. 657 (p. 353)",entry by private contract
SCR-0674-S,TS2,single-venture,"societa:em , qua m omnem societat em laboralum portare debet in gale! s Bisacie et deinde quo iverit et lu","Giovanni Scriba I, no. 674 (p. 364)","one voyage or venture, returning to the home port"
SCR-0674-S,CF1,1,"Teslcs Guidolus Wuilielmi de Bonobello, lohannes Otoni s iuclicis , Oto Bononssa lli de castro. Berlolotus Lanfra n ci d","Giovanni Scriba I, no. 674 (p. 364)",capital from the investor side only; the other party works
SCR-0674-S,CF2,1,in o mn i carn eas sa h ·a f11tu ras el lu c raturas promisil,"Giovanni Scriba I, no. 674 (p. 364)",unconditional promise by the working party to return the whole capital
SCR-0674-S,CF3,multilateral,"Teslcs Guidolus Wuilielmi de Bonobello, lohannes Otoni s iuclicis , Oto Bononssa lli de castro. Berlolotus Lanfra n ci d","Giovanni Scriba I, no. 674 (p. 364)",2 principal(s) named
SCR-0674-S,LR2,coupled,:)[aloce lli et d e proficuo earum centu m librarum quartam ha ber c debct,"Giovanni Scriba I, no. 674 (p. 364)",working party takes a share of profit
SCR-0674-S,LR3,P,:)[aloce lli et d e proficuo earum centu m librarum quartam ha ber c debct,"Giovanni Scriba I, no. 674 (p. 364)","profit shared by agreed fraction, not in proportion to capital stake"
SCR-0674-S,LR6,symmetric,in o mn i carn eas sa h ·a f11tu ras el lu c raturas promisil,"Giovanni Scriba I, no. 674 (p. 364)","exposed to losses on his own contribution or by guarantee of capital, and shares gains"
SCR-0674-S,MB3,voluntary,"Teslcs Guidolus Wuilielmi de Bonobello, lohannes Otoni s iuclicis , Oto Bononssa lli de castro. Berlolotus Lanfra n ci d","Giovanni Scriba I, no. 674 (p. 364)",entry by private contract
SCR-0680-S,TS2,single-venture,societatem ad m edium proficu i lab oratum portare clebet quo veli,"Giovanni Scriba I, no. 680 (p. 367)","one voyage or venture, returning to the home port"
SCR-0680-S,CF1,P,contraxernnt soc iela:oon in quam R ibaldu s cont ulit lb,"Giovanni Scriba I, no. 680 (p. 367)",both sides contribute capital; one side travels or works
SCR-0680-S,CF3,bilateral,contraxernnt soc iela:oon in quam R ibaldu s cont ulit lb,"Giovanni Scriba I, no. 680 (p. 367)",1 principal(s) named
SCR-0680-S,LR2,coupled,R ane societatem ad m edium proficu i lab oratum portare clebet quo veli,"Giovanni Scriba I, no. 680 (p. 367)",working party takes a share of profit
SCR-0680-S,LR3,P,R ane societatem ad m edium proficu i lab oratum portare clebet quo veli,"Giovanni Scriba I, no. 680 (p. 367)","profit shared by agreed fraction, not in proportion to capital stake"
SCR-0680-S,LR6,symmetric,contraxernnt soc iela:oon in quam R ibaldu s cont ulit lb,"Giovanni Scriba I, no. 680 (p. 367)","exposed to losses on his own contribution or by guarantee of capital, and shares gains"
SCR-0680-S,CI1,common,contraxernnt soc iela:oon in quam R ibaldu s cont ulit lb,"Giovanni Scriba I, no. 680 (p. 367)",contributions merged in one stock
SCR-0680-S,MB3,voluntary,contraxernnt soc iela:oon in quam R ibaldu s cont ulit lb,"Giovanni Scriba I, no. 680 (p. 367)",entry by private contract
SCR-0692-S,CF1,P,Professus autcm est ipse Rai m u nclus ciuocl in ipsis lb,"Giovanni Scriba I, no. 692 (p. 374)",both sides contribute capital; one side travels or works
SCR-0692-S,CF3,multilateral,Professus autcm est ipse Rai m u nclus ciuocl in ipsis lb,"Giovanni Scriba I, no. 692 (p. 374)",2 principal(s) named
SCR-0692-S,LR2,coupled,ut a li e lucrari et expendere debcnt per libram et quartam pro fì cui earurn reverli d ebet in pro,"Giovanni Scriba I, no. 692 (p. 374)",working party takes a share of profit
SCR-0692-S,LR3,P,ut a li e lucrari et expendere debcnt per libram et quartam pro fì cui earurn reverli d ebet in pro,"Giovanni Scriba I, no. 692 (p. 374)","profit shared by agreed fraction, not in proportion to capital stake"
SCR-0692-S,LR6,symmetric,Professus autcm est ipse Rai m u nclus ciuocl in ipsis lb,"Giovanni Scriba I, no. 692 (p. 374)","exposed to losses on his own contribution or by guarantee of capital, and shares gains"
SCR-0692-S,CI1,common,Professus autcm est ipse Rai m u nclus ciuocl in ipsis lb,"Giovanni Scriba I, no. 692 (p. 374)",contributions merged in one stock
SCR-0692-S,RB2,shared,ut si m elius inde h iihuerit per lìbram qu am d e pa nnis San cii R.i ch erii quos portat ei debeat accresci et si minus indc h ab u erit ei deheat minui,"Giovanni Scriba I, no. 692 (p. 374)",price-comparison clause adjusts the partner's share by relative sale results
SCR-0692-S,MB3,voluntary,Professus autcm est ipse Rai m u nclus ciuocl in ipsis lb,"Giovanni Scriba I, no. 692 (p. 374)",entry by private contract
SCR-0705-S,TS2,single-venture,"tuli sse fuit p rofessus , quas laboratum portare d eb et Alexà ndri am et inde quo si bi m eli u s vldebì","Giovanni Scriba I, no. 705 (p. 380)","one voyage or venture, returning to the home port"
SCR-0705-S,CF1,1,dederunt etia m ci licen1iam portan{li lh,"Giovanni Scriba I, no. 705 (p. 380)",capital from the investor side only; the other party works
SCR-0705-S,CF3,multilateral,dederunt etia m ci licen1iam portan{li lh,"Giovanni Scriba I, no. 705 (p. 380)",3 principal(s) named
SCR-0705-S,LR2,coupled,quisqu e m edi cla lem ded erunt in socielalem ad quartam ipro fi cui lb,"Giovanni Scriba I, no. 705 (p. 380)",working party takes a share of profit
SCR-0705-S,LR3,P,quisqu e m edi cla lem ded erunt in socielalem ad quartam ipro fi cui lb,"Giovanni Scriba I, no. 705 (p. 380)","profit shared by agreed fraction, not in proportion to capital stake"
SCR-0705-S,MB3,voluntary,dederunt etia m ci licen1iam portan{li lh,"Giovanni Scriba I, no. 705 (p. 380)",entry by private contract
SCR-0727-S,TS2,single-venture,"Han c societatem Rogerius laboratum quo velit , in reditu in potesta lem i psarum capitali tracto","Giovanni Scriba I, no. 727 (p. 392)","one voyage or venture, returning to the home port"
SCR-0727-S,CF1,P,Agnes et Grisia contulerunt lb,"Giovanni Scriba I, no. 727 (p. 392)",both sides contribute capital; one side travels or works
SCR-0727-S,CF3,multilateral,"Ag nesie de Dactilo et Grisie ac Rogerii de ClavicaJ. Testes Elion , Iacarias, Wuilielmus Philip1pi de Dactilo et Bonus ","Giovanni Scriba I, no. 727 (p. 392)",2 principal(s) named
SCR-0727-S,LR2,coupled,in potesta lem i psarum capitali tracto profìcuum per niedium,"Giovanni Scriba I, no. 727 (p. 392)",working party takes a share of profit
SCR-0727-S,LR3,P,in potesta lem i psarum capitali tracto profìcuum per niedium,"Giovanni Scriba I, no. 727 (p. 392)","profit shared by agreed fraction, not in proportion to capital stake"
SCR-0727-S,LR6,symmetric,Agnes et Grisia contulerunt lb,"Giovanni Scriba I, no. 727 (p. 392)","exposed to losses on his own contribution or by guarantee of capital, and shares gains"
SCR-0727-S,CI1,common,Agnes et Grisia contulerunt lb,"Giovanni Scriba I, no. 727 (p. 392)",contributions merged in one stock
SCR-0727-S,LR4,P,quicquid pro ficui inde con sequi debebiL in profìcuu:m predic le societat.js converti d eb eat,"Giovanni Scriba I, no. 727 (p. 392)",profit from other societates and accomendationes the traveller takes is to be converted into this societas's profit
SCR-0727-S,MB3,voluntary,"Ag nesie de Dactilo et Grisie ac Rogerii de ClavicaJ. Testes Elion , Iacarias, Wuilielmus Philip1pi de Dactilo et Bonus ","Giovanni Scriba I, no. 727 (p. 392)",entry by private contract
SCR-0739-S,TS2,single-venture,Cum ipsa societate ire dE>het lahoratum <J110 velit rn ittcncl i etiam Iamrnm ve) lahoralum quo veli!,"Giovanni Scriba I, no. 739 (p. 399)","one voyage or venture, returning to the home port"
SCR-0739-S,CF1,P,n quam In ~o posuit lb,"Giovanni Scriba I, no. 739 (p. 399)",both sides contribute capital; one side travels or works
SCR-0739-S,CF2,0,sint ad rcsi('um et fortunam soci etati s,"Giovanni Scriba I, no. 739 (p. 399)",peril clause puts the investor's capital at the investor's peril ; the working party bears only his own portion
SCR-0739-S,CF3,multilateral,"Te!'tes Lambertus Guercius, Ingo Nocent ius, Anfussus Buiach esius , Ocell tt!'\. Tngo de Volta et \\""uilielmu s eius fi","Giovanni Scriba I, no. 739 (p. 399)",2 principal(s) named
SCR-0739-S,CI1,common,n quam In ~o posuit lb,"Giovanni Scriba I, no. 739 (p. 399)",contributions merged in one stock
SCR-0739-S,RB1,shared,sint ad rcsi('um et fortunam soci etati s,"Giovanni Scriba I, no. 739 (p. 399)",peril clause
SCR-0739-S,PR1,0,sint ad rcsi('um et fortunam soci etati s,"Giovanni Scriba I, no. 739 (p. 399)",peril allocated with no charge set for bearing it
SCR-0739-S,MC1,allocation,sint ad rcsi('um et fortunam soci etati s,"Giovanni Scriba I, no. 739 (p. 399)",peril assigned to named parties by contract
SCR-0739-S,MB3,voluntary,"Te!'tes Lambertus Guercius, Ingo Nocent ius, Anfussus Buiach esius , Ocell tt!'\. Tngo de Volta et \\""uilielmu s eius fi","Giovanni Scriba I, no. 739 (p. 399)",entry by private contract
SCR-0739-S,LP2,P,sint ad rcsi('um et fortunam soci etati s,"Giovanni Scriba I, no. 739 (p. 399)",goods spoken of as the societas's own; title not addressed
SCR-0745-S,TS2,single-venture,"c Vassallus laboratu,n quo velit","Giovanni Scriba I, no. 745 (p. 401)","one voyage or venture, returning to the home port"
SCR-0745-S,CF1,P,fecerunt sodetatem lb,"Giovanni Scriba I, no. 745 (p. 401)",both sides contribute capital; one side travels or works
SCR-0745-S,CF3,bilateral,fecerunt sodetatem lb,"Giovanni Scriba I, no. 745 (p. 401)",1 principal(s) named
SCR-0745-S,LR2,coupled,"potest,atepi Iòsseramis, caipitali tracto , proficuum per medium dividere debept","Giovanni Scriba I, no. 745 (p. 401)",working party takes a share of profit
SCR-0745-S,LR3,P,"potest,atepi Iòsseramis, caipitali tracto , proficuum per medium dividere debept","Giovanni Scriba I, no. 745 (p. 401)","profit shared by agreed fraction, not in proportion to capital stake"
SCR-0745-S,LR6,symmetric,fecerunt sodetatem lb,"Giovanni Scriba I, no. 745 (p. 401)","exposed to losses on his own contribution or by guarantee of capital, and shares gains"
SCR-0745-S,CI1,common,fecerunt sodetatem lb,"Giovanni Scriba I, no. 745 (p. 401)",contributions merged in one stock
SCR-0745-S,MB3,voluntary,fecerunt sodetatem lb,"Giovanni Scriba I, no. 745 (p. 401)",entry by private contract
SCR-0751-S,TS2,single-venture,"iipsas, quam omnem societatem Oger laboratum por tat quo velit, in poteslateni Stabilis et Ribaldi vel illius","Giovanni Scriba I, no. 751 (p. 404)","one voyage or venture, returning to the home port"
SCR-0751-S,CF1,P,societateJll in quani Ribaldus •posuil lb,"Giovanni Scriba I, no. 751 (p. 404)",both sides contribute capital; one side travels or works
SCR-0751-S,CF3,multilateral,contraxerunt societateJll in quani Ribaldus •posuil lb,"Giovanni Scriba I, no. 751 (p. 404)",4 principal(s) named
SCR-0751-S,LR2,coupled,"honmi qui lanm1Jll erit, capitali tracto, proficuum per m edium","Giovanni Scriba I, no. 751 (p. 404)",working party takes a share of profit
SCR-0751-S,LR3,P,"honmi qui lanm1Jll erit, capitali tracto, proficuum per m edium","Giovanni Scriba I, no. 751 (p. 404)","profit shared by agreed fraction, not in proportion to capital stake"
SCR-0751-S,LR6,symmetric,societateJll in quani Ribaldus •posuil lb,"Giovanni Scriba I, no. 751 (p. 404)","exposed to losses on his own contribution or by guarantee of capital, and shares gains"
SCR-0751-S,CI1,common,societateJll in quani Ribaldus •posuil lb,"Giovanni Scriba I, no. 751 (p. 404)",contributions merged in one stock
SCR-0751-S,MB3,voluntary,contraxerunt societateJll in quani Ribaldus •posuil lb,"Giovanni Scriba I, no. 751 (p. 404)",entry by private contract
SCR-0757-S,TS2,single-venture,"pendere et lucrari per libram , in reditu in poteslalem Iosseramis, capitali lracto , proficuum per medium","Giovanni Scriba I, no. 757 (p. 407)","one voyage or venture, returning to the home port"
SCR-0757-S,CF1,P,fecerunt societa lem lb,"Giovanni Scriba I, no. 757 (p. 407)",both sides contribute capital; one side travels or works
SCR-0757-S,CF3,bilateral,fecerunt societa lem lb,"Giovanni Scriba I, no. 757 (p. 407)",1 principal(s) named
SCR-0757-S,LR2,coupled,"poteslalem Iosseramis, capitali lracto , proficuum per medium","Giovanni Scriba I, no. 757 (p. 407)",working party takes a share of profit
SCR-0757-S,LR3,P,"poteslalem Iosseramis, capitali lracto , proficuum per medium","Giovanni Scriba I, no. 757 (p. 407)","profit shared by agreed fraction, not in proportion to capital stake"
SCR-0757-S,LR6,symmetric,fecerunt societa lem lb,"Giovanni Scriba I, no. 757 (p. 407)","exposed to losses on his own contribution or by guarantee of capital, and shares gains"
SCR-0757-S,CI1,common,fecerunt societa lem lb,"Giovanni Scriba I, no. 757 (p. 407)",contributions merged in one stock
SCR-0757-S,MB3,voluntary,fecerunt societa lem lb,"Giovanni Scriba I, no. 757 (p. 407)",entry by private contract
SCR-0764-S,TS2,single-venture,Curo hac omni soci etate laboratuni ire debenl a mbo ipsi l\fartinus et Vi llanus coniunclim et,"Giovanni Scriba I, no. 764 (p. 410)","one voyage or venture, returning to the home port"
SCR-0764-S,CF1,P,societatem in qua:m Martinus contulit lb,"Giovanni Scriba I, no. 764 (p. 410)",both sides contribute capital; one side travels or works
SCR-0764-S,CF3,bilateral,fecerunt societatem in qua:m Martinus contulit lb,"Giovanni Scriba I, no. 764 (p. 410)",1 principal(s) named
SCR-0764-S,LR2,coupled,c~upi talis et profì cuum eorum preter quartam quam propria debct esse ipsius VilJ,"Giovanni Scriba I, no. 764 (p. 410)",working party takes a share of profit
SCR-0764-S,LR3,P,c~upi talis et profì cuum eorum preter quartam quam propria debct esse ipsius VilJ,"Giovanni Scriba I, no. 764 (p. 410)","profit shared by agreed fraction, not in proportion to capital stake"
SCR-0764-S,LR6,symmetric,societatem in qua:m Martinus contulit lb,"Giovanni Scriba I, no. 764 (p. 410)","exposed to losses on his own contribution or by guarantee of capital, and shares gains"
SCR-0764-S,CI1,common,societatem in qua:m Martinus contulit lb,"Giovanni Scriba I, no. 764 (p. 410)",contributions merged in one stock
SCR-0764-S,MB3,voluntary,fecerunt societatem in qua:m Martinus contulit lb,"Giovanni Scriba I, no. 764 (p. 410)",entry by private contract
SCR-0771-S,TS2,single-venture,"1per libram , quam omnem pecuniàm laboralum portare debet apurl Seplaro et inde quo voluerit","Giovanni Scriba I, no. 771 (p. 414)","one voyage or venture, returning to the home port"
SCR-0771-S,CF1,P,quas ad eas posuit de suis profìtenle hoc i psum,"Giovanni Scriba I, no. 771 (p. 414)",both sides contribute capital; one side travels or works
SCR-0771-S,CF3,multilateral,Professus est Botarolius se suscepisse in societateni a Dondedeo Bocaro lb,"Giovanni Scriba I, no. 771 (p. 414)",2 principal(s) named
SCR-0771-S,LR2,coupled,Botarolius medietatem hahiturus et illi duo alià,"Giovanni Scriba I, no. 771 (p. 414)",working party takes a share of profit
SCR-0771-S,LR3,P,Botarolius medietatem hahiturus et illi duo alià,"Giovanni Scriba I, no. 771 (p. 414)","profit shared by agreed fraction, not in proportion to capital stake"
SCR-0771-S,LR6,symmetric,quas ad eas posuit de suis profìtenle hoc i psum,"Giovanni Scriba I, no. 771 (p. 414)","exposed to losses on his own contribution or by guarantee of capital, and shares gains"
SCR-0771-S,CI1,common,quas ad eas posuit de suis profìtenle hoc i psum,"Giovanni Scriba I, no. 771 (p. 414)",contributions merged in one stock
SCR-0771-S,MB3,voluntary,Professus est Botarolius se suscepisse in societateni a Dondedeo Bocaro lb,"Giovanni Scriba I, no. 771 (p. 414)",entry by private contract
SCR-0774-S,TS2,single-venture,"Ogerius filius ipsius Enrici debet laboratum portare Salernum et quo voluerit , in reditu , capitali tracto","Giovanni Scriba I, no. 774 (p. 416)","one voyage or venture, returning to the home port"
SCR-0774-S,CF1,P,"Maçal, in qua Picamilium contulit lb","Giovanni Scriba I, no. 774 (p. 416)",both sides contribute capital; one side travels or works
SCR-0774-S,CF3,bilateral,"Societatem contraxerunt Picamilium et Enricus Maçal, in qua Picamilium contulit lb","Giovanni Scriba I, no. 774 (p. 416)",1 principal(s) named
SCR-0774-S,LR2,coupled,"reditu , capitali tracto, proficuum debent divìdere per m edium","Giovanni Scriba I, no. 774 (p. 416)",working party takes a share of profit
SCR-0774-S,LR3,P,"reditu , capitali tracto, proficuum debent divìdere per m edium","Giovanni Scriba I, no. 774 (p. 416)","profit shared by agreed fraction, not in proportion to capital stake"
SCR-0774-S,LR6,symmetric,"Maçal, in qua Picamilium contulit lb","Giovanni Scriba I, no. 774 (p. 416)","exposed to losses on his own contribution or by guarantee of capital, and shares gains"
SCR-0774-S,CI1,common,"Maçal, in qua Picamilium contulit lb","Giovanni Scriba I, no. 774 (p. 416)",contributions merged in one stock
SCR-0774-S,MB3,voluntary,"Societatem contraxerunt Picamilium et Enricus Maçal, in qua Picamilium contulit lb","Giovanni Scriba I, no. 774 (p. 416)",entry by private contract
SCR-0781-S,TS2,single-venture,"Cum hac socielate vadit laboratum quo voluerit, in reditu ip potestatem Boni Iohannis vel eius","Giovanni Scriba I, no. 781 (p. 419)","one voyage or venture, returning to the home port"
SCR-0781-S,CF1,P,contraxerun t,"Giovanni Scriba I, no. 781 (p. 419)",both sides contribute capital; one side travels or works
SCR-0781-S,CF3,bilateral,contraxerun t,"Giovanni Scriba I, no. 781 (p. 419)",1 principal(s) named
SCR-0781-S,LR2,coupled,"capitali utriusque extracto, profìcuum debent dividere per medium","Giovanni Scriba I, no. 781 (p. 419)",working party takes a share of profit
SCR-0781-S,LR3,P,"capitali utriusque extracto, profìcuum debent dividere per medium","Giovanni Scriba I, no. 781 (p. 419)","profit shared by agreed fraction, not in proportion to capital stake"
SCR-0781-S,LR6,symmetric,contraxerun t,"Giovanni Scriba I, no. 781 (p. 419)","exposed to losses on his own contribution or by guarantee of capital, and shares gains"
SCR-0781-S,CI1,common,contraxerun t,"Giovanni Scriba I, no. 781 (p. 419)",contributions merged in one stock
SCR-0781-S,MB3,voluntary,contraxerun t,"Giovanni Scriba I, no. 781 (p. 419)",entry by private contract
SCR-0803-S,TS2,single-venture,"Hanc societa tem laboratuµi, Bonus lohannes Buçearri et inde quo voluerit, in redilu ad divisionem","Giovanni Scriba I, no. 803 (p. 432)","one voyage or venture, returning to the home port"
SCR-0803-S,CF1,P,"Testes Petrus de -'farino, Gaiardus, lohan nes caramang us, En ricus pensalor , Hodeçon g uardator, Ribald us Xameuellus","Giovanni Scriba I, no. 803 (p. 432)",both sides contribute capital; one side travels or works
SCR-0803-S,CF3,bilateral,"Testes Petrus de -'farino, Gaiardus, lohan nes caramang us, En ricus pensalor , Hodeçon g uardator, Ribald us Xameuellus","Giovanni Scriba I, no. 803 (p. 432)",1 principal(s) named
SCR-0803-S,LR2,coupled,in redilu ad divisionem capitali extracto proficuum per medium dividere d ebent,"Giovanni Scriba I, no. 803 (p. 432)",working party takes a share of profit
SCR-0803-S,LR3,P,in redilu ad divisionem capitali extracto proficuum per medium dividere d ebent,"Giovanni Scriba I, no. 803 (p. 432)","profit shared by agreed fraction, not in proportion to capital stake"
SCR-0803-S,LR6,symmetric,"Testes Petrus de -'farino, Gaiardus, lohan nes caramang us, En ricus pensalor , Hodeçon g uardator, Ribald us Xameuellus","Giovanni Scriba I, no. 803 (p. 432)","exposed to losses on his own contribution or by guarantee of capital, and shares gains"
SCR-0803-S,CI1,common,"Testes Petrus de -'farino, Gaiardus, lohan nes caramang us, En ricus pensalor , Hodeçon g uardator, Ribald us Xameuellus","Giovanni Scriba I, no. 803 (p. 432)",contributions merged in one stock
SCR-0803-S,MB3,voluntary,"Testes Petrus de -'farino, Gaiardus, lohan nes caramang us, En ricus pensalor , Hodeçon g uardator, Ribald us Xameuellus","Giovanni Scriba I, no. 803 (p. 432)",entry by private contract
CAS-0029-C,TS2,fixed-term,u s q u e ad a n n u m,"Guglielmo Cassinese I, no. 29 (p. 14)",from the duration clause
CAS-0029-C,CF1,1,[Confite]tur Amicus draperius se habere in acc o m en d atio n e a Marchesia Villana lib,"Guglielmo Cassinese I, no. 29 (p. 14)",capital from the investor side only; the other party works
CAS-0029-C,CF2,1,et tu n c dare prom ittit ei capitale,"Guglielmo Cassinese I, no. 29 (p. 14)",unconditional promise by the working party to return the whole capital
CAS-0029-C,CF3,bilateral,[Confite]tur Amicus draperius se habere in acc o m en d atio n e a Marchesia Villana lib,"Guglielmo Cassinese I, no. 29 (p. 14)",1 principal(s) named
CAS-0029-C,MB3,voluntary,[Confite]tur Amicus draperius se habere in acc o m en d atio n e a Marchesia Villana lib,"Guglielmo Cassinese I, no. 29 (p. 14)",entry by private contract
CAS-0041-C,TS2,single-venture,lm u s de Meleto se portare in accomendalione a R olan do de C anneto lib,"Guglielmo Cassinese I, no. 41 (p. 19)","one voyage or venture, returning to the home port"
CAS-0041-C,CF1,1,[C o n fìte tu r] ............lm u s de Meleto se portare in accomendalione a R olan do de C anneto lib. .xv. Napolim et,"Guglielmo Cassinese I, no. 41 (p. 19)",capital from the investor side only; the other party works
CAS-0041-C,CF3,bilateral,[C o n fìte tu r] ............lm u s de Meleto se portare in accomendalione a R olan do de C anneto lib. .xv. Napolim et,"Guglielmo Cassinese I, no. 41 (p. 19)",1 principal(s) named
CAS-0041-C,LR2,coupled,"causa n e g o c ia n d i, ad terciam proficui","Guglielmo Cassinese I, no. 41 (p. 19)",working party takes a share of profit
CAS-0041-C,LR3,P,"causa n e g o c ia n d i, ad terciam proficui","Guglielmo Cassinese I, no. 41 (p. 19)","profit shared by agreed fraction, not in proportion to capital stake"
CAS-0041-C,MB3,voluntary,[C o n fìte tu r] ............lm u s de Meleto se portare in accomendalione a R olan do de C anneto lib. .xv. Napolim et,"Guglielmo Cassinese I, no. 41 (p. 19)",entry by private contract
CAS-0050-C,TS2,single-venture,Confìtetur P etrus Albus se portare in accomendatione [a Petro de C ruce et a b Oberto de] Aquabona,"Guglielmo Cassinese I, no. 50 (p. 22)","one voyage or venture, returning to the home port"
CAS-0050-C,CF1,1,Confìtetur P etrus Albus se portare in accomendatione [a Petro de C ruce et a b Oberto de] Aquabona lib,"Guglielmo Cassinese I, no. 50 (p. 22)",capital from the investor side only; the other party works
CAS-0050-C,CF3,multilateral,Confìtetur P etrus Albus se portare in accomendatione [a Petro de C ruce et a b Oberto de] Aquabona lib,"Guglielmo Cassinese I, no. 50 (p. 22)",2 principal(s) named
CAS-0050-C,LR2,coupled,"[Monlem]pesulanum, ad quartam proficui,- que debet reverti ad societatem","Guglielmo Cassinese I, no. 50 (p. 22)",working party takes a share of profit
CAS-0050-C,LR3,P,"[Monlem]pesulanum, ad quartam proficui,- que debet reverti ad societatem","Guglielmo Cassinese I, no. 50 (p. 22)","profit shared by agreed fraction, not in proportion to capital stake"
CAS-0050-C,MB3,voluntary,Confìtetur P etrus Albus se portare in accomendatione [a Petro de C ruce et a b Oberto de] Aquabona lib,"Guglielmo Cassinese I, no. 50 (p. 22)",entry by private contract
CAS-0058-C,TS2,single-venture,onfìtetur Johannes Stralleira se portare in acc o m e n d a t i o n e de rebus A [d a]lax ie uxoris Fulconis,"Guglielmo Cassinese I, no. 58 (p. 25)","one voyage or venture, returning to the home port"
CAS-0058-C,CF1,1,C onfìtetur Johannes Stralleira se portare in acc o m e n d a t i o n e de rebus A [d a]lax ie uxoris Fulconis [de,"Guglielmo Cassinese I, no. 58 (p. 25)",capital from the investor side only; the other party works
CAS-0058-C,CF3,bilateral,C onfìtetur Johannes Stralleira se portare in acc o m e n d a t i o n e de rebus A [d a]lax ie uxoris Fulconis [de,"Guglielmo Cassinese I, no. 58 (p. 25)",1 principal(s) named
CAS-0058-C,MB3,voluntary,C onfìtetur Johannes Stralleira se portare in acc o m e n d a t i o n e de rebus A [d a]lax ie uxoris Fulconis [de,"Guglielmo Cassinese I, no. 58 (p. 25)",entry by private contract
CAS-0103-C,TS2,single-venture,Confitetur Simon Botarius se portare in accom endatione a W ilielmo Rataldo lib,"Guglielmo Cassinese I, no. 103 (p. 43)","one voyage or venture, returning to the home port"
CAS-0103-C,CF1,1,Confitetur Simon Botarius se portare in accom endatione a W ilielmo Rataldo lib,"Guglielmo Cassinese I, no. 103 (p. 43)",capital from the investor side only; the other party works
CAS-0103-C,CF3,bilateral,Confitetur Simon Botarius se portare in accom endatione a W ilielmo Rataldo lib,"Guglielmo Cassinese I, no. 103 (p. 43)",1 principal(s) named
CAS-0103-C,LR2,coupled,"Tunexim , causa negociandi, bona fide, ad quartam profìcui","Guglielmo Cassinese I, no. 103 (p. 43)",working party takes a share of profit
CAS-0103-C,LR3,P,"Tunexim , causa negociandi, bona fide, ad quartam profìcui","Guglielmo Cassinese I, no. 103 (p. 43)","profit shared by agreed fraction, not in proportion to capital stake"
CAS-0103-C,MB3,voluntary,Confitetur Simon Botarius se portare in accom endatione a W ilielmo Rataldo lib,"Guglielmo Cassinese I, no. 103 (p. 43)",entry by private contract
CAS-0119-C,TS2,single-venture,Confìletur Lam bertus se portare in accomendatione a W ilielm o suo patre lib,"Guglielmo Cassinese I, no. 119 (p. 49)","one voyage or venture, returning to the home port"
CAS-0119-C,CF1,1,Confìletur Lam bertus se portare in accomendatione a W ilielm o suo patre lib,"Guglielmo Cassinese I, no. 119 (p. 49)",capital from the investor side only; the other party works
CAS-0119-C,CF3,bilateral,Confìletur Lam bertus se portare in accomendatione a W ilielm o suo patre lib,"Guglielmo Cassinese I, no. 119 (p. 49)",1 principal(s) named
CAS-0119-C,MB3,voluntary,Confìletur Lam bertus se portare in accomendatione a W ilielm o suo patre lib,"Guglielmo Cassinese I, no. 119 (p. 49)",entry by private contract
CAS-0125-C,TS2,single-venture,quondam fdius Ugonis de Castello se portare in accom endatione ab Ansaldo Fornario et ab Oliverio Marzoco,"Guglielmo Cassinese I, no. 125 (p. 52)","one voyage or venture, returning to the home port"
CAS-0125-C,CF1,1,Confitetur Opizo quondam fdius Ugonis de Castello se portare in accom endatione ab Ansaldo Fornario et ab Oliverio Marzoco lib,"Guglielmo Cassinese I, no. 125 (p. 52)",capital from the investor side only; the other party works
CAS-0125-C,CF3,multilateral,Confitetur Opizo quondam fdius Ugonis de Castello se portare in accom endatione ab Ansaldo Fornario et ab Oliverio Marzoco lib,"Guglielmo Cassinese I, no. 125 (p. 52)",2 principal(s) named
CAS-0125-C,LR2,coupled,"sibi videbitur melius causa negociandi bona fide, ad q u artam proficui et debet facere expensas per lib ram","Guglielmo Cassinese I, no. 125 (p. 52)",working party takes a share of profit
CAS-0125-C,LR3,P,"sibi videbitur melius causa negociandi bona fide, ad q u artam proficui et debet facere expensas per lib ram","Guglielmo Cassinese I, no. 125 (p. 52)","profit shared by agreed fraction, not in proportion to capital stake"
CAS-0125-C,CI1,common,artam proficui et debet facere expensas per lib ram cum aliis,"Guglielmo Cassinese I, no. 125 (p. 52)",capital invested or charged in common with other capital
CAS-0125-C,MB3,voluntary,Confitetur Opizo quondam fdius Ugonis de Castello se portare in accom endatione ab Ansaldo Fornario et ab Oliverio Marzoco lib,"Guglielmo Cassinese I, no. 125 (p. 52)",entry by private contract
CAS-0138-C,TS2,single-venture,Confitelur Ogerius de Volta (2) se portare in accomendatione a Jordano Ricerio lib,"Guglielmo Cassinese I, no. 138 (p. 56)","one voyage or venture, returning to the home port"
CAS-0138-C,CF1,1,Confitelur Ogerius de Volta (2) se portare in accomendatione a Jordano Ricerio lib,"Guglielmo Cassinese I, no. 138 (p. 56)",capital from the investor side only; the other party works
CAS-0138-C,CF3,bilateral,Confitelur Ogerius de Volta (2) se portare in accomendatione a Jordano Ricerio lib,"Guglielmo Cassinese I, no. 138 (p. 56)",1 principal(s) named
CAS-0138-C,LR2,coupled,Et debet habere q u arta m proficui,"Guglielmo Cassinese I, no. 138 (p. 56)",working party takes a share of profit
CAS-0138-C,LR3,P,Et debet habere q u arta m proficui,"Guglielmo Cassinese I, no. 138 (p. 56)","profit shared by agreed fraction, not in proportion to capital stake"
CAS-0138-C,MB3,voluntary,Confitelur Ogerius de Volta (2) se portare in accomendatione a Jordano Ricerio lib,"Guglielmo Cassinese I, no. 138 (p. 56)",entry by private contract
CAS-0175-C,TS2,single-venture,"Contitetur Balduinus de Terra Alba se portare in accomenda! ione, voluntate Iohannis Pellixelle presentis","Guglielmo Cassinese I, no. 175 (p. 72)","one voyage or venture, returning to the home port"
CAS-0175-C,CF1,1,"Contitetur Balduinus de Terra Alba se portare in accomenda! ione, voluntate Iohannis Pellixelle presentis cum quo habet ","Guglielmo Cassinese I, no. 175 (p. 72)",capital from the investor side only; the other party works
CAS-0175-C,CF3,multilateral,"Contitetur Balduinus de Terra Alba se portare in accomenda! ione, voluntate Iohannis Pellixelle presentis cum quo habet ","Guglielmo Cassinese I, no. 175 (p. 72)",2 principal(s) named
CAS-0175-C,LR2,coupled,"in Sardiniam, causa negociand i, ad terciam proficui, et que libre debent lu crali et expendere","Guglielmo Cassinese I, no. 175 (p. 72)",working party takes a share of profit
CAS-0175-C,LR3,P,"in Sardiniam, causa negociand i, ad terciam proficui, et que libre debent lu crali et expendere","Guglielmo Cassinese I, no. 175 (p. 72)","profit shared by agreed fraction, not in proportion to capital stake"
CAS-0175-C,CI1,common,et que libre debent lu crali et expendere per libranti cum rebus quas portat,"Guglielmo Cassinese I, no. 175 (p. 72)",capital invested or charged in common with other capital
CAS-0175-C,MB3,voluntary,"Contitetur Balduinus de Terra Alba se portare in accomenda! ione, voluntate Iohannis Pellixelle presentis cum quo habet ","Guglielmo Cassinese I, no. 175 (p. 72)",entry by private contract
CAS-0212-C,TS2,single-venture,Gonfìtetur W ilielm us de Veguli se portare in accomendatione a lo h a n n e cazaor sol,"Guglielmo Cassinese I, no. 212 (p. 86)","one voyage or venture, returning to the home port"
CAS-0212-C,CF1,1,Gonfìtetur W ilielm us de Veguli se portare in accomendatione a lo h a n n e cazaor sol. . x l . Napolim et inde quo sib,"Guglielmo Cassinese I, no. 212 (p. 86)",capital from the investor side only; the other party works
CAS-0212-C,CF3,multilateral,Gonfìtetur W ilielm us de Veguli se portare in accomendatione a lo h a n n e cazaor sol. . x l . Napolim et inde quo sib,"Guglielmo Cassinese I, no. 212 (p. 86)",2 principal(s) named
CAS-0212-C,LR2,coupled,"videbitur melius, causa negociandi, bona fide, ad quartam proficui","Guglielmo Cassinese I, no. 212 (p. 86)",working party takes a share of profit
CAS-0212-C,LR3,P,"videbitur melius, causa negociandi, bona fide, ad quartam proficui","Guglielmo Cassinese I, no. 212 (p. 86)","profit shared by agreed fraction, not in proportion to capital stake"
CAS-0212-C,MB3,voluntary,Gonfìtetur W ilielm us de Veguli se portare in accomendatione a lo h a n n e cazaor sol. . x l . Napolim et inde quo sib,"Guglielmo Cassinese I, no. 212 (p. 86)",entry by private contract
CAS-0271-C,TS2,single-venture,Confitetur Isim bardus de Mortedo se po rtare in accom endatione a M artino P icardo lib,"Guglielmo Cassinese I, no. 271 (p. 110)","one voyage or venture, returning to the home port"
CAS-0271-C,CF1,1,Confitetur Isim bardus de Mortedo se po rtare in accom endatione a M artino P icardo lib,"Guglielmo Cassinese I, no. 271 (p. 110)",capital from the investor side only; the other party works
CAS-0271-C,CF3,bilateral,Confitetur Isim bardus de Mortedo se po rtare in accom endatione a M artino P icardo lib,"Guglielmo Cassinese I, no. 271 (p. 110)",1 principal(s) named
CAS-0271-C,LR2,coupled,"sibi videbitur, causa negociandi, bon a,fid e, ad q u arta m proficui","Guglielmo Cassinese I, no. 271 (p. 110)",working party takes a share of profit
CAS-0271-C,LR3,P,"sibi videbitur, causa negociandi, bon a,fid e, ad q u arta m proficui","Guglielmo Cassinese I, no. 271 (p. 110)","profit shared by agreed fraction, not in proportion to capital stake"
CAS-0271-C,CI1,common,Et que lib re debent expendere per librarci cum societate,"Guglielmo Cassinese I, no. 271 (p. 110)",capital invested or charged in common with other capital
CAS-0271-C,MB3,voluntary,Confitetur Isim bardus de Mortedo se po rtare in accom endatione a M artino P icardo lib,"Guglielmo Cassinese I, no. 271 (p. 110)",entry by private contract
CAS-0290-C,TS2,single-venture,oniltetur Im bertus de Verzastello se portare v o lu n tate Rubp,"Guglielmo Cassinese I, no. 290 (p. 118)","one voyage or venture, returning to the home port"
CAS-0290-C,CF1,1,C oniltetur Im bertus de Verzastello se portare v o lu n tate Rubp,"Guglielmo Cassinese I, no. 290 (p. 118)",capital from the investor side only; the other party works
CAS-0290-C,CF3,multilateral,C oniltetur Im bertus de Verzastello se portare v o lu n tate Rubp,"Guglielmo Cassinese I, no. 290 (p. 118)",2 principal(s) named
CAS-0290-C,MB3,voluntary,C oniltetur Im bertus de Verzastello se portare v o lu n tate Rubp,"Guglielmo Cassinese I, no. 290 (p. 118)",entry by private contract
CAS-0306-C,TS2,single-venture,liv e riu s Septem L ingue (2) se portare in accom end a tio n e de re b u s A idele de A lberiois a Lafranco,"Guglielmo Cassinese I, no. 306 (p. 123)","one voyage or venture, returning to the home port"
CAS-0306-C,CF1,1,C o n fite tu r O liv e riu s Septem L ingue (2) se portare in accom end a tio n e de re b u s A idele de A lberiois a Lafranco filio,"Guglielmo Cassinese I, no. 306 (p. 123)",capital from the investor side only; the other party works
CAS-0306-C,CF3,bilateral,C o n fite tu r O liv e riu s Septem L ingue (2) se portare in accom end a tio n e de re b u s A idele de A lberiois a Lafranco filio,"Guglielmo Cassinese I, no. 306 (p. 123)",1 principal(s) named
CAS-0306-C,CI1,several-accounts,"expensas preter in furn ire res, et im p lic a re sep aratim","Guglielmo Cassinese I, no. 306 (p. 123)",separate investment required
CAS-0306-C,MB3,voluntary,C o n fite tu r O liv e riu s Septem L ingue (2) se portare in accom end a tio n e de re b u s A idele de A lberiois a Lafranco filio,"Guglielmo Cassinese I, no. 306 (p. 123)",entry by private contract
CAS-0321-C,CF1,1,"Et a W ilielm o Barbavaira lib. . l v i i . et sol. .mi. et den. .in., ad q u arta m proficui. Et debet lacere expensas ","Guglielmo Cassinese I, no. 321 (p. 130)",capital from the investor side only; the other party works
CAS-0321-C,CF3,bilateral,"Et a W ilielm o Barbavaira lib. . l v i i . et sol. .mi. et den. .in., ad q u arta m proficui. Et debet lacere expensas ","Guglielmo Cassinese I, no. 321 (p. 130)",1 principal(s) named
CAS-0321-C,LR2,coupled,ad q u arta m proficui,"Guglielmo Cassinese I, no. 321 (p. 130)",working party takes a share of profit
CAS-0321-C,LR3,P,ad q u arta m proficui,"Guglielmo Cassinese I, no. 321 (p. 130)","profit shared by agreed fraction, not in proportion to capital stake"
CAS-0321-C,MB3,voluntary,"Et a W ilielm o Barbavaira lib. . l v i i . et sol. .mi. et den. .in., ad q u arta m proficui. Et debet lacere expensas ","Guglielmo Cassinese I, no. 321 (p. 130)",entry by private contract
CAS-0332-C,CF1,1,Confìtetur Josbertus se habere in accom endatione a W ilie lm o Gallo lib,"Guglielmo Cassinese I, no. 332 (p. 133)",capital from the investor side only; the other party works
CAS-0332-C,CF3,bilateral,Confìtetur Josbertus se habere in accom endatione a W ilie lm o Gallo lib,"Guglielmo Cassinese I, no. 332 (p. 133)",1 principal(s) named
CAS-0332-C,MB3,voluntary,Confìtetur Josbertus se habere in accom endatione a W ilie lm o Gallo lib,"Guglielmo Cassinese I, no. 332 (p. 133)",entry by private contract
CAS-0362-C,TS2,single-venture,fite tu r E n ric u s Y italis se portare nom ine pignoris in accom e n d a tio n e a W ilielm o M artino,"Guglielmo Cassinese I, no. 362 (p. 143)","one voyage or venture, returning to the home port"
CAS-0362-C,CF1,P,C o n fite tu r E n ric u s Y italis se portare nom ine pignoris in accom e n d a tio n e a W ilielm o M artino et a Bertramo,"Guglielmo Cassinese I, no. 362 (p. 143)",both sides contribute capital; one side travels or works
CAS-0362-C,CF2,P,pignus p re d ic tu m d e b e t esse ad fo rtu n am Enrici in tan tu m quod sunt uncie .c .,"Guglielmo Cassinese I, no. 362 (p. 143)",
CAS-0362-C,CF3,multilateral,C o n fite tu r E n ric u s Y italis se portare nom ine pignoris in accom e n d a tio n e a W ilielm o M artino et a Bertramo,"Guglielmo Cassinese I, no. 362 (p. 143)",3 principal(s) named
CAS-0362-C,RB1,shared,s u p e rflu u m ad fo rtu n am eorum,"Guglielmo Cassinese I, no. 362 (p. 143)",peril clause
CAS-0362-C,PR1,0,s u p e rflu u m ad fo rtu n am eorum,"Guglielmo Cassinese I, no. 362 (p. 143)",peril allocated with no charge set for bearing it
CAS-0362-C,MC1,allocation,s u p e rflu u m ad fo rtu n am eorum,"Guglielmo Cassinese I, no. 362 (p. 143)",peril assigned to named parties by contract
CAS-0362-C,RB3,goods,et quos drapos ei pignori oblig a n t,"Guglielmo Cassinese I, no. 362 (p. 143)",the goods carried are pledged to the working party
CAS-0362-C,MB3,voluntary,C o n fite tu r E n ric u s Y italis se portare nom ine pignoris in accom e n d a tio n e a W ilielm o M artino et a Bertramo,"Guglielmo Cassinese I, no. 362 (p. 143)",entry by private contract
CAS-0375-C,TS2,single-venture,e t u r E n r i c u s V italis se portare in accomendatione a Peiro N aso d e P i c a l i b,"Guglielmo Cassinese I, no. 375 (p. 149)","one voyage or venture, returning to the home port"
CAS-0375-C,CF1,1,C o n f i t e t u r E n r i c u s V italis se portare in accomendatione a Peiro N aso d e P i c a l i b,"Guglielmo Cassinese I, no. 375 (p. 149)",capital from the investor side only; the other party works
CAS-0375-C,CF3,bilateral,C o n f i t e t u r E n r i c u s V italis se portare in accomendatione a Peiro N aso d e P i c a l i b,"Guglielmo Cassinese I, no. 375 (p. 149)",1 principal(s) named
CAS-0375-C,LR2,coupled,"in S iciliana, causa negociandi, ad quartana profìc u i","Guglielmo Cassinese I, no. 375 (p. 149)",working party takes a share of profit
CAS-0375-C,LR3,P,"in S iciliana, causa negociandi, ad quartana profìc u i","Guglielmo Cassinese I, no. 375 (p. 149)","profit shared by agreed fraction, not in proportion to capital stake"
CAS-0375-C,MB3,voluntary,C o n f i t e t u r E n r i c u s V italis se portare in accomendatione a Peiro N aso d e P i c a l i b,"Guglielmo Cassinese I, no. 375 (p. 149)",entry by private contract
CAS-0383-C,TS2,single-venture,Vasallus de Molino de Sore (1) se portare in accomendatione a Mabilia de Baltigario lib,"Guglielmo Cassinese I, no. 383 (p. 152)","one voyage or venture, returning to the home port"
CAS-0383-C,CF1,1,Confitetur Vasallus de Molino de Sore (1) se portare in accomendatione a Mabilia de Baltigario lib,"Guglielmo Cassinese I, no. 383 (p. 152)",capital from the investor side only; the other party works
CAS-0383-C,CF3,bilateral,Confitetur Vasallus de Molino de Sore (1) se portare in accomendatione a Mabilia de Baltigario lib,"Guglielmo Cassinese I, no. 383 (p. 152)",1 principal(s) named
CAS-0383-C,LR2,veiled,gratis,"Guglielmo Cassinese I, no. 383 (p. 152)",working party takes no share of profit
CAS-0383-C,LR3,1,gratis,"Guglielmo Cassinese I, no. 383 (p. 152)",all profit to the capital provider
CAS-0383-C,CI1,common,Et debet facere expensas per libram cum rebus quas portat,"Guglielmo Cassinese I, no. 383 (p. 152)",capital invested or charged in common with other capital
CAS-0383-C,MB3,voluntary,Confitetur Vasallus de Molino de Sore (1) se portare in accomendatione a Mabilia de Baltigario lib,"Guglielmo Cassinese I, no. 383 (p. 152)",entry by private contract
CAS-0417-C,TS2,single-venture,Coniitetur Amicus de Bavali de Cerreto se portare in accomendatione a presbytero Iohanne de Sancto Damiano lib,"Guglielmo Cassinese I, no. 417 (p. 166)","one voyage or venture, returning to the home port"
CAS-0417-C,CF1,1,Coniitetur Amicus de Bavali de Cerreto se portare in accomendatione a presbytero Iohanne de Sancto Damiano lib,"Guglielmo Cassinese I, no. 417 (p. 166)",capital from the investor side only; the other party works
CAS-0417-C,CF3,bilateral,Coniitetur Amicus de Bavali de Cerreto se portare in accomendatione a presbytero Iohanne de Sancto Damiano lib,"Guglielmo Cassinese I, no. 417 (p. 166)",1 principal(s) named
CAS-0417-C,LR2,coupled,"cum Oberto Daneso, Gausa negociandi bon a fide, ad quarlam proficui","Guglielmo Cassinese I, no. 417 (p. 166)",working party takes a share of profit
CAS-0417-C,LR3,P,"cum Oberto Daneso, Gausa negociandi bon a fide, ad quarlam proficui","Guglielmo Cassinese I, no. 417 (p. 166)","profit shared by agreed fraction, not in proportion to capital stake"
CAS-0417-C,MB3,voluntary,Coniitetur Amicus de Bavali de Cerreto se portare in accomendatione a presbytero Iohanne de Sancto Damiano lib,"Guglielmo Cassinese I, no. 417 (p. 166)",entry by private contract
CAS-0425-C,TS2,single-venture,Confitetur Iacomus de Bombel se portare in accomendatione a BonoVasallo de Cartagenia lib,"Guglielmo Cassinese I, no. 425 (p. 169)","one voyage or venture, returning to the home port"
CAS-0425-C,CF1,1,Confitetur Iacomus de Bombel se portare in accomendatione a BonoVasallo de Cartagenia lib,"Guglielmo Cassinese I, no. 425 (p. 169)",capital from the investor side only; the other party works
CAS-0425-C,CF3,multilateral,Confitetur Iacomus de Bombel se portare in accomendatione a BonoVasallo de Cartagenia lib,"Guglielmo Cassinese I, no. 425 (p. 169)",2 principal(s) named
CAS-0425-C,LR2,coupled,Et debet habere quartam proficui (2),"Guglielmo Cassinese I, no. 425 (p. 169)",working party takes a share of profit
CAS-0425-C,LR3,P,Et debet habere quartam proficui (2),"Guglielmo Cassinese I, no. 425 (p. 169)","profit shared by agreed fraction, not in proportion to capital stake"
CAS-0425-C,CI1,common,Et debet tacere expensas per libram cum aliis que portât,"Guglielmo Cassinese I, no. 425 (p. 169)",capital invested or charged in common with other capital
CAS-0425-C,MB3,voluntary,Confitetur Iacomus de Bombel se portare in accomendatione a BonoVasallo de Cartagenia lib,"Guglielmo Cassinese I, no. 425 (p. 169)",entry by private contract
CAS-0430-C,TS2,single-venture,"Confitetur Oliverius de Castello se portare in accomendatione, volúntate Bajamontis Barlaire presentís cum","Guglielmo Cassinese I, no. 430 (p. 171)","one voyage or venture, returning to the home port"
CAS-0430-C,CF1,1,"Confitetur Oliverius de Castello se portare in accomendatione, volúntate Bajamontis Barlaire presentís cum quo habet","Guglielmo Cassinese I, no. 430 (p. 171)",capital from the investor side only; the other party works
CAS-0430-C,CF3,bilateral,"Confitetur Oliverius de Castello se portare in accomendatione, volúntate Bajamontis Barlaire presentís cum quo habet","Guglielmo Cassinese I, no. 430 (p. 171)",1 principal(s) named
CAS-0430-C,MB3,voluntary,"Confitetur Oliverius de Castello se portare in accomendatione, volúntate Bajamontis Barlaire presentís cum quo habet","Guglielmo Cassinese I, no. 430 (p. 171)",entry by private contract
CAS-0438-C,TS2,single-venture,Confìtetur Enricus Gerundia se portare in accom endatione a Tonatila Cavarunco et ab Ogerio Scoto lib,"Guglielmo Cassinese I, no. 438 (p. 174)","one voyage or venture, returning to the home port"
CAS-0438-C,CF1,1,Confìtetur Enricus Gerundia se portare in accom endatione a Tonatila Cavarunco et ab Ogerio Scoto lib,"Guglielmo Cassinese I, no. 438 (p. 174)",capital from the investor side only; the other party works
CAS-0438-C,CF3,multilateral,Confìtetur Enricus Gerundia se portare in accom endatione a Tonatila Cavarunco et ab Ogerio Scoto lib,"Guglielmo Cassinese I, no. 438 (p. 174)",2 principal(s) named
CAS-0438-C,LR2,coupled,"causa negociandi, bona fide, preter Alexandriam, ad quartam proficui","Guglielmo Cassinese I, no. 438 (p. 174)",working party takes a share of profit
CAS-0438-C,LR3,P,"causa negociandi, bona fide, preter Alexandriam, ad quartam proficui","Guglielmo Cassinese I, no. 438 (p. 174)","profit shared by agreed fraction, not in proportion to capital stake"
CAS-0438-C,CI1,common,"Ian ua et cum testibus, et facere expensas per libram cum aliis","Guglielmo Cassinese I, no. 438 (p. 174)",capital invested or charged in common with other capital
CAS-0438-C,MB3,voluntary,Confìtetur Enricus Gerundia se portare in accom endatione a Tonatila Cavarunco et ab Ogerio Scoto lib,"Guglielmo Cassinese I, no. 438 (p. 174)",entry by private contract
CAS-0468-C,TS2,single-venture,Confitetur Raim undus Saccus se portare in accomendatione a Gallo quondam Galli lib,"Guglielmo Cassinese I, no. 468 (p. 186)","one voyage or venture, returning to the home port"
CAS-0468-C,CF1,1,Confitetur Raim undus Saccus se portare in accomendatione a Gallo quondam Galli lib,"Guglielmo Cassinese I, no. 468 (p. 186)",capital from the investor side only; the other party works
CAS-0468-C,CF3,bilateral,Confitetur Raim undus Saccus se portare in accomendatione a Gallo quondam Galli lib,"Guglielmo Cassinese I, no. 468 (p. 186)",1 principal(s) named
CAS-0468-C,LR2,coupled,"et inde Ultramare, causa negociandi, bona fide, ad quartam profìcui","Guglielmo Cassinese I, no. 468 (p. 186)",working party takes a share of profit
CAS-0468-C,LR3,P,"et inde Ultramare, causa negociandi, bona fide, ad quartam profìcui","Guglielmo Cassinese I, no. 468 (p. 186)","profit shared by agreed fraction, not in proportion to capital stake"
CAS-0468-C,MB3,voluntary,Confitetur Raim undus Saccus se portare in accomendatione a Gallo quondam Galli lib,"Guglielmo Cassinese I, no. 468 (p. 186)",entry by private contract
CAS-0477-C,CF1,1,"Item a Federico de Sosilia lib. .cxi. et sol. .xn., ad quartam proficui, similiter. Testes Tebaldus Muxetus, W ilielm us","Guglielmo Cassinese I, no. 477 (p. 190)",capital from the investor side only; the other party works
CAS-0477-C,CF3,multilateral,"Item a Federico de Sosilia lib. .cxi. et sol. .xn., ad quartam proficui, similiter. Testes Tebaldus Muxetus, W ilielm us","Guglielmo Cassinese I, no. 477 (p. 190)",2 principal(s) named
CAS-0477-C,LR2,coupled,"ad quartam proficui, similiter","Guglielmo Cassinese I, no. 477 (p. 190)",working party takes a share of profit
CAS-0477-C,LR3,P,"ad quartam proficui, similiter","Guglielmo Cassinese I, no. 477 (p. 190)","profit shared by agreed fraction, not in proportion to capital stake"
CAS-0477-C,CI1,several-accounts,Et debet implicare separatim,"Guglielmo Cassinese I, no. 477 (p. 190)",separate investment required
CAS-0477-C,MB3,voluntary,"Item a Federico de Sosilia lib. .cxi. et sol. .xn., ad quartam proficui, similiter. Testes Tebaldus Muxetus, W ilielm us","Guglielmo Cassinese I, no. 477 (p. 190)",entry by private contract
CAS-0483-C,TS2,single-venture,Ionathe Cavarunci iussu tui patris se p o rta r e in a c c o m e n d a i io n e ab Oddone de Melazo lib,"Guglielmo Cassinese I, no. 483 (p. 191)","one voyage or venture, returning to the home port"
CAS-0483-C,CF1,1,C o n f ite tu r R u b a i d u s filius Ionathe Cavarunci iussu tui patris se p o rta r e in a c c o m e n d a i io n e ab Oddone de Melazo lib,"Guglielmo Cassinese I, no. 483 (p. 191)",capital from the investor side only; the other party works
CAS-0483-C,CF3,multilateral,C o n f ite tu r R u b a i d u s filius Ionathe Cavarunci iussu tui patris se p o rta r e in a c c o m e n d a i io n e ab Oddone de Melazo lib,"Guglielmo Cassinese I, no. 483 (p. 191)",2 principal(s) named
CAS-0483-C,LR2,coupled,"u e r i t e t sibi videbitur, causa negociandi, ad quartam proficui","Guglielmo Cassinese I, no. 483 (p. 191)",working party takes a share of profit
CAS-0483-C,LR3,P,"u e r i t e t sibi videbitur, causa negociandi, ad quartam proficui","Guglielmo Cassinese I, no. 483 (p. 191)","profit shared by agreed fraction, not in proportion to capital stake"
CAS-0483-C,MB3,voluntary,C o n f ite tu r R u b a i d u s filius Ionathe Cavarunci iussu tui patris se p o rta r e in a c c o m e n d a i io n e ab Oddone de Melazo lib,"Guglielmo Cassinese I, no. 483 (p. 191)",entry by private contract (working party acts by his father's order)
CAS-0490-C,TS2,single-venture,r I a c o m u s de B o n b e l se p o rta re in accom endatione a S u z o b o n o e t a B o n o v a s a llo,"Guglielmo Cassinese I, no. 490 (p. 195)","one voyage or venture, returning to the home port"
CAS-0490-C,CF1,1,C o n f i t e t u r I a c o m u s de B o n b e l se p o rta re in accom endatione a S u z o b o n o e t a B o n o v a s a llo Z arito,"Guglielmo Cassinese I, no. 490 (p. 195)",capital from the investor side only; the other party works
CAS-0490-C,CF3,multilateral,C o n f i t e t u r I a c o m u s de B o n b e l se p o rta re in accom endatione a S u z o b o n o e t a B o n o v a s a llo Z arito,"Guglielmo Cassinese I, no. 490 (p. 195)",2 principal(s) named
CAS-0490-C,LR2,coupled,Septam (2) causa negoc i a n d i b o n a fid e ad q u a r t a m pro fìcu j,"Guglielmo Cassinese I, no. 490 (p. 195)",working party takes a share of profit
CAS-0490-C,LR3,P,Septam (2) causa negoc i a n d i b o n a fid e ad q u a r t a m pro fìcu j,"Guglielmo Cassinese I, no. 490 (p. 195)","profit shared by agreed fraction, not in proportion to capital stake"
CAS-0490-C,MB3,voluntary,C o n f i t e t u r I a c o m u s de B o n b e l se p o rta re in accom endatione a S u z o b o n o e t a B o n o v a s a llo Z arito,"Guglielmo Cassinese I, no. 490 (p. 195)",entry by private contract
CAS-0500-C,TS2,single-venture,fìtetur W ilie lm u s G ontardus se portare in accom endatione a M artino de A lbario et ab A rduino de,"Guglielmo Cassinese I, no. 500 (p. 198)","one voyage or venture, returning to the home port"
CAS-0500-C,CF1,1,C on fìtetur W ilie lm u s G ontardus se portare in accom endatione a M artino de A lbario et ab A rduino de Canneto lib,"Guglielmo Cassinese I, no. 500 (p. 198)",capital from the investor side only; the other party works
CAS-0500-C,CF3,multilateral,C on fìtetur W ilie lm u s G ontardus se portare in accom endatione a M artino de A lbario et ab A rduino de Canneto lib,"Guglielmo Cassinese I, no. 500 (p. 198)",2 principal(s) named
CAS-0500-C,LR2,veiled,gratis,"Guglielmo Cassinese I, no. 500 (p. 198)",working party takes no share of profit
CAS-0500-C,LR3,1,gratis,"Guglielmo Cassinese I, no. 500 (p. 198)",all profit to the capital provider
CAS-0500-C,MB3,voluntary,C on fìtetur W ilie lm u s G ontardus se portare in accom endatione a M artino de A lbario et ab A rduino de Canneto lib,"Guglielmo Cassinese I, no. 500 (p. 198)",entry by private contract
CAS-0546-C,CF1,1,Confiletur Wido de Laude se h a b e r e i n a c c o m e n d a t i o n e a W i l i e l mo Malocello et a S im o,"Guglielmo Cassinese I, no. 546 (p. 218)",capital from the investor side only; the other party works
CAS-0546-C,CF3,multilateral,Confiletur Wido de Laude se h a b e r e i n a c c o m e n d a t i o n e a W i l i e l mo Malocello et a S im o,"Guglielmo Cassinese I, no. 546 (p. 218)",2 principal(s) named
CAS-0546-C,LR2,coupled,E t de proficuo debebit habere q u a rta m p r o f i c u i,"Guglielmo Cassinese I, no. 546 (p. 218)",working party takes a share of profit
CAS-0546-C,LR3,P,E t de proficuo debebit habere q u a rta m p r o f i c u i,"Guglielmo Cassinese I, no. 546 (p. 218)","profit shared by agreed fraction, not in proportion to capital stake"
CAS-0546-C,MB3,voluntary,Confiletur Wido de Laude se h a b e r e i n a c c o m e n d a t i o n e a W i l i e l mo Malocello et a S im o,"Guglielmo Cassinese I, no. 546 (p. 218)",entry by private contract
CAS-0573-C,TS2,single-venture,Confitetur H ugo Mazalis se p o r ta r e in a c c o m e n d a t i o n e a P eleg ri n i uxore W ilielmi,"Guglielmo Cassinese I, no. 573 (p. 228)","one voyage or venture, returning to the home port"
CAS-0573-C,CF1,1,Confitetur H ugo Mazalis se p o r ta r e in a c c o m e n d a t i o n e a P eleg ri n i uxore W ilielmi Ostaliboi,"Guglielmo Cassinese I, no. 573 (p. 228)",capital from the investor side only; the other party works
CAS-0573-C,CF3,bilateral,Confitetur H ugo Mazalis se p o r ta r e in a c c o m e n d a t i o n e a P eleg ri n i uxore W ilielmi Ostaliboi,"Guglielmo Cassinese I, no. 573 (p. 228)",1 principal(s) named
CAS-0573-C,LR2,coupled,Ad q u arta m proficui,"Guglielmo Cassinese I, no. 573 (p. 228)",working party takes a share of profit
CAS-0573-C,LR3,P,Ad q u arta m proficui,"Guglielmo Cassinese I, no. 573 (p. 228)","profit shared by agreed fraction, not in proportion to capital stake"
CAS-0573-C,MB3,voluntary,Confitetur H ugo Mazalis se p o r ta r e in a c c o m e n d a t i o n e a P eleg ri n i uxore W ilielmi Ostaliboi,"Guglielmo Cassinese I, no. 573 (p. 228)",entry by private contract
CAS-0581-C,TS2,single-venture,Confìtetur Ogerius Verrus se p o r ta r e volúntate in accomendatione a Gandulfo barberio lib,"Guglielmo Cassinese I, no. 581 (p. 231)","one voyage or venture, returning to the home port"
CAS-0581-C,CF1,1,Confìtetur Ogerius Verrus se p o r ta r e volúntate in accomendatione a Gandulfo barberio lib,"Guglielmo Cassinese I, no. 581 (p. 231)",capital from the investor side only; the other party works
CAS-0581-C,CF3,bilateral,Confìtetur Ogerius Verrus se p o r ta r e volúntate in accomendatione a Gandulfo barberio lib,"Guglielmo Cassinese I, no. 581 (p. 231)",1 principal(s) named
CAS-0581-C,LR2,coupled,"expensas p e r lib ram et implicare separatim, et habere quartam profìcui","Guglielmo Cassinese I, no. 581 (p. 231)",working party takes a share of profit
CAS-0581-C,LR3,P,"expensas p e r lib ram et implicare separatim, et habere quartam profìcui","Guglielmo Cassinese I, no. 581 (p. 231)","profit shared by agreed fraction, not in proportion to capital stake"
CAS-0581-C,CI1,several-accounts,"Et debet facere expensas p e r lib ram et implicare separatim, et habere","Guglielmo Cassinese I, no. 581 (p. 231)",separate investment required
CAS-0581-C,MB3,voluntary,Confìtetur Ogerius Verrus se p o r ta r e volúntate in accomendatione a Gandulfo barberio lib,"Guglielmo Cassinese I, no. 581 (p. 231)",entry by private contract
CAS-0604-C,TS2,single-venture,"s Iohannes possit negociari et portare et mittere et la c e r e sicut faciet de suis, causa negociandi","Guglielmo Cassinese I, no. 604 (p. 240)","one voyage or venture, returning to the home port"
CAS-0604-C,CF1,1,Confitetur Iohannes de Marino se recepisse a D r o g o de Sancto Laurentio lib,"Guglielmo Cassinese I, no. 604 (p. 240)",capital from the investor side only; the other party works
CAS-0604-C,CF3,bilateral,Confitetur Iohannes de Marino se recepisse a D r o g o de Sancto Laurentio lib,"Guglielmo Cassinese I, no. 604 (p. 240)",1 principal(s) named
CAS-0604-C,MB3,voluntary,Confitetur Iohannes de Marino se recepisse a D r o g o de Sancto Laurentio lib,"Guglielmo Cassinese I, no. 604 (p. 240)",entry by private contract
CAS-0609-C,TS2,single-venture,"fìlius quondam Agmi de Stampex se portare, volúntate Im berti de Verzellato presentís cum quo habet societatem","Guglielmo Cassinese I, no. 609 (p. 242)","one voyage or venture, returning to the home port"
CAS-0609-C,CF1,1,"Confitetur Tebaldus fìlius quondam Agmi de Stampex se portare, volúntate Im berti de Verzellato presentís cum quo habet societatem","Guglielmo Cassinese I, no. 609 (p. 242)",capital from the investor side only; the other party works
CAS-0609-C,CF3,bilateral,"Confitetur Tebaldus fìlius quondam Agmi de Stampex se portare, volúntate Im berti de Verzellato presentís cum quo habet societatem","Guglielmo Cassinese I, no. 609 (p. 242)",1 principal(s) named
CAS-0609-C,LR2,coupled,"ram o (2) Buzeam, causa negociandi, bon a fide, ad q uartam profìcui","Guglielmo Cassinese I, no. 609 (p. 242)",working party takes a share of profit
CAS-0609-C,LR3,P,"ram o (2) Buzeam, causa negociandi, bon a fide, ad q uartam profìcui","Guglielmo Cassinese I, no. 609 (p. 242)","profit shared by agreed fraction, not in proportion to capital stake"
CAS-0609-C,CI1,several-accounts,Et debet tacere expensas per librain et implicare separatim,"Guglielmo Cassinese I, no. 609 (p. 242)",separate investment required
CAS-0609-C,MB3,voluntary,"Confitetur Tebaldus fìlius quondam Agmi de Stampex se portare, volúntate Im berti de Verzellato presentís cum quo habet societatem","Guglielmo Cassinese I, no. 609 (p. 242)",entry by private contract
CAS-0662-C,TS2,single-venture,Confitetur Ansaldus Barcarius se portare in accomendatione a Rolando et ab Arduino lib,"Guglielmo Cassinese I, no. 662 (p. 262)","one voyage or venture, returning to the home port"
CAS-0662-C,CF1,1,Confitetur Ansaldus Barcarius se portare in accomendatione a Rolando et ab Arduino lib,"Guglielmo Cassinese I, no. 662 (p. 262)",capital from the investor side only; the other party works
CAS-0662-C,CF3,multilateral,Confitetur Ansaldus Barcarius se portare in accomendatione a Rolando et ab Arduino lib,"Guglielmo Cassinese I, no. 662 (p. 262)",2 principal(s) named
CAS-0662-C,LR2,coupled,"aliis que portat, causa negociandi, bona lìde, ad quartana proficui","Guglielmo Cassinese I, no. 662 (p. 262)",working party takes a share of profit
CAS-0662-C,LR3,P,"aliis que portat, causa negociandi, bona lìde, ad quartana proficui","Guglielmo Cassinese I, no. 662 (p. 262)","profit shared by agreed fraction, not in proportion to capital stake"
CAS-0662-C,MB3,voluntary,Confitetur Ansaldus Barcarius se portare in accomendatione a Rolando et ab Arduino lib,"Guglielmo Cassinese I, no. 662 (p. 262)",entry by private contract
CAS-0706-C,TS2,single-venture,C onfìtetur H ugo Mazalis se portare in accom endatione ab Ansuixo de Sancto Genesio tan tam laccam,"Guglielmo Cassinese I, no. 706 (p. 280)","one voyage or venture, returning to the home port"
CAS-0706-C,CF1,1,C onfìtetur H ugo Mazalis se portare in accom endatione ab Ansuixo de Sancto Genesio tan tam laccam que est,"Guglielmo Cassinese I, no. 706 (p. 280)",capital from the investor side only; the other party works
CAS-0706-C,CF3,bilateral,C onfìtetur H ugo Mazalis se portare in accom endatione ab Ansuixo de Sancto Genesio tan tam laccam que est,"Guglielmo Cassinese I, no. 706 (p. 280)",1 principal(s) named
CAS-0706-C,LR2,coupled,"sibi videbitur, causa n eg o cian d i, bona fide, ad q u artam profìcui","Guglielmo Cassinese I, no. 706 (p. 280)",working party takes a share of profit
CAS-0706-C,LR3,P,"sibi videbitur, causa n eg o cian d i, bona fide, ad q u artam profìcui","Guglielmo Cassinese I, no. 706 (p. 280)","profit shared by agreed fraction, not in proportion to capital stake"
CAS-0706-C,CI1,several-accounts,Et debet im plicare separatim,"Guglielmo Cassinese I, no. 706 (p. 280)",separate investment required
CAS-0706-C,MB3,voluntary,C onfìtetur H ugo Mazalis se portare in accom endatione ab Ansuixo de Sancto Genesio tan tam laccam que est,"Guglielmo Cassinese I, no. 706 (p. 280)",entry by private contract
CAS-0716-C,TS2,single-venture,tu r A ic a rd u s de M onelia se portare in accomendatione a B o la n d o li b,"Guglielmo Cassinese I, no. 716 (p. 283)","one voyage or venture, returning to the home port"
CAS-0716-C,CF1,1,C o n f ìt e tu r A ic a rd u s de M onelia se portare in accomendatione a B o la n d o li b,"Guglielmo Cassinese I, no. 716 (p. 283)",capital from the investor side only; the other party works
CAS-0716-C,CF3,multilateral,C o n f ìt e tu r A ic a rd u s de M onelia se portare in accomendatione a B o la n d o li b,"Guglielmo Cassinese I, no. 716 (p. 283)",2 principal(s) named
CAS-0716-C,LR2,coupled,"Septam causa n e g o c i a n d i, a d q u a rta m p ro fìcu i","Guglielmo Cassinese I, no. 716 (p. 283)",working party takes a share of profit
CAS-0716-C,LR3,P,"Septam causa n e g o c i a n d i, a d q u a rta m p ro fìcu i","Guglielmo Cassinese I, no. 716 (p. 283)","profit shared by agreed fraction, not in proportion to capital stake"
CAS-0716-C,MB3,voluntary,C o n f ìt e tu r A ic a rd u s de M onelia se portare in accomendatione a B o la n d o li b,"Guglielmo Cassinese I, no. 716 (p. 283)",entry by private contract
CAS-0725-C,TS2,single-venture,fìte tu r W ilie lm u s C aitus se portare in accom endatione a Bon o V asallo d e C a rta g e n ia lib,"Guglielmo Cassinese I, no. 725 (p. 287)","one voyage or venture, returning to the home port"
CAS-0725-C,CF1,1,C o n fìte tu r W ilie lm u s C aitus se portare in accom endatione a Bon o V asallo d e C a rta g e n ia lib,"Guglielmo Cassinese I, no. 725 (p. 287)",capital from the investor side only; the other party works
CAS-0725-C,CF3,multilateral,C o n fìte tu r W ilie lm u s C aitus se portare in accom endatione a Bon o V asallo d e C a rta g e n ia lib,"Guglielmo Cassinese I, no. 725 (p. 287)",2 principal(s) named
CAS-0725-C,LR2,coupled,"io r u m , c a u sa n eg o cian d i, bona fide, ad quartam profìcui, in re d itu I a n u a m re d u","Guglielmo Cassinese I, no. 725 (p. 287)",working party takes a share of profit
CAS-0725-C,LR3,P,"io r u m , c a u sa n eg o cian d i, bona fide, ad quartam profìcui, in re d itu I a n u a m re d u","Guglielmo Cassinese I, no. 725 (p. 287)","profit shared by agreed fraction, not in proportion to capital stake"
CAS-0725-C,MB3,voluntary,C o n fìte tu r W ilie lm u s C aitus se portare in accom endatione a Bon o V asallo d e C a rta g e n ia lib,"Guglielmo Cassinese I, no. 725 (p. 287)",entry by private contract
CAS-0732-C,TS2,single-venture,iu s q u e H u g o n is debet p o rtare (3) in Sardiniam et in d e U ltr a m a r e e t in d e q u o,"Guglielmo Cassinese I, no. 732 (p. 290)","one voyage or venture, returning to the home port"
CAS-0732-C,CF1,1,C o n fite tu r Id o (1) de A lb ario se habere in accom endatione ab Ilu g o n e L a u r e l lib,"Guglielmo Cassinese I, no. 732 (p. 290)",capital from the investor side only; the other party works
CAS-0732-C,CF3,multilateral,C o n fite tu r Id o (1) de A lb ario se habere in accom endatione ab Ilu g o n e L a u r e l lib,"Guglielmo Cassinese I, no. 732 (p. 290)",2 principal(s) named
CAS-0732-C,LR2,coupled,"navis, causa n e g o c ia n d i, b o n a fide, ad q u a rta m proficui","Guglielmo Cassinese I, no. 732 (p. 290)",working party takes a share of profit
CAS-0732-C,LR3,P,"navis, causa n e g o c ia n d i, b o n a fide, ad q u a rta m proficui","Guglielmo Cassinese I, no. 732 (p. 290)","profit shared by agreed fraction, not in proportion to capital stake"
CAS-0732-C,MB3,voluntary,C o n fite tu r Id o (1) de A lb ario se habere in accom endatione ab Ilu g o n e L a u r e l lib,"Guglielmo Cassinese I, no. 732 (p. 290)",entry by private contract (working party acts by his father's order)
CAS-0745-C,CF1,1,"Et a G enoardo draperio lib. .xv. (5) sim iliter, et quo voluerit. Testes (6) M artinus de Albario et A rduinus de Canne","Guglielmo Cassinese I, no. 745 (p. 296)",capital from the investor side only; the other party works
CAS-0745-C,CF3,bilateral,"Et a G enoardo draperio lib. .xv. (5) sim iliter, et quo voluerit. Testes (6) M artinus de Albario et A rduinus de Canne","Guglielmo Cassinese I, no. 745 (p. 296)",1 principal(s) named
CAS-0745-C,MB3,voluntary,"Et a G enoardo draperio lib. .xv. (5) sim iliter, et quo voluerit. Testes (6) M artinus de Albario et A rduinus de Canne","Guglielmo Cassinese I, no. 745 (p. 296)",entry by private contract
CAS-0750-C,TS2,single-venture,onfìtetur A lbertus Pestagalla se portare in accom endatione a M archesio C aputduro m il,"Guglielmo Cassinese I, no. 750 (p. 298)","one voyage or venture, returning to the home port"
CAS-0750-C,CF1,1,C onfìtetur A lbertus Pestagalla se portare in accom endatione a M archesio C aputduro m il,"Guglielmo Cassinese I, no. 750 (p. 298)",capital from the investor side only; the other party works
CAS-0750-C,CF3,bilateral,C onfìtetur A lbertus Pestagalla se portare in accom endatione a M archesio C aputduro m il,"Guglielmo Cassinese I, no. 750 (p. 298)",1 principal(s) named
CAS-0750-C,LR2,veiled,gratis,"Guglielmo Cassinese I, no. 750 (p. 298)",working party takes no share of profit
CAS-0750-C,LR3,1,gratis,"Guglielmo Cassinese I, no. 750 (p. 298)",all profit to the capital provider
CAS-0750-C,MB3,voluntary,C onfìtetur A lbertus Pestagalla se portare in accom endatione a M archesio C aputduro m il,"Guglielmo Cassinese I, no. 750 (p. 298)",entry by private contract
CAS-0810-C,TS2,single-venture,onfìtetur M archesius de C alignano se portare in acc o m en d atio n e a V erdilia uxore W idonis B ergognoni,"Guglielmo Cassinese I, no. 810 (p. 324)","one voyage or venture, returning to the home port"
CAS-0810-C,CF1,1,C onfìtetur M archesius de C alignano se portare in acc o m en d atio n e a V erdilia uxore W idonis B ergognoni lib,"Guglielmo Cassinese I, no. 810 (p. 324)",capital from the investor side only; the other party works
CAS-0810-C,CF3,bilateral,C onfìtetur M archesius de C alignano se portare in acc o m en d atio n e a V erdilia uxore W idonis B ergognoni lib,"Guglielmo Cassinese I, no. 810 (p. 324)",1 principal(s) named
CAS-0810-C,LR2,coupled,"im et q u o ie rit cum aliis, causa negociandi, ad quartana p ro fìcui","Guglielmo Cassinese I, no. 810 (p. 324)",working party takes a share of profit
CAS-0810-C,LR3,P,"im et q u o ie rit cum aliis, causa negociandi, ad quartana p ro fìcui","Guglielmo Cassinese I, no. 810 (p. 324)","profit shared by agreed fraction, not in proportion to capital stake"
CAS-0810-C,MB3,voluntary,C onfìtetur M archesius de C alignano se portare in acc o m en d atio n e a V erdilia uxore W idonis B ergognoni lib,"Guglielmo Cassinese I, no. 810 (p. 324)",entry by private contract
CAS-0866-C,TS2,single-venture,"onfiletur Iohannes de P ontrem ulo se portare, vo lú n tate L airanci M alfiliastri presentís cum quo habet","Guglielmo Cassinese I, no. 866 (p. 347)","one voyage or venture, returning to the home port"
CAS-0866-C,CF1,1,"C onfiletur Iohannes de P ontrem ulo se portare, vo lú n tate L airanci M alfiliastri presentís cum quo habet societatem","Guglielmo Cassinese I, no. 866 (p. 347)",capital from the investor side only; the other party works
CAS-0866-C,CF3,multilateral,"C onfiletur Iohannes de P ontrem ulo se portare, vo lú n tate L airanci M alfiliastri presentís cum quo habet societatem","Guglielmo Cassinese I, no. 866 (p. 347)",2 principal(s) named
CAS-0866-C,LR2,coupled,"T unexim , causa negociandi, ad q u arta m proficui","Guglielmo Cassinese I, no. 866 (p. 347)",working party takes a share of profit
CAS-0866-C,LR3,P,"T unexim , causa negociandi, ad q u arta m proficui","Guglielmo Cassinese I, no. 866 (p. 347)","profit shared by agreed fraction, not in proportion to capital stake"
CAS-0866-C,MB3,voluntary,"C onfiletur Iohannes de P ontrem ulo se portare, vo lú n tate L airanci M alfiliastri presentís cum quo habet societatem","Guglielmo Cassinese I, no. 866 (p. 347)",entry by private contract
CAS-0875-C,TS2,open,ad dies .xv. p ró x im as ex quo ipse vel suus m issus quesierit,"Guglielmo Cassinese I, no. 875 (p. 350)",from the duration clause
CAS-0875-C,CF2,1,quas ei vel eius m isso dare p ro m ittit,"Guglielmo Cassinese I, no. 875 (p. 350)",unconditional promise by the working party to return the whole capital
CAS-0875-C,CF3,bilateral,C onfìtetu r R ernardus de Soriano se habere lib,"Guglielmo Cassinese I, no. 875 (p. 350)",1 principal(s) named
CAS-0875-C,CI2,0,ad dies .xv. p ró x im as ex quo ipse vel suus m issus quesierit,"Guglielmo Cassinese I, no. 875 (p. 350)",accomendatio as deposit: 4 lb. returnable within 15 days of demand under penalty; no voyage and no profit
CAS-0875-C,MB3,voluntary,C onfìtetu r R ernardus de Soriano se habere lib,"Guglielmo Cassinese I, no. 875 (p. 350)",entry by private contract
CAS-0917-C,TS2,single-venture,O liverius N otula de Q uarto se p o rtare in accom endatione a BonoN asallo B arbavaira lib,"Guglielmo Cassinese I, no. 917 (p. 364)","one voyage or venture, returning to the home port"
CAS-0917-C,CF1,1,C onfitetur O liverius N otula de Q uarto se p o rtare in accom endatione a BonoN asallo B arbavaira lib,"Guglielmo Cassinese I, no. 917 (p. 364)",capital from the investor side only; the other party works
CAS-0917-C,CF3,multilateral,C onfitetur O liverius N otula de Q uarto se p o rtare in accom endatione a BonoN asallo B arbavaira lib,"Guglielmo Cassinese I, no. 917 (p. 364)",3 principal(s) named
CAS-0917-C,MB3,voluntary,C onfitetur O liverius N otula de Q uarto se p o rtare in accom endatione a BonoN asallo B arbavaira lib,"Guglielmo Cassinese I, no. 917 (p. 364)",entry by private contract
CAS-0922-C,TS2,single-venture,r Io h a n n e s (5) B alb u s se p o rtare in accom endatione ab E nrico Mazali lib,"Guglielmo Cassinese I, no. 922 (p. 365)","one voyage or venture, returning to the home port"
CAS-0922-C,CF1,1,C o n f ìte tu r Io h a n n e s (5) B alb u s se p o rtare in accom endatione ab E nrico Mazali lib,"Guglielmo Cassinese I, no. 922 (p. 365)",capital from the investor side only; the other party works
CAS-0922-C,CF3,bilateral,C o n f ìte tu r Io h a n n e s (5) B alb u s se p o rtare in accom endatione ab E nrico Mazali lib,"Guglielmo Cassinese I, no. 922 (p. 365)",1 principal(s) named
CAS-0922-C,LR2,coupled,"eg o cian d i q u o sibi videbitu r, bona fide, ad q u arta m proficui (2)","Guglielmo Cassinese I, no. 922 (p. 365)",working party takes a share of profit
CAS-0922-C,LR3,P,"eg o cian d i q u o sibi videbitu r, bona fide, ad q u arta m proficui (2)","Guglielmo Cassinese I, no. 922 (p. 365)","profit shared by agreed fraction, not in proportion to capital stake"
CAS-0922-C,MB3,voluntary,C o n f ìte tu r Io h a n n e s (5) B alb u s se p o rtare in accom endatione ab E nrico Mazali lib,"Guglielmo Cassinese I, no. 922 (p. 365)",entry by private contract
CAS-0956-C,TS2,single-venture,r B la n card u s de B ulgaro se portare in accom endatione a b O liv e rio M arzoco lib,"Guglielmo Cassinese I, no. 956 (p. 379)","one voyage or venture, returning to the home port"
CAS-0956-C,CF1,1,C o n fìte tu r B la n card u s de B ulgaro se portare in accom endatione a b O liv e rio M arzoco lib,"Guglielmo Cassinese I, no. 956 (p. 379)",capital from the investor side only; the other party works
CAS-0956-C,CF3,bilateral,C o n fìte tu r B la n card u s de B ulgaro se portare in accom endatione a b O liv e rio M arzoco lib,"Guglielmo Cassinese I, no. 956 (p. 379)",1 principal(s) named
CAS-0956-C,LR2,coupled,"lxi Septam , causa negociandi bona fide, a d q u a r ta m p ro fìcu i","Guglielmo Cassinese I, no. 956 (p. 379)",working party takes a share of profit
CAS-0956-C,LR3,P,"lxi Septam , causa negociandi bona fide, a d q u a r ta m p ro fìcu i","Guglielmo Cassinese I, no. 956 (p. 379)","profit shared by agreed fraction, not in proportion to capital stake"
CAS-0956-C,MB3,voluntary,C o n fìte tu r B la n card u s de B ulgaro se portare in accom endatione a b O liv e rio M arzoco lib,"Guglielmo Cassinese I, no. 956 (p. 379)",entry by private contract
CAS-1005-C,TS2,single-venture,Confitetur Balduinus de Roderico se portare in accomendatione ab Oberto Castagna lib,"Guglielmo Cassinese I, no. 1005 (p. 397)","one voyage or venture, returning to the home port"
CAS-1005-C,CF1,1,Confitetur Balduinus de Roderico se portare in accomendatione ab Oberto Castagna lib,"Guglielmo Cassinese I, no. 1005 (p. 397)",capital from the investor side only; the other party works
CAS-1005-C,CF3,bilateral,Confitetur Balduinus de Roderico se portare in accomendatione ab Oberto Castagna lib,"Guglielmo Cassinese I, no. 1005 (p. 397)",1 principal(s) named
CAS-1005-C,LR2,coupled,"Constantinopolim et inde quo sibi videbitur causa negociandi, ad quartam proficui","Guglielmo Cassinese I, no. 1005 (p. 397)",working party takes a share of profit
CAS-1005-C,LR3,P,"Constantinopolim et inde quo sibi videbitur causa negociandi, ad quartam proficui","Guglielmo Cassinese I, no. 1005 (p. 397)","profit shared by agreed fraction, not in proportion to capital stake"
CAS-1005-C,MB3,voluntary,Confitetur Balduinus de Roderico se portare in accomendatione ab Oberto Castagna lib,"Guglielmo Cassinese I, no. 1005 (p. 397)",entry by private contract
CAS-1009-C,TS2,single-venture,"Confìtetur Rubaldus de Serrino se portare, volúntate W ilielm i F o rn arii et Oberti de Aquabona presentium","Guglielmo Cassinese I, no. 1009 (p. 399)","one voyage or venture, returning to the home port"
CAS-1009-C,CF1,1,"Confìtetur Rubaldus de Serrino se portare, volúntate W ilielm i F o rn arii et Oberti de Aquabona presentium, cum","Guglielmo Cassinese I, no. 1009 (p. 399)",capital from the investor side only; the other party works
CAS-1009-C,CF3,bilateral,"Confìtetur Rubaldus de Serrino se portare, volúntate W ilielm i F o rn arii et Oberti de Aquabona presentium, cum","Guglielmo Cassinese I, no. 1009 (p. 399)",1 principal(s) named
CAS-1009-C,LR2,coupled,"are et inde quo sibi videbitur causa negociandi, ad q u a rta m profìcuj","Guglielmo Cassinese I, no. 1009 (p. 399)",working party takes a share of profit
CAS-1009-C,LR3,P,"are et inde quo sibi videbitur causa negociandi, ad q u a rta m profìcuj","Guglielmo Cassinese I, no. 1009 (p. 399)","profit shared by agreed fraction, not in proportion to capital stake"
CAS-1009-C,CI1,common,debet facere expensas per libram et luerari per libram cum rebus societatis,"Guglielmo Cassinese I, no. 1009 (p. 399)",capital invested or charged in common with other capital
CAS-1009-C,MB3,voluntary,"Confìtetur Rubaldus de Serrino se portare, volúntate W ilielm i F o rn arii et Oberti de Aquabona presentium, cum","Guglielmo Cassinese I, no. 1009 (p. 399)",entry by private contract
CAS-1013-C,TS2,single-venture,"Confìtetur Iacomus Mazamor se portare, volúntate Iohannis de Leges presentis cum quo habet societatem","Guglielmo Cassinese I, no. 1013 (p. 401)","one voyage or venture, returning to the home port"
CAS-1013-C,CF1,1,"Confìtetur Iacomus Mazamor se portare, volúntate Iohannis de Leges presentis cum quo habet societatem, in accomendatione","Guglielmo Cassinese I, no. 1013 (p. 401)",capital from the investor side only; the other party works
CAS-1013-C,CF3,bilateral,"Confìtetur Iacomus Mazamor se portare, volúntate Iohannis de Leges presentis cum quo habet societatem, in accomendatione","Guglielmo Cassinese I, no. 1013 (p. 401)",1 principal(s) named
CAS-1013-C,LR2,coupled,Et debet implicare separatim et ad quartam proficuj,"Guglielmo Cassinese I, no. 1013 (p. 401)",working party takes a share of profit
CAS-1013-C,LR3,P,Et debet implicare separatim et ad quartam proficuj,"Guglielmo Cassinese I, no. 1013 (p. 401)","profit shared by agreed fraction, not in proportion to capital stake"
CAS-1013-C,CI1,several-accounts,Et debet implicare separatim et ad quartam,"Guglielmo Cassinese I, no. 1013 (p. 401)",separate investment required
CAS-1013-C,MB3,voluntary,"Confìtetur Iacomus Mazamor se portare, volúntate Iohannis de Leges presentis cum quo habet societatem, in accomendatione","Guglielmo Cassinese I, no. 1013 (p. 401)",entry by private contract
CAS-1017-C,TS2,single-venture,Confìtetur Ansaldus Hospinel se portare in acc o m en d atio n e a Johanne Boleto et ab Oberto de Nonatar,"Guglielmo Cassinese I, no. 1017 (p. 402)","one voyage or venture, returning to the home port"
CAS-1017-C,CF1,1,Confìtetur Ansaldus Hospinel se portare in acc o m en d atio n e a Johanne Boleto et ab Oberto de Nonatar de rebus,"Guglielmo Cassinese I, no. 1017 (p. 402)",capital from the investor side only; the other party works
CAS-1017-C,CF3,multilateral,Confìtetur Ansaldus Hospinel se portare in acc o m en d atio n e a Johanne Boleto et ab Oberto de Nonatar de rebus,"Guglielmo Cassinese I, no. 1017 (p. 402)",3 principal(s) named
CAS-1017-C,LR2,coupled,"ltram are et quo sibi videbitur causa negociandi, ad q uartam profìcuj","Guglielmo Cassinese I, no. 1017 (p. 402)",working party takes a share of profit
CAS-1017-C,LR3,P,"ltram are et quo sibi videbitur causa negociandi, ad q uartam profìcuj","Guglielmo Cassinese I, no. 1017 (p. 402)","profit shared by agreed fraction, not in proportion to capital stake"
CAS-1017-C,MB3,voluntary,Confìtetur Ansaldus Hospinel se portare in acc o m en d atio n e a Johanne Boleto et ab Oberto de Nonatar de rebus,"Guglielmo Cassinese I, no. 1017 (p. 402)",entry by private contract
CAS-1021-C,TS2,single-venture,"n is Boleti, iussu sui patris, se portare in accom endatione lib","Guglielmo Cassinese I, no. 1021 (p. 404)","one voyage or venture, returning to the home port"
CAS-1021-C,CF1,1,"Confìtetur H onoratus fìlius Io h an n is Boleti, iussu sui patris, se portare in accom endatione lib","Guglielmo Cassinese I, no. 1021 (p. 404)",capital from the investor side only; the other party works
CAS-1021-C,CF3,multilateral,"Confìtetur H onoratus fìlius Io h an n is Boleti, iussu sui patris, se portare in accom endatione lib","Guglielmo Cassinese I, no. 1021 (p. 404)",4 principal(s) named
CAS-1021-C,LR2,coupled,"invenerit, p o rtet quo sibi videbitur causa negociandi, ad quartam profìcui, et ex> pendat per libram (1)","Guglielmo Cassinese I, no. 1021 (p. 404)",working party takes a share of profit
CAS-1021-C,LR3,P,"invenerit, p o rtet quo sibi videbitur causa negociandi, ad quartam profìcui, et ex> pendat per libram (1)","Guglielmo Cassinese I, no. 1021 (p. 404)","profit shared by agreed fraction, not in proportion to capital stake"
CAS-1021-C,MB3,voluntary,"Confìtetur H onoratus fìlius Io h an n is Boleti, iussu sui patris, se portare in accom endatione lib","Guglielmo Cassinese I, no. 1021 (p. 404)",entry by private contract (working party acts by his father's order)
CAS-1028-C,TS2,single-venture,Confitetur Ansuixus de Sancto Genesio se p o rta re in accom endatione a Merlo de Camugi petias,"Guglielmo Cassinese I, no. 1028 (p. 406)","one voyage or venture, returning to the home port"
CAS-1028-C,CF1,1,Confitetur Ansuixus de Sancto Genesio se p o rta re in accom endatione a Merlo de Camugi petias,"Guglielmo Cassinese I, no. 1028 (p. 406)",capital from the investor side only; the other party works
CAS-1028-C,CF3,bilateral,Confitetur Ansuixus de Sancto Genesio se p o rta re in accom endatione a Merlo de Camugi petias,"Guglielmo Cassinese I, no. 1028 (p. 406)",1 principal(s) named
CAS-1028-C,LR2,coupled,"quo sibi videbitur causa n eg o cian d i, (2) et ad quartana proficui","Guglielmo Cassinese I, no. 1028 (p. 406)",working party takes a share of profit
CAS-1028-C,LR3,P,"quo sibi videbitur causa n eg o cian d i, (2) et ad quartana proficui","Guglielmo Cassinese I, no. 1028 (p. 406)","profit shared by agreed fraction, not in proportion to capital stake"
CAS-1028-C,MB3,voluntary,Confitetur Ansuixus de Sancto Genesio se p o rta re in accom endatione a Merlo de Camugi petias,"Guglielmo Cassinese I, no. 1028 (p. 406)",entry by private contract
CAS-1040-C,CF1,1,"Et a P elegrina uxore H ugonis B ernardi lib. .x. et sol. .vm. ad q u arta m profìcui, et est u t supra. Sub piorticu H ","Guglielmo Cassinese I, no. 1040 (p. 410)",capital from the investor side only; the other party works
CAS-1040-C,CF3,bilateral,"Et a P elegrina uxore H ugonis B ernardi lib. .x. et sol. .vm. ad q u arta m profìcui, et est u t supra. Sub piorticu H ","Guglielmo Cassinese I, no. 1040 (p. 410)",1 principal(s) named
CAS-1040-C,LR2,coupled,"ad q u arta m profìcui, et est u t supra","Guglielmo Cassinese I, no. 1040 (p. 410)",working party takes a share of profit
CAS-1040-C,LR3,P,"ad q u arta m profìcui, et est u t supra","Guglielmo Cassinese I, no. 1040 (p. 410)","profit shared by agreed fraction, not in proportion to capital stake"
CAS-1040-C,MB3,voluntary,"Et a P elegrina uxore H ugonis B ernardi lib. .x. et sol. .vm. ad q u arta m profìcui, et est u t supra. Sub piorticu H ","Guglielmo Cassinese I, no. 1040 (p. 410)",entry by private contract
CAS-1046-C,TS2,single-venture,Confitetur ldo Mazalis se portare in accom endatione a M ontanaria uxore Enrici G ontardi lib,"Guglielmo Cassinese I, no. 1046 (p. 412)","one voyage or venture, returning to the home port"
CAS-1046-C,CF1,1,Confitetur ldo Mazalis se portare in accom endatione a M ontanaria uxore Enrici G ontardi lib,"Guglielmo Cassinese I, no. 1046 (p. 412)",capital from the investor side only; the other party works
CAS-1046-C,CF3,bilateral,Confitetur ldo Mazalis se portare in accom endatione a M ontanaria uxore Enrici G ontardi lib,"Guglielmo Cassinese I, no. 1046 (p. 412)",1 principal(s) named
CAS-1046-C,LR2,coupled,"negociandi, et facere expensas per libranti, et ad q u a rta m profìcui","Guglielmo Cassinese I, no. 1046 (p. 412)",working party takes a share of profit
CAS-1046-C,LR3,P,"negociandi, et facere expensas per libranti, et ad q u a rta m profìcui","Guglielmo Cassinese I, no. 1046 (p. 412)","profit shared by agreed fraction, not in proportion to capital stake"
CAS-1046-C,MB3,voluntary,Confitetur ldo Mazalis se portare in accom endatione a M ontanaria uxore Enrici G ontardi lib,"Guglielmo Cassinese I, no. 1046 (p. 412)",entry by private contract
CAS-1061-C,TS2,single-venture,Confiletur Iohannes Rapallus se portare in accom endatione a Berta sutrice lib,"Guglielmo Cassinese I, no. 1061 (p. 417)","one voyage or venture, returning to the home port"
CAS-1061-C,CF1,1,Confiletur Iohannes Rapallus se portare in accom endatione a Berta sutrice lib,"Guglielmo Cassinese I, no. 1061 (p. 417)",capital from the investor side only; the other party works
CAS-1061-C,CF3,bilateral,Confiletur Iohannes Rapallus se portare in accom endatione a Berta sutrice lib,"Guglielmo Cassinese I, no. 1061 (p. 417)",1 principal(s) named
CAS-1061-C,LR2,coupled,"negociandi, sine expensis preter in furnire res, ad quartana proficuj","Guglielmo Cassinese I, no. 1061 (p. 417)",working party takes a share of profit
CAS-1061-C,LR3,P,"negociandi, sine expensis preter in furnire res, ad quartana proficuj","Guglielmo Cassinese I, no. 1061 (p. 417)","profit shared by agreed fraction, not in proportion to capital stake"
CAS-1061-C,MB3,voluntary,Confiletur Iohannes Rapallus se portare in accom endatione a Berta sutrice lib,"Guglielmo Cassinese I, no. 1061 (p. 417)",entry by private contract
CAS-1063-C,TS2,single-venture,"Confitetur Oliverius Marzocus se portare, v o lú n tate A rnaldi Fornarii presentís c u m quo h a b e","Guglielmo Cassinese I, no. 1063 (p. 418)","one voyage or venture, returning to the home port"
CAS-1063-C,CF1,1,"Confitetur Oliverius Marzocus se portare, v o lú n tate A rnaldi Fornarii presentís c u m quo h a b e t so","Guglielmo Cassinese I, no. 1063 (p. 418)",capital from the investor side only; the other party works
CAS-1063-C,CF3,bilateral,"Confitetur Oliverius Marzocus se portare, v o lú n tate A rnaldi Fornarii presentís c u m quo h a b e t so","Guglielmo Cassinese I, no. 1063 (p. 418)",1 principal(s) named
CAS-1063-C,MB3,voluntary,"Confitetur Oliverius Marzocus se portare, v o lú n tate A rnaldi Fornarii presentís c u m quo h a b e t so","Guglielmo Cassinese I, no. 1063 (p. 418)",entry by private contract
CAS-1078-C,TS2,.NR,C o n stan tin o p o lim et in d e in duobu s aliis viaticis,"Guglielmo Cassinese I, no. 1078 (p. 424)",three voyages: the value set has no state for a bounded series of ventures
CAS-1078-C,CF1,1,"Confitelur Mazucus de P o m ario se p ortare in accom endatione, v o lu n tate Anluli de Cruce et Oberti nepotis eius","Guglielmo Cassinese I, no. 1078 (p. 424)",capital from the investor side only; the other party works
CAS-1078-C,CF3,bilateral,"Confitelur Mazucus de P o m ario se p ortare in accom endatione, v o lu n tate Anluli de Cruce et Oberti nepotis eius","Guglielmo Cassinese I, no. 1078 (p. 424)",1 principal(s) named
CAS-1078-C,LR2,coupled,"possit m itlere ei in Ian ua et cu m testibus, et ad q u a rla m proficui","Guglielmo Cassinese I, no. 1078 (p. 424)",working party takes a share of profit
CAS-1078-C,LR3,P,"possit m itlere ei in Ian ua et cu m testibus, et ad q u a rla m proficui","Guglielmo Cassinese I, no. 1078 (p. 424)","profit shared by agreed fraction, not in proportion to capital stake"
CAS-1078-C,CI1,several-accounts,"Et debet imjiiicare separatim , et facere","Guglielmo Cassinese I, no. 1078 (p. 424)",separate investment required
CAS-1078-C,MB3,voluntary,"Confitelur Mazucus de P o m ario se p ortare in accom endatione, v o lu n tate Anluli de Cruce et Oberti nepotis eius","Guglielmo Cassinese I, no. 1078 (p. 424)",entry by private contract
CAS-1082-C,TS2,single-venture,"Confìtetur Marchesius de V ulpaira se p ortare in accom en dalion e, volúntate Io h an n is cognato (2) Carli","Guglielmo Cassinese I, no. 1082 (p. 426)","one voyage or venture, returning to the home port"
CAS-1082-C,CF1,1,"Confìtetur Marchesius de V ulpaira se p ortare in accom en dalion e, volúntate Io h an n is cognato (2) Carli et DoniDei","Guglielmo Cassinese I, no. 1082 (p. 426)",capital from the investor side only; the other party works
CAS-1082-C,CF3,multilateral,"Confìtetur Marchesius de V ulpaira se p ortare in accom en dalion e, volúntate Io h an n is cognato (2) Carli et DoniDei","Guglielmo Cassinese I, no. 1082 (p. 426)",2 principal(s) named
CAS-1082-C,LR2,coupled,"et inde quo ie rit c u m aliis causa negociandi, ad q u a rta m proficui, que debet pon eré in societate","Guglielmo Cassinese I, no. 1082 (p. 426)",working party takes a share of profit
CAS-1082-C,LR3,P,"et inde quo ie rit c u m aliis causa negociandi, ad q u a rta m proficui, que debet pon eré in societate","Guglielmo Cassinese I, no. 1082 (p. 426)","profit shared by agreed fraction, not in proportion to capital stake"
CAS-1082-C,CI1,several-accounts,"ei in I a n u a et cu m testibus, et im p lic a re sep aratin g et facere","Guglielmo Cassinese I, no. 1082 (p. 426)",separate investment required
CAS-1082-C,MB3,voluntary,"Confìtetur Marchesius de V ulpaira se p ortare in accom en dalion e, volúntate Io h an n is cognato (2) Carli et DoniDei","Guglielmo Cassinese I, no. 1082 (p. 426)",entry by private contract
CAS-1087-C,TS2,single-venture,C onfìtetur O bertus Mantellus se portare in accom endatione a S ophia u xore Streja fìlii Strejaporci,"Guglielmo Cassinese I, no. 1087 (p. 428)","one voyage or venture, returning to the home port"
CAS-1087-C,CF1,1,C onfìtetur O bertus Mantellus se portare in accom endatione a S ophia u xore Streja fìlii Strejaporci lib,"Guglielmo Cassinese I, no. 1087 (p. 428)",capital from the investor side only; the other party works
CAS-1087-C,CF3,bilateral,C onfìtetur O bertus Mantellus se portare in accom endatione a S ophia u xore Streja fìlii Strejaporci lib,"Guglielmo Cassinese I, no. 1087 (p. 428)",1 principal(s) named
CAS-1087-C,LR2,veiled,gratis,"Guglielmo Cassinese I, no. 1087 (p. 428)",working party takes no share of profit
CAS-1087-C,LR3,1,gratis,"Guglielmo Cassinese I, no. 1087 (p. 428)",all profit to the capital provider
CAS-1087-C,MB3,voluntary,C onfìtetur O bertus Mantellus se portare in accom endatione a S ophia u xore Streja fìlii Strejaporci lib,"Guglielmo Cassinese I, no. 1087 (p. 428)",entry by private contract
CAS-1089-C,TS2,single-venture,Confìtetur O tachinus sartior se p ortare in accom endatione a P etro G ranaira lib,"Guglielmo Cassinese I, no. 1089 (p. 428)","one voyage or venture, returning to the home port"
CAS-1089-C,CF1,1,Confìtetur O tachinus sartior se p ortare in accom endatione a P etro G ranaira lib,"Guglielmo Cassinese I, no. 1089 (p. 428)",capital from the investor side only; the other party works
CAS-1089-C,CF3,bilateral,Confìtetur O tachinus sartior se p ortare in accom endatione a P etro G ranaira lib,"Guglielmo Cassinese I, no. 1089 (p. 428)",1 principal(s) named
CAS-1089-C,LR2,coupled,"aliis que portai, causa negociandi bon a fide, ad m edietatem proficui","Guglielmo Cassinese I, no. 1089 (p. 428)",working party takes a share of profit
CAS-1089-C,LR3,P,"aliis que portai, causa negociandi bon a fide, ad m edietatem proficui","Guglielmo Cassinese I, no. 1089 (p. 428)","profit shared by agreed fraction, not in proportion to capital stake"
CAS-1089-C,MB3,voluntary,Confìtetur O tachinus sartior se p ortare in accom endatione a P etro G ranaira lib,"Guglielmo Cassinese I, no. 1089 (p. 428)",entry by private contract
CAS-1093-C,TS2,single-venture,Confìtetur Marchesius Z urlus se po rtare in a c c o m en d atio n e ab Ansuixo de Sancto Genesio lib,"Guglielmo Cassinese I, no. 1093 (p. 430)","one voyage or venture, returning to the home port"
CAS-1093-C,CF1,1,Confìtetur Marchesius Z urlus se po rtare in a c c o m en d atio n e ab Ansuixo de Sancto Genesio lib,"Guglielmo Cassinese I, no. 1093 (p. 430)",capital from the investor side only; the other party works
CAS-1093-C,CF3,bilateral,Confìtetur Marchesius Z urlus se po rtare in a c c o m en d atio n e ab Ansuixo de Sancto Genesio lib,"Guglielmo Cassinese I, no. 1093 (p. 430)",1 principal(s) named
CAS-1093-C,LR2,coupled,"ierit cu m suis causa n ego eia n di b o n a fide, ad q u a r tam proficuj","Guglielmo Cassinese I, no. 1093 (p. 430)",working party takes a share of profit
CAS-1093-C,LR3,P,"ierit cu m suis causa n ego eia n di b o n a fide, ad q u a r tam proficuj","Guglielmo Cassinese I, no. 1093 (p. 430)","profit shared by agreed fraction, not in proportion to capital stake"
CAS-1093-C,MB3,voluntary,Confìtetur Marchesius Z urlus se po rtare in a c c o m en d atio n e ab Ansuixo de Sancto Genesio lib,"Guglielmo Cassinese I, no. 1093 (p. 430)",entry by private contract
CAS-0012-S,TS2,single-venture,Confitetur Petrus de Svio se p o rtare in societate a Sylo de Burgo lib,"Guglielmo Cassinese I, no. 12 (p. 8)","one voyage or venture, returning to the home port"
CAS-0012-S,CF1,P,"et de suis lib. . L . , Napolim","Guglielmo Cassinese I, no. 12 (p. 8)",both sides contribute capital; one side travels or works
CAS-0012-S,CF3,multilateral,Confitetur Petrus de Svio se p o rtare in societate a Sylo de Burgo lib,"Guglielmo Cassinese I, no. 12 (p. 8)",2 principal(s) named
CAS-0012-S,LR2,coupled,"ad quartam proficui, que debet reverti ad societatem","Guglielmo Cassinese I, no. 12 (p. 8)",working party takes a share of profit
CAS-0012-S,LR3,P,"ad quartam proficui, que debet reverti ad societatem","Guglielmo Cassinese I, no. 12 (p. 8)","profit shared by agreed fraction, not in proportion to capital stake"
CAS-0012-S,LR6,symmetric,"et de suis lib. . L . , Napolim","Guglielmo Cassinese I, no. 12 (p. 8)","exposed to losses on his own contribution or by guarantee of capital, and shares gains"
CAS-0012-S,CI1,common,"et de suis lib. . L . , Napolim","Guglielmo Cassinese I, no. 12 (p. 8)",contributions merged in one stock
CAS-0012-S,MB3,voluntary,Confitetur Petrus de Svio se p o rtare in societate a Sylo de Burgo lib,"Guglielmo Cassinese I, no. 12 (p. 8)",entry by private contract
CAS-0020-S,TS2,single-venture,Gonfìtetur idem Im bertus portare has lib,"Guglielmo Cassinese I, no. 20 (p. 11)","one voyage or venture, returning to the home port"
CAS-0020-S,CF3,multilateral,* [Societas qu am ] habuit Imbertus de Vezastello a Ionatha Cavarunco et ab Oddone de Melazo que fuit bis........ [est] ,"Guglielmo Cassinese I, no. 20 (p. 11)",2 principal(s) named
CAS-0020-S,MB3,voluntary,* [Societas qu am ] habuit Imbertus de Vezastello a Ionatha Cavarunco et ab Oddone de Melazo que fuit bis........ [est] ,"Guglielmo Cassinese I, no. 20 (p. 11)",entry by private contract
CAS-0032-S,TS2,single-venture,n iìte tu r Oliverius Oregonus se portare in società te ab Agnete uxore q u o n d a m Oliverii Malfìliastri,"Guglielmo Cassinese I, no. 32 (p. 15)","one voyage or venture, returning to the home port"
CAS-0032-S,CF3,bilateral,C o n iìte tu r Oliverius Oregonus se portare in società te ab Agnete uxore q u o n d a m Oliverii Malfìliastri lib,"Guglielmo Cassinese I, no. 32 (p. 15)",1 principal(s) named
CAS-0032-S,LR2,coupled,"Et salvo capitali, prof ìcu u m p er m ed iu m debet partiri","Guglielmo Cassinese I, no. 32 (p. 15)",working party takes a share of profit
CAS-0032-S,LR3,P,"Et salvo capitali, prof ìcu u m p er m ed iu m debet partiri","Guglielmo Cassinese I, no. 32 (p. 15)","profit shared by agreed fraction, not in proportion to capital stake"
CAS-0032-S,MB3,voluntary,C o n iìte tu r Oliverius Oregonus se portare in società te ab Agnete uxore q u o n d a m Oliverii Malfìliastri lib,"Guglielmo Cassinese I, no. 32 (p. 15)",entry by private contract
CAS-0038-S,TS2,single-venture,Confitetur Jo hannes de Castello se portare in societate a Vasallo Strai [leire] lib,"Guglielmo Cassinese I, no. 38 (p. 18)","one voyage or venture, returning to the home port"
CAS-0038-S,CF1,P,et de suis lib. . l x . in Siciliam et ind e quo,"Guglielmo Cassinese I, no. 38 (p. 18)",both sides contribute capital; one side travels or works
CAS-0038-S,CF3,bilateral,Confitetur Jo hannes de Castello se portare in societate a Vasallo Strai [leire] lib,"Guglielmo Cassinese I, no. 38 (p. 18)",1 principal(s) named
CAS-0038-S,LR2,coupled,"que debent lucrali et expendere per libram , ad [q u a rta m proficui], que debet reverti ad societatem (4)","Guglielmo Cassinese I, no. 38 (p. 18)",working party takes a share of profit
CAS-0038-S,LR3,P,"que debent lucrali et expendere per libram , ad [q u a rta m proficui], que debet reverti ad societatem (4)","Guglielmo Cassinese I, no. 38 (p. 18)","profit shared by agreed fraction, not in proportion to capital stake"
CAS-0038-S,LR6,symmetric,et de suis lib. . l x . in Siciliam et ind e quo,"Guglielmo Cassinese I, no. 38 (p. 18)","exposed to losses on his own contribution or by guarantee of capital, and shares gains"
CAS-0038-S,CI1,common,et de suis lib. . l x . in Siciliam et ind e quo,"Guglielmo Cassinese I, no. 38 (p. 18)",contributions merged in one stock
CAS-0038-S,MB3,voluntary,Confitetur Jo hannes de Castello se portare in societate a Vasallo Strai [leire] lib,"Guglielmo Cassinese I, no. 38 (p. 18)",entry by private contract
CAS-0053-S,TS2,fixed-term,usque ad kalen das j a n u a r i i proxim i,"Guglielmo Cassinese I, no. 53 (p. 23)",from the duration clause
CAS-0053-S,CF1,P,"[et de suis] lib. . l x . , causa","Guglielmo Cassinese I, no. 53 (p. 23)",both sides contribute capital; one side travels or works
CAS-0053-S,CF2,1,"dare prom ittit te[rciam ] proficui q u o d D eu s dederit, bona fide, et capitale, sub pena dupli","Guglielmo Cassinese I, no. 53 (p. 23)",unconditional promise by the working party to return the whole capital
CAS-0053-S,CF3,multilateral,Confitetur Paulus d ra p e riu s se h a b e re in societate a Iohanne Grita lib,"Guglielmo Cassinese I, no. 53 (p. 23)",2 principal(s) named
CAS-0053-S,LR2,coupled,"a n u a r i i proxim i, et tu n c dare prom ittit te[rciam ] proficui q u o d D eu s dederit, bona fide, et","Guglielmo Cassinese I, no. 53 (p. 23)",working party takes a share of profit
CAS-0053-S,LR3,P,"a n u a r i i proxim i, et tu n c dare prom ittit te[rciam ] proficui q u o d D eu s dederit, bona fide, et","Guglielmo Cassinese I, no. 53 (p. 23)","profit shared by agreed fraction, not in proportion to capital stake"
CAS-0053-S,LR6,symmetric,"dare prom ittit te[rciam ] proficui q u o d D eu s dederit, bona fide, et capitale, sub pena dupli","Guglielmo Cassinese I, no. 53 (p. 23)","exposed to losses on his own contribution or by guarantee of capital, and shares gains"
CAS-0053-S,CI1,common,"[et de suis] lib. . l x . , causa","Guglielmo Cassinese I, no. 53 (p. 23)",contributions merged in one stock
CAS-0053-S,RB3,general-estate,"eu s dederit, bona fide, et capitale, sub pena dupli stip u la ta in suis bonis [que om nia eis p i]gno ri obligat","Guglielmo Cassinese I, no. 53 (p. 23)",general pledge of goods
CAS-0053-S,MB3,voluntary,Confitetur Paulus d ra p e riu s se h a b e re in societate a Iohanne Grita lib,"Guglielmo Cassinese I, no. 53 (p. 23)",entry by private contract
CAS-0074-S,TS2,single-venture,r O liv e riu s O re g a n u s se p ortare in societate a Rubaldo n e p o t e P h i l i p p i de L e v,"Guglielmo Cassinese I, no. 74 (p. 31)","one voyage or venture, returning to the home port"
CAS-0074-S,CF1,P,"et de suis lib. .xvm., in quib","Guglielmo Cassinese I, no. 74 (p. 31)",both sides contribute capital; one side travels or works
CAS-0074-S,CF3,multilateral,C o n f ì t e t u r O liv e riu s O re g a n u s se p ortare in societate a Rubaldo n e p o t e P h i l i p p i de L e v a n t lib,"Guglielmo Cassinese I, no. 74 (p. 31)",2 principal(s) named
CAS-0074-S,LR2,coupled,"a d q u a r t a n a p ro fic u i, q u e debet reverti a d societatem","Guglielmo Cassinese I, no. 74 (p. 31)",working party takes a share of profit
CAS-0074-S,LR3,P,"a d q u a r t a n a p ro fic u i, q u e debet reverti a d societatem","Guglielmo Cassinese I, no. 74 (p. 31)","profit shared by agreed fraction, not in proportion to capital stake"
CAS-0074-S,LR6,symmetric,"et de suis lib. .xvm., in quib","Guglielmo Cassinese I, no. 74 (p. 31)","exposed to losses on his own contribution or by guarantee of capital, and shares gains"
CAS-0074-S,CI1,common,"et de suis lib. .xvm., in quib","Guglielmo Cassinese I, no. 74 (p. 31)",contributions merged in one stock
CAS-0074-S,MB3,voluntary,C o n f ì t e t u r O liv e riu s O re g a n u s se p ortare in societate a Rubaldo n e p o t e P h i l i p p i de L e v a n t lib,"Guglielmo Cassinese I, no. 74 (p. 31)",entry by private contract
CAS-0093-S,TS2,fixed-term,usque ad a n n u m,"Guglielmo Cassinese I, no. 93 (p. 39)",from the duration clause
CAS-0093-S,CF1,P,"et de suis lib. . c l x v t . , causa","Guglielmo Cassinese I, no. 93 (p. 39)",both sides contribute capital; one side travels or works
CAS-0093-S,CF2,1,"prom ittit dare ei capitale et medietalem proficui quod Deus dederit, sub pena dupli","Guglielmo Cassinese I, no. 93 (p. 39)",unconditional promise by the working party to return the whole capital
CAS-0093-S,CF3,bilateral,Coniìtetur R aim undus Unaldus se habere in societate a Corso de Palazolo lib,"Guglielmo Cassinese I, no. 93 (p. 39)",1 principal(s) named
CAS-0093-S,LR2,coupled,"capite an n i ( 1 ) prom ittit dare ei capitale et medietalem proficui quod Deus dederit, sub pena dupli","Guglielmo Cassinese I, no. 93 (p. 39)",working party takes a share of profit
CAS-0093-S,LR3,P,"capite an n i ( 1 ) prom ittit dare ei capitale et medietalem proficui quod Deus dederit, sub pena dupli","Guglielmo Cassinese I, no. 93 (p. 39)","profit shared by agreed fraction, not in proportion to capital stake"
CAS-0093-S,LR6,symmetric,"prom ittit dare ei capitale et medietalem proficui quod Deus dederit, sub pena dupli","Guglielmo Cassinese I, no. 93 (p. 39)","exposed to losses on his own contribution or by guarantee of capital, and shares gains"
CAS-0093-S,CI1,common,"et de suis lib. . c l x v t . , causa","Guglielmo Cassinese I, no. 93 (p. 39)",contributions merged in one stock
CAS-0093-S,MB3,voluntary,Coniìtetur R aim undus Unaldus se habere in societate a Corso de Palazolo lib,"Guglielmo Cassinese I, no. 93 (p. 39)",entry by private contract
CAS-0106-S,TS2,fixed-term,usque ad sanctum Andream,"Guglielmo Cassinese I, no. 106 (p. 44)",from the duration clause
CAS-0106-S,CF1,P,"et [de suis] lib. .ix x ., causa","Guglielmo Cassinese I, no. 106 (p. 44)",both sides contribute capital; one side travels or works
CAS-0106-S,CF3,multilateral,"Testes Amicus draperius, Johannes cazaor. In botea Petri Venli in q ua h ab itat W ilielm us calderarius, ea die. Confìt","Guglielmo Cassinese I, no. 106 (p. 44)",3 principal(s) named
CAS-0106-S,LR2,coupled,"in d u m en ta uxori, proficuum quod Deus dederil per m edium debebit, dividi","Guglielmo Cassinese I, no. 106 (p. 44)",working party takes a share of profit
CAS-0106-S,LR3,P,"in d u m en ta uxori, proficuum quod Deus dederil per m edium debebit, dividi","Guglielmo Cassinese I, no. 106 (p. 44)","profit shared by agreed fraction, not in proportion to capital stake"
CAS-0106-S,LR6,symmetric,"et [de suis] lib. .ix x ., causa","Guglielmo Cassinese I, no. 106 (p. 44)","exposed to losses on his own contribution or by guarantee of capital, and shares gains"
CAS-0106-S,CI1,common,"et [de suis] lib. .ix x ., causa","Guglielmo Cassinese I, no. 106 (p. 44)",contributions merged in one stock
CAS-0106-S,MB3,voluntary,"Testes Amicus draperius, Johannes cazaor. In botea Petri Venli in q ua h ab itat W ilielm us calderarius, ea die. Confìt","Guglielmo Cassinese I, no. 106 (p. 44)",entry by private contract
CAS-0112-S,TS2,.NR,et inde in u n o alio viatico quo maluerit,"Guglielmo Cassinese I, no. 112 (p. 47)",a bounded series of voyages: the value set has no state for it
CAS-0112-S,CF1,P,"et de suis lib. .i i ., in Sardiniam","Guglielmo Cassinese I, no. 112 (p. 47)",both sides contribute capital; one side travels or works
CAS-0112-S,CF3,bilateral,Confìtelur Rogerius de Pelio se portare in societate a Bertolino de Porcellis lib,"Guglielmo Cassinese I, no. 112 (p. 47)",1 principal(s) named
CAS-0112-S,LR2,coupled,"Et salvo capitali, profìcuum per m ed ium debet partiri","Guglielmo Cassinese I, no. 112 (p. 47)",working party takes a share of profit
CAS-0112-S,LR3,P,"Et salvo capitali, profìcuum per m ed ium debet partiri","Guglielmo Cassinese I, no. 112 (p. 47)","profit shared by agreed fraction, not in proportion to capital stake"
CAS-0112-S,LR6,symmetric,"et de suis lib. .i i ., in Sardiniam","Guglielmo Cassinese I, no. 112 (p. 47)","exposed to losses on his own contribution or by guarantee of capital, and shares gains"
CAS-0112-S,CI1,common,"et de suis lib. .i i ., in Sardiniam","Guglielmo Cassinese I, no. 112 (p. 47)",contributions merged in one stock
CAS-0112-S,MB3,voluntary,Confìtelur Rogerius de Pelio se portare in societate a Bertolino de Porcellis lib,"Guglielmo Cassinese I, no. 112 (p. 47)",entry by private contract
CAS-0123-S,TS2,single-venture,quondam filius Ugonis de Castello se p o rta re in societate a Wilielmo Malfiliastro lib,"Guglielmo Cassinese I, no. 123 (p. 51)","one voyage or venture, returning to the home port"
CAS-0123-S,CF1,P,et de suis lib . .cxv N apolim et inde quo sibi,"Guglielmo Cassinese I, no. 123 (p. 51)",both sides contribute capital; one side travels or works
CAS-0123-S,CF3,bilateral,Confitetur Opizo quondam filius Ugonis de Castello se p o rta re in societate a Wilielmo Malfiliastro lib,"Guglielmo Cassinese I, no. 123 (p. 51)",1 principal(s) named
CAS-0123-S,LR2,coupled,"ad quarlam proficui, que debet revertí ad societatem","Guglielmo Cassinese I, no. 123 (p. 51)",working party takes a share of profit
CAS-0123-S,LR3,P,"ad quarlam proficui, que debet revertí ad societatem","Guglielmo Cassinese I, no. 123 (p. 51)","profit shared by agreed fraction, not in proportion to capital stake"
CAS-0123-S,LR6,symmetric,et de suis lib . .cxv N apolim et inde quo sibi,"Guglielmo Cassinese I, no. 123 (p. 51)","exposed to losses on his own contribution or by guarantee of capital, and shares gains"
CAS-0123-S,CI1,common,et de suis lib . .cxv N apolim et inde quo sibi,"Guglielmo Cassinese I, no. 123 (p. 51)",contributions merged in one stock
CAS-0123-S,MB3,voluntary,Confitetur Opizo quondam filius Ugonis de Castello se p o rta re in societate a Wilielmo Malfiliastro lib,"Guglielmo Cassinese I, no. 123 (p. 51)",entry by private contract
CAS-0143-S,TS2,single-venture,Confitetur Vasallus de Albario se portare in societate a Jo h a n n e de Leges lib,"Guglielmo Cassinese I, no. 143 (p. 59)","one voyage or venture, returning to the home port"
CAS-0143-S,CF1,P,"et de suis lib. . l ., in Sardiniam","Guglielmo Cassinese I, no. 143 (p. 59)",both sides contribute capital; one side travels or works
CAS-0143-S,CF3,multilateral,Confitetur Vasallus de Albario se portare in societate a Jo h a n n e de Leges lib,"Guglielmo Cassinese I, no. 143 (p. 59)",2 principal(s) named
CAS-0143-S,LR2,coupled,"ad quartam profìcui, et que debet reverti ad societatem","Guglielmo Cassinese I, no. 143 (p. 59)",working party takes a share of profit
CAS-0143-S,LR3,P,"ad quartam profìcui, et que debet reverti ad societatem","Guglielmo Cassinese I, no. 143 (p. 59)","profit shared by agreed fraction, not in proportion to capital stake"
CAS-0143-S,LR6,symmetric,"et de suis lib. . l ., in Sardiniam","Guglielmo Cassinese I, no. 143 (p. 59)","exposed to losses on his own contribution or by guarantee of capital, and shares gains"
CAS-0143-S,CI1,common,"et de suis lib. . l ., in Sardiniam","Guglielmo Cassinese I, no. 143 (p. 59)",contributions merged in one stock
CAS-0143-S,MB3,voluntary,Confitetur Vasallus de Albario se portare in societate a Jo h a n n e de Leges lib,"Guglielmo Cassinese I, no. 143 (p. 59)",entry by private contract
CAS-0150-S,TS2,fixed-term,usque ad kalendas augusti proxim i,"Guglielmo Cassinese I, no. 150 (p. 61)",from the duration clause
CAS-0150-S,CF1,P,et [de suis] sol. . i l . causa negociandi usque,"Guglielmo Cassinese I, no. 150 (p. 61)",both sides contribute capital; one side travels or works
CAS-0150-S,CF2,1,"dare p ro m ittit dare ei capitale et medietatem proficui quad Deus dederit, sub pena dupli in suis bonis","Guglielmo Cassinese I, no. 150 (p. 61)",unconditional promise by the working party to return the whole capital
CAS-0150-S,CF3,bilateral,Confitetur Johannes Matus de Clavari se habere in socìetate ab Alda filia quondam Ralduini de Campo lib,"Guglielmo Cassinese I, no. 150 (p. 61)",1 principal(s) named
CAS-0150-S,LR2,coupled,"fide, et tu nc dare p ro m ittit dare ei capitale et medietatem proficui quad Deus dederit, sub pena dupli","Guglielmo Cassinese I, no. 150 (p. 61)",working party takes a share of profit
CAS-0150-S,LR3,P,"fide, et tu nc dare p ro m ittit dare ei capitale et medietatem proficui quad Deus dederit, sub pena dupli","Guglielmo Cassinese I, no. 150 (p. 61)","profit shared by agreed fraction, not in proportion to capital stake"
CAS-0150-S,LR6,symmetric,"dare p ro m ittit dare ei capitale et medietatem proficui quad Deus dederit, sub pena dupli in suis bonis","Guglielmo Cassinese I, no. 150 (p. 61)","exposed to losses on his own contribution or by guarantee of capital, and shares gains"
CAS-0150-S,CI1,common,et [de suis] sol. . i l . causa negociandi usque,"Guglielmo Cassinese I, no. 150 (p. 61)",contributions merged in one stock
CAS-0150-S,RB3,general-estate,"medietatem proficui quad Deus dederit, sub pena dupli in suis bonis","Guglielmo Cassinese I, no. 150 (p. 61)",general pledge of goods
CAS-0150-S,MB3,voluntary,Confitetur Johannes Matus de Clavari se habere in socìetate ab Alda filia quondam Ralduini de Campo lib,"Guglielmo Cassinese I, no. 150 (p. 61)",entry by private contract
CAS-0184-S,TS2,single-venture,Sexto fìlius Marufì q u o n d a m se p o rtare in societate a W ilielmo de Sexto lib,"Guglielmo Cassinese I, no. 184 (p. 75)","one voyage or venture, returning to the home port"
CAS-0184-S,CF1,P,"et de suis lib. .vi. in Sardin iam , causa","Guglielmo Cassinese I, no. 184 (p. 75)",both sides contribute capital; one side travels or works
CAS-0184-S,CF3,multilateral,Confìtetur Oliverius de Sexto fìlius Marufì q u o n d a m se p o rtare in societate a W ilielmo de Sexto lib,"Guglielmo Cassinese I, no. 184 (p. 75)",2 principal(s) named
CAS-0184-S,LR2,coupled,"m Ianue cum capitali et salvo capitali, proficuum per m e d iu m debet partiri","Guglielmo Cassinese I, no. 184 (p. 75)",working party takes a share of profit
CAS-0184-S,LR3,P,"m Ianue cum capitali et salvo capitali, proficuum per m e d iu m debet partiri","Guglielmo Cassinese I, no. 184 (p. 75)","profit shared by agreed fraction, not in proportion to capital stake"
CAS-0184-S,LR6,symmetric,"et de suis lib. .vi. in Sardin iam , causa","Guglielmo Cassinese I, no. 184 (p. 75)","exposed to losses on his own contribution or by guarantee of capital, and shares gains"
CAS-0184-S,CI1,common,"et de suis lib. .vi. in Sardin iam , causa","Guglielmo Cassinese I, no. 184 (p. 75)",contributions merged in one stock
CAS-0184-S,MB3,voluntary,Confìtetur Oliverius de Sexto fìlius Marufì q u o n d a m se p o rtare in societate a W ilielmo de Sexto lib,"Guglielmo Cassinese I, no. 184 (p. 75)",entry by private contract
CAS-0207-S,TS2,single-venture,In reditu vero J a n u a m reducere prom ittit in potestate eius vel sui,"Guglielmo Cassinese I, no. 207 (p. 84)","one voyage or venture, returning to the home port"
CAS-0207-S,CF1,P,"et de suis lib. . l . , causa","Guglielmo Cassinese I, no. 207 (p. 84)",both sides contribute capital; one side travels or works
CAS-0207-S,CF3,bilateral,Confitetur Obertus Rubeus se habere in societate a Martino Curio lib,"Guglielmo Cassinese I, no. 207 (p. 84)",1 principal(s) named
CAS-0207-S,LR2,coupled,"E t salvo capitali, profìcuum per m edium debet partiri","Guglielmo Cassinese I, no. 207 (p. 84)",working party takes a share of profit
CAS-0207-S,LR3,P,"E t salvo capitali, profìcuum per m edium debet partiri","Guglielmo Cassinese I, no. 207 (p. 84)","profit shared by agreed fraction, not in proportion to capital stake"
CAS-0207-S,LR6,symmetric,"et de suis lib. . l . , causa","Guglielmo Cassinese I, no. 207 (p. 84)","exposed to losses on his own contribution or by guarantee of capital, and shares gains"
CAS-0207-S,CI1,common,"et de suis lib. . l . , causa","Guglielmo Cassinese I, no. 207 (p. 84)",contributions merged in one stock
CAS-0207-S,MB3,voluntary,Confitetur Obertus Rubeus se habere in societate a Martino Curio lib,"Guglielmo Cassinese I, no. 207 (p. 84)",entry by private contract
CAS-0218-S,TS2,single-venture,Confitetur Villanus Axaxinus se portare in società te a Wilieuno Rataldo lib,"Guglielmo Cassinese I, no. 218 (p. 88)","one voyage or venture, returning to the home port"
CAS-0218-S,CF1,P,"et de suis lib. .xxx. in Catalognam, et inde","Guglielmo Cassinese I, no. 218 (p. 88)",both sides contribute capital; one side travels or works
CAS-0218-S,CF3,bilateral,Confitetur Villanus Axaxinus se portare in società te a Wilieuno Rataldo lib,"Guglielmo Cassinese I, no. 218 (p. 88)",1 principal(s) named
CAS-0218-S,LR2,coupled,"ad quartam proficui, que sit p ro pria (2) Villani","Guglielmo Cassinese I, no. 218 (p. 88)",working party takes a share of profit
CAS-0218-S,LR3,P,"ad quartam proficui, que sit p ro pria (2) Villani","Guglielmo Cassinese I, no. 218 (p. 88)","profit shared by agreed fraction, not in proportion to capital stake"
CAS-0218-S,LR6,symmetric,"et de suis lib. .xxx. in Catalognam, et inde","Guglielmo Cassinese I, no. 218 (p. 88)","exposed to losses on his own contribution or by guarantee of capital, and shares gains"
CAS-0218-S,CI1,common,"et de suis lib. .xxx. in Catalognam, et inde","Guglielmo Cassinese I, no. 218 (p. 88)",contributions merged in one stock
CAS-0218-S,MB3,voluntary,Confitetur Villanus Axaxinus se portare in società te a Wilieuno Rataldo lib,"Guglielmo Cassinese I, no. 218 (p. 88)",entry by private contract
CAS-0249-S,TS2,single-venture,ìte tu r Io h a n n e s U sura se portare in societate a W ilielmo Pontio lib,"Guglielmo Cassinese I, no. 249 (p. 101)","one voyage or venture, returning to the home port"
CAS-0249-S,CF1,P,"et d e suis lib . .xxxvi., in Sicdiam","Guglielmo Cassinese I, no. 249 (p. 101)",both sides contribute capital; one side travels or works
CAS-0249-S,CF3,bilateral,C o n f ìte tu r Io h a n n e s U sura se portare in societate a W ilielmo Pontio lib,"Guglielmo Cassinese I, no. 249 (p. 101)",1 principal(s) named
CAS-0249-S,LR2,coupled,a d q u a r ta m p ro fìcu i,"Guglielmo Cassinese I, no. 249 (p. 101)",working party takes a share of profit
CAS-0249-S,LR3,P,a d q u a r ta m p ro fìcu i,"Guglielmo Cassinese I, no. 249 (p. 101)","profit shared by agreed fraction, not in proportion to capital stake"
CAS-0249-S,LR6,symmetric,"et d e suis lib . .xxxvi., in Sicdiam","Guglielmo Cassinese I, no. 249 (p. 101)","exposed to losses on his own contribution or by guarantee of capital, and shares gains"
CAS-0249-S,CI1,common,"et d e suis lib . .xxxvi., in Sicdiam","Guglielmo Cassinese I, no. 249 (p. 101)",contributions merged in one stock
CAS-0249-S,MB3,voluntary,C o n f ìte tu r Io h a n n e s U sura se portare in societate a W ilielmo Pontio lib,"Guglielmo Cassinese I, no. 249 (p. 101)",entry by private contract
CAS-0263-S,TS2,single-venture,fìte tu r O tto C alch eriu s se p o rtare in societate ab Ogerio de C a rta g e n ia lib,"Guglielmo Cassinese I, no. 263 (p. 107)","one voyage or venture, returning to the home port"
CAS-0263-S,CF1,P,"(3), et de suis lib. .xxxi. (4), Ultram","Guglielmo Cassinese I, no. 263 (p. 107)",both sides contribute capital; one side travels or works
CAS-0263-S,CF3,bilateral,"G o n fìte tu r O tto C alch eriu s se p o rtare in societate ab Ogerio de C a rta g e n ia lib . . l x i i . (3), et de","Guglielmo Cassinese I, no. 263 (p. 107)",1 principal(s) named
CAS-0263-S,LR2,coupled,"lue ra ri et e x p e n d e r e p er lib ra m , et ad q u artam profìcui que debet revertí a d so c ie ta te","Guglielmo Cassinese I, no. 263 (p. 107)",working party takes a share of profit
CAS-0263-S,LR3,P,"lue ra ri et e x p e n d e r e p er lib ra m , et ad q u artam profìcui que debet revertí a d so c ie ta te","Guglielmo Cassinese I, no. 263 (p. 107)","profit shared by agreed fraction, not in proportion to capital stake"
CAS-0263-S,LR6,symmetric,"(3), et de suis lib. .xxxi. (4), Ultram","Guglielmo Cassinese I, no. 263 (p. 107)","exposed to losses on his own contribution or by guarantee of capital, and shares gains"
CAS-0263-S,CI1,common,"(3), et de suis lib. .xxxi. (4), Ultram","Guglielmo Cassinese I, no. 263 (p. 107)",contributions merged in one stock
CAS-0263-S,MB3,voluntary,"G o n fìte tu r O tto C alch eriu s se p o rtare in societate ab Ogerio de C a rta g e n ia lib . . l x i i . (3), et de","Guglielmo Cassinese I, no. 263 (p. 107)",entry by private contract
CAS-0273-S,TS2,single-venture,d e Rovereto de Sancto Donato se portare in so cietate d e re b u s /Vide uxoris quondam Ottonis Guercii,"Guglielmo Cassinese I, no. 273 (p. 111)","one voyage or venture, returning to the home port"
CAS-0273-S,CF1,1,C o n fìte tu r M an fred u s d e Rovereto de Sancto Donato se portare in so cietate d e re b u s /Vide uxoris quondam Ottonis Guercii lib,"Guglielmo Cassinese I, no. 273 (p. 111)",capital from the investor side only; the other party works
CAS-0273-S,CF3,multilateral,C o n fìte tu r M an fred u s d e Rovereto de Sancto Donato se portare in so cietate d e re b u s /Vide uxoris quondam Ottonis Guercii lib,"Guglielmo Cassinese I, no. 273 (p. 111)",4 principal(s) named
CAS-0273-S,LR2,coupled,"Et salvo capitali, profìc u u m p e r m e d iu m debet p a rtiri","Guglielmo Cassinese I, no. 273 (p. 111)",working party takes a share of profit
CAS-0273-S,LR3,P,"Et salvo capitali, profìc u u m p e r m e d iu m debet p a rtiri","Guglielmo Cassinese I, no. 273 (p. 111)","profit shared by agreed fraction, not in proportion to capital stake"
CAS-0273-S,MB3,voluntary,C o n fìte tu r M an fred u s d e Rovereto de Sancto Donato se portare in so cietate d e re b u s /Vide uxoris quondam Ottonis Guercii lib,"Guglielmo Cassinese I, no. 273 (p. 111)",entry by private contract
CAS-0289-S,TS2,single-venture,fite tu r Io h a n n e s de Dedo se po rtare in societate a Petro et Antu lo et O b e rto de C ruce lib,"Guglielmo Cassinese I, no. 289 (p. 117)","one voyage or venture, returning to the home port"
CAS-0289-S,CF1,P,et de suis lib. .xv. in Provintiam et u s q u,"Guglielmo Cassinese I, no. 289 (p. 117)",both sides contribute capital; one side travels or works
CAS-0289-S,CF3,multilateral,C o n fite tu r Io h a n n e s de Dedo se po rtare in societate a Petro et Antu lo et O b e rto de C ruce lib,"Guglielmo Cassinese I, no. 289 (p. 117)",3 principal(s) named
CAS-0289-S,LR2,coupled,"ad quartam p ro fìcu i, e t q u e lib re d eb en t","Guglielmo Cassinese I, no. 289 (p. 117)",working party takes a share of profit
CAS-0289-S,LR3,P,"ad quartam p ro fìcu i, e t q u e lib re d eb en t","Guglielmo Cassinese I, no. 289 (p. 117)","profit shared by agreed fraction, not in proportion to capital stake"
CAS-0289-S,LR6,symmetric,et de suis lib. .xv. in Provintiam et u s q u,"Guglielmo Cassinese I, no. 289 (p. 117)","exposed to losses on his own contribution or by guarantee of capital, and shares gains"
CAS-0289-S,CI1,common,e lib re d eb en t expendere et lu erari per libram cum societate,"Guglielmo Cassinese I, no. 289 (p. 117)",capital invested or charged in common with other capital
CAS-0289-S,MB3,voluntary,C o n fite tu r Io h a n n e s de Dedo se po rtare in societate a Petro et Antu lo et O b e rto de C ruce lib,"Guglielmo Cassinese I, no. 289 (p. 117)",entry by private contract
CAS-0303-S,TS2,single-venture,"C onfìtetur O gerius Porcus se porlare in societate de rebus Suzub o n i a D onnice, m atre Suzuboni,'","Guglielmo Cassinese I, no. 303 (p. 122)","one voyage or venture, returning to the home port"
CAS-0303-S,CF1,P,et de suis lib. .xxx. in S iciliam et in d e quo,"Guglielmo Cassinese I, no. 303 (p. 122)",both sides contribute capital; one side travels or works
CAS-0303-S,CF3,bilateral,"C onfìtetur O gerius Porcus se porlare in societate de rebus Suzub o n i a D onnice, m atre Suzuboni,' volúntate","Guglielmo Cassinese I, no. 303 (p. 122)",1 principal(s) named
CAS-0303-S,LR2,coupled,"Et salvo capitali, profìcuum per m edium d eb et p a rtiri","Guglielmo Cassinese I, no. 303 (p. 122)",working party takes a share of profit
CAS-0303-S,LR3,P,"Et salvo capitali, profìcuum per m edium d eb et p a rtiri","Guglielmo Cassinese I, no. 303 (p. 122)","profit shared by agreed fraction, not in proportion to capital stake"
CAS-0303-S,LR6,symmetric,et de suis lib. .xxx. in S iciliam et in d e quo,"Guglielmo Cassinese I, no. 303 (p. 122)","exposed to losses on his own contribution or by guarantee of capital, and shares gains"
CAS-0303-S,CI1,several-accounts,Et debet im p licare separatim,"Guglielmo Cassinese I, no. 303 (p. 122)",separate investment required
CAS-0303-S,MB3,voluntary,"C onfìtetur O gerius Porcus se porlare in societate de rebus Suzub o n i a D onnice, m atre Suzuboni,' volúntate","Guglielmo Cassinese I, no. 303 (p. 122)",entry by private contract
CAS-0310-S,TS2,fixed-term,usque ad annos. .n.,"Guglielmo Cassinese I, no. 310 (p. 125)",from the duration clause
CAS-0310-S,CF1,P,"et de suis lib. . x i i ., causa","Guglielmo Cassinese I, no. 310 (p. 125)",both sides contribute capital; one side travels or works
CAS-0310-S,CF2,1,p ro m ittit dare ei capitale et medietatem proficui quod Deus dederit sibi habere aliquo modo sub pena dupli,"Guglielmo Cassinese I, no. 310 (p. 125)",unconditional promise by the working party to return the whole capital
CAS-0310-S,CF3,bilateral,Confitetur G uarnerius de Verzellato se habere in societate a M artino Curto lib,"Guglielmo Cassinese I, no. 310 (p. 125)",1 principal(s) named
CAS-0310-S,LR2,coupled,et tunc p ro m ittit dare ei capitale et medietatem proficui quod Deus dederit sibi habere aliquo,"Guglielmo Cassinese I, no. 310 (p. 125)",working party takes a share of profit
CAS-0310-S,LR3,P,et tunc p ro m ittit dare ei capitale et medietatem proficui quod Deus dederit sibi habere aliquo,"Guglielmo Cassinese I, no. 310 (p. 125)","profit shared by agreed fraction, not in proportion to capital stake"
CAS-0310-S,LR6,symmetric,p ro m ittit dare ei capitale et medietatem proficui quod Deus dederit sibi habere aliquo modo sub pena dupli,"Guglielmo Cassinese I, no. 310 (p. 125)","exposed to losses on his own contribution or by guarantee of capital, and shares gains"
CAS-0310-S,CI1,common,"et de suis lib. . x i i ., causa","Guglielmo Cassinese I, no. 310 (p. 125)",contributions merged in one stock
CAS-0310-S,MB3,voluntary,Confitetur G uarnerius de Verzellato se habere in societate a M artino Curto lib,"Guglielmo Cassinese I, no. 310 (p. 125)",entry by private contract
CAS-0317-S,CF1,P,"et de suis lib. . xiiii ., voluntate","Guglielmo Cassinese I, no. 317 (p. 128)",both sides contribute capital; one side travels or works
CAS-0317-S,CF3,bilateral,"Et ab O gerio Scolo lib. .xxvm ., et de suis lib. . xiiii ., voluntate Io h an n is Boleti c u m quo habet societatem et","Guglielmo Cassinese I, no. 317 (p. 128)",1 principal(s) named
CAS-0317-S,CI1,common,"et de suis lib. . xiiii ., voluntate","Guglielmo Cassinese I, no. 317 (p. 128)",contributions merged in one stock
CAS-0317-S,MB3,voluntary,"Et ab O gerio Scolo lib. .xxvm ., et de suis lib. . xiiii ., voluntate Io h an n is Boleti c u m quo habet societatem et","Guglielmo Cassinese I, no. 317 (p. 128)",entry by private contract
CAS-0327-S,TS2,single-venture,fìtetu r B a ld u in u s Scotus se p o rtare in societate a R ubaldo D etesalvo lib,"Guglielmo Cassinese I, no. 327 (p. 131)","one voyage or venture, returning to the home port"
CAS-0327-S,CF1,P,et de suis lib. . c l . in Siciliana et in d e,"Guglielmo Cassinese I, no. 327 (p. 131)",both sides contribute capital; one side travels or works
CAS-0327-S,CF3,bilateral,C o n fìtetu r B a ld u in u s Scotus se p o rtare in societate a R ubaldo D etesalvo lib,"Guglielmo Cassinese I, no. 327 (p. 131)",1 principal(s) named
CAS-0327-S,LR2,coupled,"Et salvo capitali, pro ficu u m per m e d iu m debet p a rtiri","Guglielmo Cassinese I, no. 327 (p. 131)",working party takes a share of profit
CAS-0327-S,LR3,P,"Et salvo capitali, pro ficu u m per m e d iu m debet p a rtiri","Guglielmo Cassinese I, no. 327 (p. 131)","profit shared by agreed fraction, not in proportion to capital stake"
CAS-0327-S,LR6,symmetric,et de suis lib. . c l . in Siciliana et in d e,"Guglielmo Cassinese I, no. 327 (p. 131)","exposed to losses on his own contribution or by guarantee of capital, and shares gains"
CAS-0327-S,CI1,common,et de suis lib. . c l . in Siciliana et in d e,"Guglielmo Cassinese I, no. 327 (p. 131)",contributions merged in one stock
CAS-0327-S,MB3,voluntary,C o n fìtetu r B a ld u in u s Scotus se p o rtare in societate a R ubaldo D etesalvo lib,"Guglielmo Cassinese I, no. 327 (p. 131)",entry by private contract
CAS-0333-S,TS2,single-venture,A rduinus Judeco de R ap allo se p o rta re m societale ab In g o n e de Volta lib,"Guglielmo Cassinese I, no. 333 (p. 133)","one voyage or venture, returning to the home port"
CAS-0333-S,CF1,P,et de suis lib. .xim . in Marjtim am vel in S,"Guglielmo Cassinese I, no. 333 (p. 133)",both sides contribute capital; one side travels or works
CAS-0333-S,CF3,bilateral,C onfìtetur A rduinus Judeco de R ap allo se p o rta re m societale ab In g o n e de Volta lib,"Guglielmo Cassinese I, no. 333 (p. 133)",1 principal(s) named
CAS-0333-S,LR2,coupled,"Et salvo cap itali, profìcuum p e r m ed iu m debet p a rtiri","Guglielmo Cassinese I, no. 333 (p. 133)",working party takes a share of profit
CAS-0333-S,LR3,P,"Et salvo cap itali, profìcuum p e r m ed iu m debet p a rtiri","Guglielmo Cassinese I, no. 333 (p. 133)","profit shared by agreed fraction, not in proportion to capital stake"
CAS-0333-S,LR6,symmetric,et de suis lib. .xim . in Marjtim am vel in S,"Guglielmo Cassinese I, no. 333 (p. 133)","exposed to losses on his own contribution or by guarantee of capital, and shares gains"
CAS-0333-S,CI1,common,et de suis lib. .xim . in Marjtim am vel in S,"Guglielmo Cassinese I, no. 333 (p. 133)",contributions merged in one stock
CAS-0333-S,RB3,surety,B alduinus de O livastro et Lovs de Malìdulexo p ro m iltu n t restituere predictas lib ras et to tu m dam pnum,"Guglielmo Cassinese I, no. 333 (p. 133)",surety
CAS-0333-S,MB3,voluntary,C onfìtetur A rduinus Judeco de R ap allo se p o rta re m societale ab In g o n e de Volta lib,"Guglielmo Cassinese I, no. 333 (p. 133)",entry by private contract
CAS-0337-S,TS2,single-venture,C onfìtetur Otto calcherius se p o rtare in societate ab O gerio de Cartagenia lib,"Guglielmo Cassinese I, no. 337 (p. 135)","one voyage or venture, returning to the home port"
CAS-0337-S,CF1,P,et de suis lib. .xxxi. U ltram are et in d e quo,"Guglielmo Cassinese I, no. 337 (p. 135)",both sides contribute capital; one side travels or works
CAS-0337-S,CF3,bilateral,C onfìtetur Otto calcherius se p o rtare in societate ab O gerio de Cartagenia lib,"Guglielmo Cassinese I, no. 337 (p. 135)",1 principal(s) named
CAS-0337-S,LR2,coupled,"ad q u a rta m p r o fìcui, que debet reverti ad societatem , et","Guglielmo Cassinese I, no. 337 (p. 135)",working party takes a share of profit
CAS-0337-S,LR3,P,"ad q u a rta m p r o fìcui, que debet reverti ad societatem , et","Guglielmo Cassinese I, no. 337 (p. 135)","profit shared by agreed fraction, not in proportion to capital stake"
CAS-0337-S,LR6,symmetric,et de suis lib. .xxxi. U ltram are et in d e quo,"Guglielmo Cassinese I, no. 337 (p. 135)","exposed to losses on his own contribution or by guarantee of capital, and shares gains"
CAS-0337-S,CI1,common,et de suis lib. .xxxi. U ltram are et in d e quo,"Guglielmo Cassinese I, no. 337 (p. 135)",contributions merged in one stock
CAS-0337-S,MB3,voluntary,C onfìtetur Otto calcherius se p o rtare in societate ab O gerio de Cartagenia lib,"Guglielmo Cassinese I, no. 337 (p. 135)",entry by private contract
CAS-0379-S,CF1,0,Societatem faciunt Raimundus Dodus (1) et Bertramus Sicardus (2) in qua Raimundus (3) ponit,"Guglielmo Cassinese I, no. 379 (p. 150)",all parties contribute and work
CAS-0379-S,LR3,P,"Et salvo capitali cuisque, profìcuum quod fuerit per mediu m debebit dividi","Guglielmo Cassinese I, no. 379 (p. 150)","profit shared by agreed fraction, not in proportion to capital stake"
CAS-0379-S,LR2,coupled,"Et salvo capitali cuisque, profìcuum quod fuerit per mediu m debebit dividi","Guglielmo Cassinese I, no. 379 (p. 150)",all partners work and share profit
CAS-0379-S,LR6,symmetric,"Et salvo capitali cuisque, profìcuum quod fuerit per mediu m debebit dividi","Guglielmo Cassinese I, no. 379 (p. 150)",all partners bear their own contributions and share gains
CAS-0379-S,MB3,voluntary,Societatem faciunt Raimundus Dodus (1) et Bertramus Sicardus (2) in qua Raimundus (3) ponit,"Guglielmo Cassinese I, no. 379 (p. 150)",entry by private contract
CAS-0382-S,TS2,single-venture,ilie lm u s de Sancto Georgio se portare de societa te q u a m h a b e t c u m A n su ix o de Sancto,"Guglielmo Cassinese I, no. 382 (p. 151)","one voyage or venture, returning to the home port"
CAS-0382-S,CF3,bilateral,"C o n f i t e t u r W ilie lm u s de Sancto Georgio se portare de societa te q u a m h a b e t c u m A n su ix o de Sancto Genesio, volunlate","Guglielmo Cassinese I, no. 382 (p. 151)",1 principal(s) named
CAS-0382-S,RB1,shared,ad fortunam utriusq u e t a r n e n,"Guglielmo Cassinese I, no. 382 (p. 151)",peril clause
CAS-0382-S,PR1,0,ad fortunam utriusq u e t a r n e n,"Guglielmo Cassinese I, no. 382 (p. 151)",peril allocated with no charge set for bearing it
CAS-0382-S,MC1,allocation,ad fortunam utriusq u e t a r n e n,"Guglielmo Cassinese I, no. 382 (p. 151)",peril assigned to named parties by contract
CAS-0382-S,MB3,voluntary,"C o n f i t e t u r W ilie lm u s de Sancto Georgio se portare de societa te q u a m h a b e t c u m A n su ix o de Sancto Genesio, volunlate","Guglielmo Cassinese I, no. 382 (p. 151)",entry by private contract
CAS-0387-S,TS2,single-venture,filius Bonefacii de PlateaLonga se porta r e i n s o c i e t a t e a R u b a ld o Detesalvo lib,"Guglielmo Cassinese I, no. 387 (p. 153)","one voyage or venture, returning to the home port"
CAS-0387-S,CF1,P,"e t d e s u i s lib. . x l ., B uzeam","Guglielmo Cassinese I, no. 387 (p. 153)",both sides contribute capital; one side travels or works
CAS-0387-S,CF3,multilateral,C o n f ì t e t u r B o n u s V asallu s filius Bonefacii de PlateaLonga se porta r e i n s o c i e t a t e a R u b a ld o Detesalvo lib,"Guglielmo Cassinese I, no. 387 (p. 153)",2 principal(s) named
CAS-0387-S,LR2,coupled,"Et salvo capitali, proiicuum per medium debet partiri","Guglielmo Cassinese I, no. 387 (p. 153)",working party takes a share of profit
CAS-0387-S,LR3,P,"Et salvo capitali, proiicuum per medium debet partiri","Guglielmo Cassinese I, no. 387 (p. 153)","profit shared by agreed fraction, not in proportion to capital stake"
CAS-0387-S,LR6,symmetric,"e t d e s u i s lib. . x l ., B uzeam","Guglielmo Cassinese I, no. 387 (p. 153)","exposed to losses on his own contribution or by guarantee of capital, and shares gains"
CAS-0387-S,CI1,common,"e t d e s u i s lib. . x l ., B uzeam","Guglielmo Cassinese I, no. 387 (p. 153)",contributions merged in one stock
CAS-0387-S,MB3,voluntary,C o n f ì t e t u r B o n u s V asallu s filius Bonefacii de PlateaLonga se porta r e i n s o c i e t a t e a R u b a ld o Detesalvo lib,"Guglielmo Cassinese I, no. 387 (p. 153)",entry by private contract
CAS-0407-S,TS2,single-venture,de Carro et Iohannes de Criva se portare in societate ab Antulo de Cruce de societate sua et Petri et,"Guglielmo Cassinese I, no. 407 (p. 162)","one voyage or venture, returning to the home port"
CAS-0407-S,CF1,P,"xx et de suis lib. .xx in Sardiniam, causa","Guglielmo Cassinese I, no. 407 (p. 162)",both sides contribute capital; one side travels or works
CAS-0407-S,CF3,multilateral,Confìtentur Martinus de Carro et Iohannes de Criva se portare in societate ab Antulo de Cruce de societate sua et Petri et Oberti lib,"Guglielmo Cassinese I, no. 407 (p. 162)",2 principal(s) named
CAS-0407-S,LR2,coupled,"Et salvo capitali, profìcuum per m edium debet partiri (3)","Guglielmo Cassinese I, no. 407 (p. 162)",working party takes a share of profit
CAS-0407-S,LR3,P,"Et salvo capitali, profìcuum per m edium debet partiri (3)","Guglielmo Cassinese I, no. 407 (p. 162)","profit shared by agreed fraction, not in proportion to capital stake"
CAS-0407-S,LR6,symmetric,"xx et de suis lib. .xx in Sardiniam, causa","Guglielmo Cassinese I, no. 407 (p. 162)","exposed to losses on his own contribution or by guarantee of capital, and shares gains"
CAS-0407-S,CI1,common,"xx et de suis lib. .xx in Sardiniam, causa","Guglielmo Cassinese I, no. 407 (p. 162)",contributions merged in one stock
CAS-0407-S,MB3,voluntary,Confìtentur Martinus de Carro et Iohannes de Criva se portare in societate ab Antulo de Cruce de societate sua et Petri et Oberti lib,"Guglielmo Cassinese I, no. 407 (p. 162)",entry by private contract
CAS-0412-S,TS2,single-venture,Petrus filius quondam Gaiardi (2) se portare in societate de rebus Cite sororis Ugonis de Reco lib,"Guglielmo Cassinese I, no. 412 (p. 164)","one voyage or venture, returning to the home port"
CAS-0412-S,CF1,P,"et de suis lib. .xv \ . Ruzeam, causa","Guglielmo Cassinese I, no. 412 (p. 164)",both sides contribute capital; one side travels or works
CAS-0412-S,CF3,bilateral,Confitetur Petrus filius quondam Gaiardi (2) se portare in societate de rebus Cite sororis Ugonis de Reco lib,"Guglielmo Cassinese I, no. 412 (p. 164)",1 principal(s) named
CAS-0412-S,LR2,coupled,"Et salvo capitali, proficuum per m e d iu m debet partiri","Guglielmo Cassinese I, no. 412 (p. 164)",working party takes a share of profit
CAS-0412-S,LR3,P,"Et salvo capitali, proficuum per m e d iu m debet partiri","Guglielmo Cassinese I, no. 412 (p. 164)","profit shared by agreed fraction, not in proportion to capital stake"
CAS-0412-S,LR6,symmetric,"et de suis lib. .xv \ . Ruzeam, causa","Guglielmo Cassinese I, no. 412 (p. 164)","exposed to losses on his own contribution or by guarantee of capital, and shares gains"
CAS-0412-S,CI1,common,Et debet facere expensas per libram cum aliis,"Guglielmo Cassinese I, no. 412 (p. 164)",capital invested or charged in common with other capital
CAS-0412-S,MB3,voluntary,Confitetur Petrus filius quondam Gaiardi (2) se portare in societate de rebus Cite sororis Ugonis de Reco lib,"Guglielmo Cassinese I, no. 412 (p. 164)",entry by private contract
CAS-0445-S,TS2,single-venture,Confìtetur Ansaldus de Papia se portare in societate ab Anselmo de Castello lib,"Guglielmo Cassinese I, no. 445 (p. 177)","one voyage or venture, returning to the home port"
CAS-0445-S,CF1,P,"et de suis lib. .x., Septam","Guglielmo Cassinese I, no. 445 (p. 177)",both sides contribute capital; one side travels or works
CAS-0445-S,CF3,multilateral,Confìtetur Ansaldus de Papia se portare in societate ab Anselmo de Castello lib,"Guglielmo Cassinese I, no. 445 (p. 177)",2 principal(s) named
CAS-0445-S,LR2,coupled,"ad quartam proficui, que debet esse propria Ansaldi","Guglielmo Cassinese I, no. 445 (p. 177)",working party takes a share of profit
CAS-0445-S,LR3,P,"ad quartam proficui, que debet esse propria Ansaldi","Guglielmo Cassinese I, no. 445 (p. 177)","profit shared by agreed fraction, not in proportion to capital stake"
CAS-0445-S,LR6,symmetric,"et de suis lib. .x., Septam","Guglielmo Cassinese I, no. 445 (p. 177)","exposed to losses on his own contribution or by guarantee of capital, and shares gains"
CAS-0445-S,CI1,common,"et de suis lib. .x., Septam","Guglielmo Cassinese I, no. 445 (p. 177)",contributions merged in one stock
CAS-0445-S,MB3,voluntary,Confìtetur Ansaldus de Papia se portare in societate ab Anselmo de Castello lib,"Guglielmo Cassinese I, no. 445 (p. 177)",entry by private contract
CAS-0469-S,TS2,open,ad dies .xv. ex quo eis (3) petierit (4) ipse vel eius certus missus,"Guglielmo Cassinese I, no. 469 (p. 186)",from the duration clause
CAS-0469-S,CF1,1,Confitentur Wilielmus de Fontanejo quondam fìlius Petti et Biliarda iugales se habere in societate a lordano notario lib,"Guglielmo Cassinese I, no. 469 (p. 186)",capital from the investor side only; the other party works
CAS-0469-S,CF2,1,"dare p rom ittunt capitale et medietatem profìcui quod Deus dederit eis, bona fide, sub pena dupli","Guglielmo Cassinese I, no. 469 (p. 186)",unconditional promise by the working party to return the whole capital
CAS-0469-S,CF3,bilateral,Confitentur Wilielmus de Fontanejo quondam fìlius Petti et Biliarda iugales se habere in societate a lordano notario lib,"Guglielmo Cassinese I, no. 469 (p. 186)",1 principal(s) named
CAS-0469-S,LR2,coupled,"vel eius certus missus dare p rom ittunt capitale et medietatem profìcui quod Deus dederit eis, bona fide","Guglielmo Cassinese I, no. 469 (p. 186)",working party takes a share of profit
CAS-0469-S,LR3,P,"vel eius certus missus dare p rom ittunt capitale et medietatem profìcui quod Deus dederit eis, bona fide","Guglielmo Cassinese I, no. 469 (p. 186)","profit shared by agreed fraction, not in proportion to capital stake"
CAS-0469-S,LR6,symmetric,"dare p rom ittunt capitale et medietatem profìcui quod Deus dederit eis, bona fide, sub pena dupli","Guglielmo Cassinese I, no. 469 (p. 186)","exposed to losses on his own contribution or by guarantee of capital, and shares gains"
CAS-0469-S,CI2,0,ad dies .xv. ex quo eis (3) petierit (4) ipse vel eius certus missus dare p rom ittunt capitale,"Guglielmo Cassinese I, no. 469 (p. 186)",shop; capital returnable within 15 days of demand; renewal of an earlier carta
CAS-0469-S,MB3,voluntary,Confitentur Wilielmus de Fontanejo quondam fìlius Petti et Biliarda iugales se habere in societate a lordano notario lib,"Guglielmo Cassinese I, no. 469 (p. 186)",entry by private contract
CAS-0493-S,TS2,single-venture,fitetu r B auditio de Eorzolo se portare in societate a Ionatha C a v a ru n c o lib,"Guglielmo Cassinese I, no. 493 (p. 196)","one voyage or venture, returning to the home port"
CAS-0493-S,CF1,P,"et de suis lib. .xxxnn., Septam","Guglielmo Cassinese I, no. 493 (p. 196)",both sides contribute capital; one side travels or works
CAS-0493-S,CF3,bilateral,C o n fitetu r B auditio de Eorzolo se portare in societate a Ionatha C a v a ru n c o lib,"Guglielmo Cassinese I, no. 493 (p. 196)",1 principal(s) named
CAS-0493-S,LR2,coupled,"Et salvo capitali, p rofìcuum per m e d iu m debet p a rtiri","Guglielmo Cassinese I, no. 493 (p. 196)",working party takes a share of profit
CAS-0493-S,LR3,P,"Et salvo capitali, p rofìcuum per m e d iu m debet p a rtiri","Guglielmo Cassinese I, no. 493 (p. 196)","profit shared by agreed fraction, not in proportion to capital stake"
CAS-0493-S,LR6,symmetric,"et de suis lib. .xxxnn., Septam","Guglielmo Cassinese I, no. 493 (p. 196)","exposed to losses on his own contribution or by guarantee of capital, and shares gains"
CAS-0493-S,CI1,common,"et de suis lib. .xxxnn., Septam","Guglielmo Cassinese I, no. 493 (p. 196)",contributions merged in one stock
CAS-0493-S,MB3,voluntary,C o n fitetu r B auditio de Eorzolo se portare in societate a Ionatha C a v a ru n c o lib,"Guglielmo Cassinese I, no. 493 (p. 196)",entry by private contract
CAS-0502-S,TS2,single-venture,u o n d a m M arini de Quinto se portare in so cietate a b O b e r to de S u b r iv a lib,"Guglielmo Cassinese I, no. 502 (p. 199)","one voyage or venture, returning to the home port"
CAS-0502-S,CF1,P,C o n f ìt e tu r G a n d u l f u s fìlius q u o n d a m M arini de Quinto se portare in so cietate a b O b e r to de S u b r iv a lib,"Guglielmo Cassinese I, no. 502 (p. 199)",both sides contribute capital; one side travels or works
CAS-0502-S,CF3,multilateral,C o n f ìt e tu r G a n d u l f u s fìlius q u o n d a m M arini de Quinto se portare in so cietate a b O b e r to de S u b r iv a lib,"Guglielmo Cassinese I, no. 502 (p. 199)",2 principal(s) named
CAS-0502-S,LR2,coupled,"E t si n o n p o s u e r it, liabeat de bis q u a rta m proficui","Guglielmo Cassinese I, no. 502 (p. 199)",working party takes a share of profit
CAS-0502-S,LR3,P,"E t si n o n p o s u e r it, liabeat de bis q u a rta m proficui","Guglielmo Cassinese I, no. 502 (p. 199)","profit shared by agreed fraction, not in proportion to capital stake"
CAS-0502-S,LR6,symmetric,"E t si n o n p o s u e r it, liabeat de bis q u a rta m proficui","Guglielmo Cassinese I, no. 502 (p. 199)","exposed to losses on his own contribution or by guarantee of capital, and shares gains"
CAS-0502-S,MB3,voluntary,C o n f ìt e tu r G a n d u l f u s fìlius q u o n d a m M arini de Quinto se portare in so cietate a b O b e r to de S u b r iv a lib,"Guglielmo Cassinese I, no. 502 (p. 199)",entry by private contract
CAS-0529-S,TS2,fixed-term,u s q u e a d a n n u m p r o x i m u m,"Guglielmo Cassinese I, no. 529 (p. 212)",from the duration clause
CAS-0529-S,CF1,P,"et d e s u i s l i b . .v ., causa","Guglielmo Cassinese I, no. 529 (p. 212)",both sides contribute capital; one side travels or works
CAS-0529-S,CF2,1,"dare prom ittit ei capitale et m e d ie ta te m p r o f i c u i q u o d D eus dederit, bona fide, sub p en a d u p li i n su is b o n is","Guglielmo Cassinese I, no. 529 (p. 212)",unconditional promise by the working party to return the whole capital
CAS-0529-S,CF3,bilateral,Confìtetur Albertus de C asanova se h a b e r e i n s o c i e t a t e a p re s b y le ro Petro canavario arch iepisco,"Guglielmo Cassinese I, no. 529 (p. 212)",1 principal(s) named
CAS-0529-S,LR2,coupled,"x i m u m , et lune dare prom ittit ei capitale et m e d ie ta te m p r o f i c u i q u o d D eus dederit, bona","Guglielmo Cassinese I, no. 529 (p. 212)",working party takes a share of profit
CAS-0529-S,LR3,P,"x i m u m , et lune dare prom ittit ei capitale et m e d ie ta te m p r o f i c u i q u o d D eus dederit, bona","Guglielmo Cassinese I, no. 529 (p. 212)","profit shared by agreed fraction, not in proportion to capital stake"
CAS-0529-S,LR6,symmetric,"dare prom ittit ei capitale et m e d ie ta te m p r o f i c u i q u o d D eus dederit, bona fide, sub p en a d u p li i n su is b o n is","Guglielmo Cassinese I, no. 529 (p. 212)","exposed to losses on his own contribution or by guarantee of capital, and shares gains"
CAS-0529-S,CI1,common,"et d e s u i s l i b . .v ., causa","Guglielmo Cassinese I, no. 529 (p. 212)",contributions merged in one stock
CAS-0529-S,RB3,general-estate,"i q u o d D eus dederit, bona fide, sub p en a d u p li i n su is b o n is","Guglielmo Cassinese I, no. 529 (p. 212)",general pledge of goods
CAS-0529-S,MB3,voluntary,Confìtetur Albertus de C asanova se h a b e r e i n s o c i e t a t e a p re s b y le ro Petro canavario arch iepisco,"Guglielmo Cassinese I, no. 529 (p. 212)",entry by private contract
CAS-0548-S,TS2,single-venture,In reditu Ianuam r e d u c e r e p r o m i t t i t in p o te sta te e,"Guglielmo Cassinese I, no. 548 (p. 219)","one voyage or venture, returning to the home port"
CAS-0548-S,CF1,P,et de s u is lib . .xxv. (2) et sol. .xvm,"Guglielmo Cassinese I, no. 548 (p. 219)",both sides contribute capital; one side travels or works
CAS-0548-S,CF3,multilateral,C o n f i t e t u r E n r i c u s de B o n f a n d e l rapallinus se habere in societate a b O b e r t o B o l e t o l i b,"Guglielmo Cassinese I, no. 548 (p. 219)",2 principal(s) named
CAS-0548-S,LR2,coupled,"Et salvo capitali, proficuum p e r m e d i u m d e b e t p a r tir i","Guglielmo Cassinese I, no. 548 (p. 219)",working party takes a share of profit
CAS-0548-S,LR3,P,"Et salvo capitali, proficuum p e r m e d i u m d e b e t p a r tir i","Guglielmo Cassinese I, no. 548 (p. 219)","profit shared by agreed fraction, not in proportion to capital stake"
CAS-0548-S,LR6,symmetric,et de s u is lib . .xxv. (2) et sol. .xvm,"Guglielmo Cassinese I, no. 548 (p. 219)","exposed to losses on his own contribution or by guarantee of capital, and shares gains"
CAS-0548-S,CI1,common,et de s u is lib . .xxv. (2) et sol. .xvm,"Guglielmo Cassinese I, no. 548 (p. 219)",contributions merged in one stock
CAS-0548-S,MB3,voluntary,C o n f i t e t u r E n r i c u s de B o n f a n d e l rapallinus se habere in societate a b O b e r t o B o l e t o l i b,"Guglielmo Cassinese I, no. 548 (p. 219)",entry by private contract
CAS-0583-S,TS2,fixed-term,usque ad annum quo sibi videbitur,"Guglielmo Cassinese I, no. 583 (p. 232)",from the duration clause
CAS-0583-S,CF1,P,"et de suis lib. .xxxim. et sol. .xv., Buzeam","Guglielmo Cassinese I, no. 583 (p. 232)",both sides contribute capital; one side travels or works
CAS-0583-S,CF3,multilateral,"In domo heredum Bonivasalli Mongasilvani, ea die. Testes BonusSegnorus de Turri, Wido tornaor, Yasallus calegarius. Conf","Guglielmo Cassinese I, no. 583 (p. 232)",2 principal(s) named
CAS-0583-S,LR2,coupled,"Et calvo capitali, proficuum per m edium debet partiri inter se et eos","Guglielmo Cassinese I, no. 583 (p. 232)",working party takes a share of profit
CAS-0583-S,LR3,P,"Et calvo capitali, proficuum per m edium debet partiri inter se et eos","Guglielmo Cassinese I, no. 583 (p. 232)","profit shared by agreed fraction, not in proportion to capital stake"
CAS-0583-S,LR6,symmetric,"et de suis lib. .xxxim. et sol. .xv., Buzeam","Guglielmo Cassinese I, no. 583 (p. 232)","exposed to losses on his own contribution or by guarantee of capital, and shares gains"
CAS-0583-S,CI1,common,"et de suis lib. .xxxim. et sol. .xv., Buzeam","Guglielmo Cassinese I, no. 583 (p. 232)",contributions merged in one stock
CAS-0583-S,MB3,voluntary,"In domo heredum Bonivasalli Mongasilvani, ea die. Testes BonusSegnorus de Turri, Wido tornaor, Yasallus calegarius. Conf","Guglielmo Cassinese I, no. 583 (p. 232)",entry by private contract
CAS-0606-S,TS2,single-venture,r W i l i e l m u s C a x in a se portare in societate a BonoVasallo R e s p e i t o l i b,"Guglielmo Cassinese I, no. 606 (p. 241)","one voyage or venture, returning to the home port"
CAS-0606-S,CF1,P,et de suis lib. . x l . et sol. .xvi. B u z e,"Guglielmo Cassinese I, no. 606 (p. 241)",both sides contribute capital; one side travels or works
CAS-0606-S,CF3,bilateral,C o n f i t e t u r W i l i e l m u s C a x in a se portare in societate a BonoVasallo R e s p e i t o l i b,"Guglielmo Cassinese I, no. 606 (p. 241)",1 principal(s) named
CAS-0606-S,LR2,coupled,"vili, ad quartam proficui, que debet r e v e r t i a d s","Guglielmo Cassinese I, no. 606 (p. 241)",working party takes a share of profit
CAS-0606-S,LR3,P,"vili, ad quartam proficui, que debet r e v e r t i a d s","Guglielmo Cassinese I, no. 606 (p. 241)","profit shared by agreed fraction, not in proportion to capital stake"
CAS-0606-S,LR6,symmetric,et de suis lib. . x l . et sol. .xvi. B u z e,"Guglielmo Cassinese I, no. 606 (p. 241)","exposed to losses on his own contribution or by guarantee of capital, and shares gains"
CAS-0606-S,CI1,common,et de suis lib. . x l . et sol. .xvi. B u z e,"Guglielmo Cassinese I, no. 606 (p. 241)",contributions merged in one stock
CAS-0606-S,MB3,voluntary,C o n f i t e t u r W i l i e l m u s C a x in a se portare in societate a BonoVasallo R e s p e i t o l i b,"Guglielmo Cassinese I, no. 606 (p. 241)",entry by private contract
CAS-0655-S,TS2,fixed-term,usque ad pasca r e s u r r e c t i ò n i s p r o x im a m,"Guglielmo Cassinese I, no. 655 (p. 259)",from the duration clause
CAS-0655-S,CF1,0,I o li a n n e s de L u n d r e x et Nicola iilius Enrici de Lundrex iussu sin p a t r i s c o n t r a h u n t socielale,"Guglielmo Cassinese I, no. 655 (p. 259)",all parties contribute and work
CAS-0655-S,LR3,1,"Et salvo capitali utriusque, profìcuum per m e d i u m d e b e t p a rtiri","Guglielmo Cassinese I, no. 655 (p. 259)",profit shared in proportion to capital
CAS-0655-S,LR2,coupled,"Et salvo capitali utriusque, profìcuum per m e d i u m d e b e t p a rtiri","Guglielmo Cassinese I, no. 655 (p. 259)",all partners work and share profit
CAS-0655-S,LR6,symmetric,"Et salvo capitali utriusque, profìcuum per m e d i u m d e b e t p a rtiri","Guglielmo Cassinese I, no. 655 (p. 259)",all partners bear their own contributions and share gains
CAS-0655-S,MB3,voluntary,I o li a n n e s de L u n d r e x et Nicola iilius Enrici de Lundrex iussu sin p a t r i s c o n t r a h u n t socielale,"Guglielmo Cassinese I, no. 655 (p. 259)",entry by private contract (working party acts by his father's order)
CAS-0708-S,TS2,single-venture,tu r V ivaldus de Portu Veneri se porta r e i n s o c i e t a t e d e re b u s (1) A m elìj a Sibilia uxore,"Guglielmo Cassinese I, no. 708 (p. 280)","one voyage or venture, returning to the home port"
CAS-0708-S,CF1,P,"e t de suis lib. x . , Septam","Guglielmo Cassinese I, no. 708 (p. 280)",both sides contribute capital; one side travels or works
CAS-0708-S,CF3,multilateral,C o n fìte tu r V ivaldus de Portu Veneri se porta r e i n s o c i e t a t e d e re b u s (1) A m elìj a Sibilia uxore eius lib,"Guglielmo Cassinese I, no. 708 (p. 280)",3 principal(s) named
CAS-0708-S,LR2,coupled,"E t s a l v o c a p ita li, p ro fic u u m per m edium debet partiri","Guglielmo Cassinese I, no. 708 (p. 280)",working party takes a share of profit
CAS-0708-S,LR3,P,"E t s a l v o c a p ita li, p ro fic u u m per m edium debet partiri","Guglielmo Cassinese I, no. 708 (p. 280)","profit shared by agreed fraction, not in proportion to capital stake"
CAS-0708-S,LR6,symmetric,"e t de suis lib. x . , Septam","Guglielmo Cassinese I, no. 708 (p. 280)","exposed to losses on his own contribution or by guarantee of capital, and shares gains"
CAS-0708-S,CI1,common,"e t de suis lib. x . , Septam","Guglielmo Cassinese I, no. 708 (p. 280)",contributions merged in one stock
CAS-0708-S,MB3,voluntary,C o n fìte tu r V ivaldus de Portu Veneri se porta r e i n s o c i e t a t e d e re b u s (1) A m elìj a Sibilia uxore eius lib,"Guglielmo Cassinese I, no. 708 (p. 280)",entry by private contract
CAS-0726-S,CF1,P,"e t de suis lib . .jlxvii causa negociandi, quo","Guglielmo Cassinese I, no. 726 (p. 287)",both sides contribute capital; one side travels or works
CAS-0726-S,CF3,bilateral,Confìte tu r M ich el N a c a ru s se h ab ere in societate a Lam berto de DomoC olta lib,"Guglielmo Cassinese I, no. 726 (p. 287)",1 principal(s) named
CAS-0726-S,LR2,coupled,"Et salvo capitali, proficu u m per m ed iu m debet p artiri","Guglielmo Cassinese I, no. 726 (p. 287)",working party takes a share of profit
CAS-0726-S,LR3,P,"Et salvo capitali, proficu u m per m ed iu m debet p artiri","Guglielmo Cassinese I, no. 726 (p. 287)","profit shared by agreed fraction, not in proportion to capital stake"
CAS-0726-S,LR6,symmetric,"e t de suis lib . .jlxvii causa negociandi, quo","Guglielmo Cassinese I, no. 726 (p. 287)","exposed to losses on his own contribution or by guarantee of capital, and shares gains"
CAS-0726-S,CI1,common,"e t de suis lib . .jlxvii causa negociandi, quo","Guglielmo Cassinese I, no. 726 (p. 287)",contributions merged in one stock
CAS-0726-S,RB3,general-estate,"quod Daniel attendet, et inde sua b o n a p ig n o ri obligat, sub pena dupli, abren","Guglielmo Cassinese I, no. 726 (p. 287)",general pledge of goods
CAS-0726-S,MB3,voluntary,Confìte tu r M ich el N a c a ru s se h ab ere in societate a Lam berto de DomoC olta lib,"Guglielmo Cassinese I, no. 726 (p. 287)",entry by private contract
CAS-0732-S,TS2,single-venture,iu s q u e H u g o n is debet p o rtare (3) in Sardiniam et in d e U ltr a m a r e e t in d e q u o,"Guglielmo Cassinese I, no. 732 (p. 290)","one voyage or venture, returning to the home port"
CAS-0732-S,CF1,1,C o n fite tu r Id o (1) de A lb ario se habere in accom endatione ab Ilu g o n e L a u r e l lib,"Guglielmo Cassinese I, no. 732 (p. 290)",capital from the investor side only; the other party works
CAS-0732-S,CF3,multilateral,C o n fite tu r Id o (1) de A lb ario se habere in accom endatione ab Ilu g o n e L a u r e l lib,"Guglielmo Cassinese I, no. 732 (p. 290)",2 principal(s) named
CAS-0732-S,LR2,coupled,"navis, causa n e g o c ia n d i, b o n a fide, ad q u a rta m proficui","Guglielmo Cassinese I, no. 732 (p. 290)",working party takes a share of profit
CAS-0732-S,LR3,P,"navis, causa n e g o c ia n d i, b o n a fide, ad q u a rta m proficui","Guglielmo Cassinese I, no. 732 (p. 290)","profit shared by agreed fraction, not in proportion to capital stake"
CAS-0732-S,MB3,voluntary,C o n fite tu r Id o (1) de A lb ario se habere in accom endatione ab Ilu g o n e L a u r e l lib,"Guglielmo Cassinese I, no. 732 (p. 290)",entry by private contract (working party acts by his father's order)
CAS-0751-S,CF1,P,e t de s u is l i b . . l x . u ltra societatem q,"Guglielmo Cassinese I, no. 751 (p. 298)",both sides contribute capital; one side travels or works
CAS-0751-S,CF3,bilateral,Confìtetur In g o Pignolus se habere ab Ogerio de Cartagenia lib,"Guglielmo Cassinese I, no. 751 (p. 298)",1 principal(s) named
CAS-0751-S,CI1,common,e t de s u is l i b . . l x . u ltra societatem q,"Guglielmo Cassinese I, no. 751 (p. 298)",contributions merged in one stock
CAS-0751-S,MB3,voluntary,Confìtetur In g o Pignolus se habere ab Ogerio de Cartagenia lib,"Guglielmo Cassinese I, no. 751 (p. 298)",entry by private contract
CAS-0772-S,TS2,single-venture,Confitetui* Io rd a n u s de Sori se portare in societate a W idone torn a o r lib,"Guglielmo Cassinese I, no. 772 (p. 308)","one voyage or venture, returning to the home port"
CAS-0772-S,CF1,P,et de suis lib. .n. in Sardiniam . Et inde Ianuam,"Guglielmo Cassinese I, no. 772 (p. 308)",both sides contribute capital; one side travels or works
CAS-0772-S,CF3,bilateral,Confitetui* Io rd a n u s de Sori se portare in societate a W idone torn a o r lib,"Guglielmo Cassinese I, no. 772 (p. 308)",1 principal(s) named
CAS-0772-S,LR2,coupled,"Et salvo capitali, proficuum per m e d iu m debet p a rtiri","Guglielmo Cassinese I, no. 772 (p. 308)",working party takes a share of profit
CAS-0772-S,LR3,P,"Et salvo capitali, proficuum per m e d iu m debet p a rtiri","Guglielmo Cassinese I, no. 772 (p. 308)","profit shared by agreed fraction, not in proportion to capital stake"
CAS-0772-S,LR6,symmetric,et de suis lib. .n. in Sardiniam . Et inde Ianuam,"Guglielmo Cassinese I, no. 772 (p. 308)","exposed to losses on his own contribution or by guarantee of capital, and shares gains"
CAS-0772-S,CI1,common,et de suis lib. .n. in Sardiniam . Et inde Ianuam,"Guglielmo Cassinese I, no. 772 (p. 308)",contributions merged in one stock
CAS-0772-S,MB3,voluntary,Confitetui* Io rd a n u s de Sori se portare in societate a W idone torn a o r lib,"Guglielmo Cassinese I, no. 772 (p. 308)",entry by private contract
CAS-0777-S,TS2,single-venture,onfìtetur Lafrancus de Celanexi se portare in societate a P etro Grasso lib,"Guglielmo Cassinese I, no. 777 (p. 309)","one voyage or venture, returning to the home port"
CAS-0777-S,CF1,P,et de suis lib. .in. in Sardiniam et quo ierit,"Guglielmo Cassinese I, no. 777 (p. 309)",both sides contribute capital; one side travels or works
CAS-0777-S,CF3,bilateral,C onfìtetur Lafrancus de Celanexi se portare in societate a P etro Grasso lib,"Guglielmo Cassinese I, no. 777 (p. 309)",1 principal(s) named
CAS-0777-S,LR2,coupled,"Et salvo capitali, profìcuum p er m ed iu m debel p s r tir i","Guglielmo Cassinese I, no. 777 (p. 309)",working party takes a share of profit
CAS-0777-S,LR3,P,"Et salvo capitali, profìcuum p er m ed iu m debel p s r tir i","Guglielmo Cassinese I, no. 777 (p. 309)","profit shared by agreed fraction, not in proportion to capital stake"
CAS-0777-S,LR6,symmetric,et de suis lib. .in. in Sardiniam et quo ierit,"Guglielmo Cassinese I, no. 777 (p. 309)","exposed to losses on his own contribution or by guarantee of capital, and shares gains"
CAS-0777-S,CI1,common,et de suis lib. .in. in Sardiniam et quo ierit,"Guglielmo Cassinese I, no. 777 (p. 309)",contributions merged in one stock
CAS-0777-S,MB3,voluntary,C onfìtetur Lafrancus de Celanexi se portare in societate a P etro Grasso lib,"Guglielmo Cassinese I, no. 777 (p. 309)",entry by private contract
CAS-0817-S,TS2,single-venture,o n fitetu r B ernicion Scotus se portare in societate a Iohanne Boleto lib,"Guglielmo Cassinese I, no. 817 (p. 326)","one voyage or venture, returning to the home port"
CAS-0817-S,CF1,P,et de suis lib. .cccxxxm . U ltram are et inde,"Guglielmo Cassinese I, no. 817 (p. 326)",both sides contribute capital; one side travels or works
CAS-0817-S,CF3,multilateral,C o n fitetu r B ernicion Scotus se portare in societate a Iohanne Boleto lib,"Guglielmo Cassinese I, no. 817 (p. 326)",3 principal(s) named
CAS-0817-S,LR2,coupled,"E t salvo capitali, proficuum p er m ed iu m d e b e t p a rtiri","Guglielmo Cassinese I, no. 817 (p. 326)",working party takes a share of profit
CAS-0817-S,LR3,P,"E t salvo capitali, proficuum p er m ed iu m d e b e t p a rtiri","Guglielmo Cassinese I, no. 817 (p. 326)","profit shared by agreed fraction, not in proportion to capital stake"
CAS-0817-S,LR6,symmetric,et de suis lib. .cccxxxm . U ltram are et inde,"Guglielmo Cassinese I, no. 817 (p. 326)","exposed to losses on his own contribution or by guarantee of capital, and shares gains"
CAS-0817-S,CI1,common,et de suis lib. .cccxxxm . U ltram are et inde,"Guglielmo Cassinese I, no. 817 (p. 326)",contributions merged in one stock
CAS-0817-S,MB3,voluntary,C o n fitetu r B ernicion Scotus se portare in societate a Iohanne Boleto lib,"Guglielmo Cassinese I, no. 817 (p. 326)",entry by private contract
CAS-0832-S,TS2,single-venture,onfitetur Sajeimbene de Sancta Fide se portare in societate a 'W ilielm o Loorengo lib,"Guglielmo Cassinese I, no. 832 (p. 333)","one voyage or venture, returning to the home port"
CAS-0832-S,CF1,P,"vili, et de suis lib. .m i. causa negociandi per R iveriam","Guglielmo Cassinese I, no. 832 (p. 333)",both sides contribute capital; one side travels or works
CAS-0832-S,CF3,bilateral,C onfitetur Sajeimbene de Sancta Fide se portare in societate a 'W ilielm o Loorengo lib,"Guglielmo Cassinese I, no. 832 (p. 333)",1 principal(s) named
CAS-0832-S,LR2,coupled,"Et salvo capitali, proficuum per m edium debet partiri","Guglielmo Cassinese I, no. 832 (p. 333)",working party takes a share of profit
CAS-0832-S,LR3,P,"Et salvo capitali, proficuum per m edium debet partiri","Guglielmo Cassinese I, no. 832 (p. 333)","profit shared by agreed fraction, not in proportion to capital stake"
CAS-0832-S,LR6,symmetric,"vili, et de suis lib. .m i. causa negociandi per R iveriam","Guglielmo Cassinese I, no. 832 (p. 333)","exposed to losses on his own contribution or by guarantee of capital, and shares gains"
CAS-0832-S,CI1,common,"vili, et de suis lib. .m i. causa negociandi per R iveriam","Guglielmo Cassinese I, no. 832 (p. 333)",contributions merged in one stock
CAS-0832-S,MB3,voluntary,C onfitetur Sajeimbene de Sancta Fide se portare in societate a 'W ilielm o Loorengo lib,"Guglielmo Cassinese I, no. 832 (p. 333)",entry by private contract
CAS-0878-S,TS2,open,usq u e du m p lacu erit eis,"Guglielmo Cassinese I, no. 878 (p. 351)",from the duration clause
CAS-0878-S,CF1,P,"Socielate faciu n t ad invicem Petrus de Cruce et O bertus nepos eius de reb u s suis et A ntuli de Cruce, in qua p o n ","Guglielmo Cassinese I, no. 878 (p. 351)",both sides contribute capital; one side travels or works
CAS-0878-S,CF3,multilateral,"Socielate faciu n t ad invicem Petrus de Cruce et O bertus nepos eius de reb u s suis et A ntuli de Cruce, in qua p o n ","Guglielmo Cassinese I, no. 878 (p. 351)",3 principal(s) named
CAS-0878-S,LR2,coupled,"capitali c u iu sq u e eorum , BonusDies debebit habere m edietatem p roficui et ipsi aliam m edietatem","Guglielmo Cassinese I, no. 878 (p. 351)",working party takes a share of profit
CAS-0878-S,LR3,P,"capitali c u iu sq u e eorum , BonusDies debebit habere m edietatem p roficui et ipsi aliam m edietatem","Guglielmo Cassinese I, no. 878 (p. 351)","profit shared by agreed fraction, not in proportion to capital stake"
CAS-0878-S,LR6,symmetric,"capitali c u iu sq u e eorum , BonusDies debebit habere m edietatem p roficui et ipsi aliam m edietatem","Guglielmo Cassinese I, no. 878 (p. 351)","exposed to losses on his own contribution or by guarantee of capital, and shares gains"
CAS-0878-S,CI2,0,usq u e du m p lacu erit eis,"Guglielmo Cassinese I, no. 878 (p. 351)",
CAS-0878-S,MB3,voluntary,"Socielate faciu n t ad invicem Petrus de Cruce et O bertus nepos eius de reb u s suis et A ntuli de Cruce, in qua p o n ","Guglielmo Cassinese I, no. 878 (p. 351)",entry by private contract
CAS-0905-S,TS2,single-venture,et alias confitetur se p o rtare v o lú n tate O ddonis de Melazo p er se et m issi Ionathe,"Guglielmo Cassinese I, no. 905 (p. 359)","one voyage or venture, returning to the home port"
CAS-0905-S,CF3,multilateral,"confitetur se p o rtare v o lú n tate O ddonis de Melazo p er se et m issi Ionathe, U ltram are","Guglielmo Cassinese I, no. 905 (p. 359)",2 principal(s) named
CAS-0905-S,MB3,voluntary,"confitetur se p o rtare v o lú n tate O ddonis de Melazo p er se et m issi Ionathe, U ltram are","Guglielmo Cassinese I, no. 905 (p. 359)",entry by private contract
CAS-0943-S,TS2,fixed-term,u sque ad k a le n d a s m a d ij p ro x im i,"Guglielmo Cassinese I, no. 943 (p. 374)",from the duration clause
CAS-0943-S,CF1,P,"a kalendis m adii Iransactis, et de suis lib. .m i. et sol. .xn causa ten en","Guglielmo Cassinese I, no. 943 (p. 374)",both sides contribute capital; one side travels or works
CAS-0943-S,CF2,1,"p r o m i tti t d are et co n sig n are ei (1) capitale et m edietatem p ro fìcu i q u o d D eus d e d e rit sib i, bona fide, sub pena dupli","Guglielmo Cassinese I, no. 943 (p. 374)",unconditional promise by the working party to return the whole capital
CAS-0943-S,CF3,bilateral,C onfitetur A lbertus pellizarius de Vexemo se habuisse in societate ab O gerio de C artagenia lib,"Guglielmo Cassinese I, no. 943 (p. 374)",1 principal(s) named
CAS-0943-S,LR2,coupled,i tti t d are et co n sig n are ei (1) capitale et m edietatem p ro fìcu i q u o d D eus d e d e rit sib,"Guglielmo Cassinese I, no. 943 (p. 374)",working party takes a share of profit
CAS-0943-S,LR3,P,i tti t d are et co n sig n are ei (1) capitale et m edietatem p ro fìcu i q u o d D eus d e d e rit sib,"Guglielmo Cassinese I, no. 943 (p. 374)","profit shared by agreed fraction, not in proportion to capital stake"
CAS-0943-S,LR6,symmetric,"p r o m i tti t d are et co n sig n are ei (1) capitale et m edietatem p ro fìcu i q u o d D eus d e d e rit sib i, bona fide, sub pena dupli","Guglielmo Cassinese I, no. 943 (p. 374)","exposed to losses on his own contribution or by guarantee of capital, and shares gains"
CAS-0943-S,CI1,common,"a kalendis m adii Iransactis, et de suis lib. .m i. et sol. .xn causa ten en","Guglielmo Cassinese I, no. 943 (p. 374)",contributions merged in one stock
CAS-0943-S,MB3,voluntary,C onfitetur A lbertus pellizarius de Vexemo se habuisse in societate ab O gerio de C artagenia lib,"Guglielmo Cassinese I, no. 943 (p. 374)",entry by private contract
CAS-0952-S,TS2,open,u sq u e d u m eis p lacuerit,"Guglielmo Cassinese I, no. 952 (p. 378)",from the duration clause
CAS-0952-S,CF1,P,et de suis lib. x . causa te n e n d i et n eg,"Guglielmo Cassinese I, no. 952 (p. 378)",both sides contribute capital; one side travels or works
CAS-0952-S,CF2,1,"p ro m ittit dare eis capitale et medietatem proficui quod Deus d ederit, bona fide, sub pen a d u p li","Guglielmo Cassinese I, no. 952 (p. 378)",unconditional promise by the working party to return the whole capital
CAS-0952-S,CF3,multilateral,C onfitetur Io h an n es cazaor se habere in societate a M artino de A lbario lib,"Guglielmo Cassinese I, no. 952 (p. 378)",2 principal(s) named
CAS-0952-S,LR2,coupled,"eis p la cu erit, p ro m ittit dare eis capitale et medietatem proficui quod Deus d ederit, bona fide","Guglielmo Cassinese I, no. 952 (p. 378)",working party takes a share of profit
CAS-0952-S,LR3,P,"eis p la cu erit, p ro m ittit dare eis capitale et medietatem proficui quod Deus d ederit, bona fide","Guglielmo Cassinese I, no. 952 (p. 378)","profit shared by agreed fraction, not in proportion to capital stake"
CAS-0952-S,LR6,symmetric,"p ro m ittit dare eis capitale et medietatem proficui quod Deus d ederit, bona fide, sub pen a d u p li","Guglielmo Cassinese I, no. 952 (p. 378)","exposed to losses on his own contribution or by guarantee of capital, and shares gains"
CAS-0952-S,CI1,common,et de suis lib. x . causa te n e n d i et n eg,"Guglielmo Cassinese I, no. 952 (p. 378)",contributions merged in one stock
CAS-0952-S,CI2,0,u sq u e d u m eis p lacuerit,"Guglielmo Cassinese I, no. 952 (p. 378)",shop at will; expenses and a servant's wage taken first; oath
CAS-0952-S,MB3,voluntary,C onfitetur Io h an n es cazaor se habere in societate a M artino de A lbario lib,"Guglielmo Cassinese I, no. 952 (p. 378)",entry by private contract
CAS-0972-S,TS2,single-venture,t e t u r N ic o l a G olinus se portare in societate a Iohanne Grita lib,"Guglielmo Cassinese I, no. 972 (p. 385)","one voyage or venture, returning to the home port"
CAS-0972-S,CF1,P,et de suis lib. .cl . Ultramyrc et inde quo sibi,"Guglielmo Cassinese I, no. 972 (p. 385)",both sides contribute capital; one side travels or works
CAS-0972-S,CF3,multilateral,C o n f ì t e t u r N ic o l a G olinus se portare in societate a Iohanne Grita lib,"Guglielmo Cassinese I, no. 972 (p. 385)",2 principal(s) named
CAS-0972-S,LR2,coupled,"Et salvo capitali, profìcuum per m e d iu m debet p a rtiri","Guglielmo Cassinese I, no. 972 (p. 385)",working party takes a share of profit
CAS-0972-S,LR3,P,"Et salvo capitali, profìcuum per m e d iu m debet p a rtiri","Guglielmo Cassinese I, no. 972 (p. 385)","profit shared by agreed fraction, not in proportion to capital stake"
CAS-0972-S,LR6,symmetric,et de suis lib. .cl . Ultramyrc et inde quo sibi,"Guglielmo Cassinese I, no. 972 (p. 385)","exposed to losses on his own contribution or by guarantee of capital, and shares gains"
CAS-0972-S,CI1,common,et de suis lib. .cl . Ultramyrc et inde quo sibi,"Guglielmo Cassinese I, no. 972 (p. 385)",contributions merged in one stock
CAS-0972-S,MB3,voluntary,C o n f ì t e t u r N ic o l a G olinus se portare in societate a Iohanne Grita lib,"Guglielmo Cassinese I, no. 972 (p. 385)",entry by private contract
CAS-0984-S,TS2,single-venture,S t a b i l i n u s d e Meleda se portare in societate a Rolando d e C a n n e t o l i b,"Guglielmo Cassinese I, no. 984 (p. 389)","one voyage or venture, returning to the home port"
CAS-0984-S,CF1,P,"et de suis lib. .v. et sol. .mi., Ultram","Guglielmo Cassinese I, no. 984 (p. 389)",both sides contribute capital; one side travels or works
CAS-0984-S,CF3,bilateral,C o n f i t e t u r S t a b i l i n u s d e Meleda se portare in societate a Rolando d e C a n n e t o l i b,"Guglielmo Cassinese I, no. 984 (p. 389)",1 principal(s) named
CAS-0984-S,LR2,coupled,"Et salvo capitali, profìcuum p e r m e d i u m d e b e t p a rtiri","Guglielmo Cassinese I, no. 984 (p. 389)",working party takes a share of profit
CAS-0984-S,LR3,P,"Et salvo capitali, profìcuum p e r m e d i u m d e b e t p a rtiri","Guglielmo Cassinese I, no. 984 (p. 389)","profit shared by agreed fraction, not in proportion to capital stake"
CAS-0984-S,LR6,symmetric,"et de suis lib. .v. et sol. .mi., Ultram","Guglielmo Cassinese I, no. 984 (p. 389)","exposed to losses on his own contribution or by guarantee of capital, and shares gains"
CAS-0984-S,CI1,common,"et de suis lib. .v. et sol. .mi., Ultram","Guglielmo Cassinese I, no. 984 (p. 389)",contributions merged in one stock
CAS-0984-S,MB3,voluntary,C o n f i t e t u r S t a b i l i n u s d e Meleda se portare in societate a Rolando d e C a n n e t o l i b,"Guglielmo Cassinese I, no. 984 (p. 389)",entry by private contract
CAS-1004-S,TS2,single-venture,Confìtetur R ubaldus de Serrino se portare in societate a Wilielm o F o rn a rio lib,"Guglielmo Cassinese I, no. 1004 (p. 396)","one voyage or venture, returning to the home port"
CAS-1004-S,CF1,P,et de suis l i b . . x l i i i i . U ltram are,"Guglielmo Cassinese I, no. 1004 (p. 396)",both sides contribute capital; one side travels or works
CAS-1004-S,CF3,multilateral,Confìtetur R ubaldus de Serrino se portare in societate a Wilielm o F o rn a rio lib,"Guglielmo Cassinese I, no. 1004 (p. 396)",2 principal(s) named
CAS-1004-S,LR2,coupled,ad quartam proficui,"Guglielmo Cassinese I, no. 1004 (p. 396)",working party takes a share of profit
CAS-1004-S,LR3,P,ad quartam proficui,"Guglielmo Cassinese I, no. 1004 (p. 396)","profit shared by agreed fraction, not in proportion to capital stake"
CAS-1004-S,LR6,symmetric,et de suis l i b . . x l i i i i . U ltram are,"Guglielmo Cassinese I, no. 1004 (p. 396)","exposed to losses on his own contribution or by guarantee of capital, and shares gains"
CAS-1004-S,CI1,common,et de suis l i b . . x l i i i i . U ltram are,"Guglielmo Cassinese I, no. 1004 (p. 396)",contributions merged in one stock
CAS-1004-S,MB3,voluntary,Confìtetur R ubaldus de Serrino se portare in societate a Wilielm o F o rn a rio lib,"Guglielmo Cassinese I, no. 1004 (p. 396)",entry by private contract
CAS-1011-S,TS2,single-venture,Confìtetur W id o B o naventura se p ortare in societate a Rogerio Noxentio lib,"Guglielmo Cassinese I, no. 1011 (p. 400)","one voyage or venture, returning to the home port"
CAS-1011-S,CF1,P,et de suis lib. .c. U ltram are et inde quo sibi,"Guglielmo Cassinese I, no. 1011 (p. 400)",both sides contribute capital; one side travels or works
CAS-1011-S,CF3,bilateral,Confìtetur W id o B o naventura se p ortare in societate a Rogerio Noxentio lib,"Guglielmo Cassinese I, no. 1011 (p. 400)",1 principal(s) named
CAS-1011-S,LR2,coupled,"a d q u a rta m profìcuj, que debet reverti ad societatem","Guglielmo Cassinese I, no. 1011 (p. 400)",working party takes a share of profit
CAS-1011-S,LR3,P,"a d q u a rta m profìcuj, que debet reverti ad societatem","Guglielmo Cassinese I, no. 1011 (p. 400)","profit shared by agreed fraction, not in proportion to capital stake"
CAS-1011-S,LR6,symmetric,et de suis lib. .c. U ltram are et inde quo sibi,"Guglielmo Cassinese I, no. 1011 (p. 400)","exposed to losses on his own contribution or by guarantee of capital, and shares gains"
CAS-1011-S,CI1,several-accounts,ad q u a rta m p r o fìcuj et im plicare separatim et facere,"Guglielmo Cassinese I, no. 1011 (p. 400)",separate investment required
CAS-1011-S,MB3,voluntary,Confìtetur W id o B o naventura se p ortare in societate a Rogerio Noxentio lib,"Guglielmo Cassinese I, no. 1011 (p. 400)",entry by private contract
CAS-1031-S,TS2,single-venture,Confilelur Enricus Tosanus se p ortare in socielate a Rogerio Noxentio lib,"Guglielmo Cassinese I, no. 1031 (p. 407)","one voyage or venture, returning to the home port"
CAS-1031-S,CF1,P,Et de suis lib. .cxvi. et sol. .vim. In reditu,"Guglielmo Cassinese I, no. 1031 (p. 407)",both sides contribute capital; one side travels or works
CAS-1031-S,CF3,bilateral,Confilelur Enricus Tosanus se p ortare in socielate a Rogerio Noxentio lib,"Guglielmo Cassinese I, no. 1031 (p. 407)",1 principal(s) named
CAS-1031-S,LR2,coupled,"ad q u a rta m profìcui, que debet reverfi ad societatem et","Guglielmo Cassinese I, no. 1031 (p. 407)",working party takes a share of profit
CAS-1031-S,LR3,P,"ad q u a rta m profìcui, que debet reverfi ad societatem et","Guglielmo Cassinese I, no. 1031 (p. 407)","profit shared by agreed fraction, not in proportion to capital stake"
CAS-1031-S,LR6,symmetric,Et de suis lib. .cxvi. et sol. .vim. In reditu,"Guglielmo Cassinese I, no. 1031 (p. 407)","exposed to losses on his own contribution or by guarantee of capital, and shares gains"
CAS-1031-S,CI1,common,Et de suis lib. .cxvi. et sol. .vim. In reditu,"Guglielmo Cassinese I, no. 1031 (p. 407)",contributions merged in one stock
CAS-1031-S,MB3,voluntary,Confilelur Enricus Tosanus se p ortare in socielate a Rogerio Noxentio lib,"Guglielmo Cassinese I, no. 1031 (p. 407)",entry by private contract
CAS-1059-S,TS2,single-venture,Confìtetur Fulco sartior de Placentia se p o rtare in societate a V\ ilielmo eodem lib,"Guglielmo Cassinese I, no. 1059 (p. 416)","one voyage or venture, returning to the home port"
CAS-1059-S,CF1,P,"et de suis lib. .xvi., U ltram","Guglielmo Cassinese I, no. 1059 (p. 416)",both sides contribute capital; one side travels or works
CAS-1059-S,CF3,bilateral,Confìtetur Fulco sartior de Placentia se p o rtare in societate a V\ ilielmo eodem lib,"Guglielmo Cassinese I, no. 1059 (p. 416)",1 principal(s) named
CAS-1059-S,LR2,coupled,"Et salvo capitali, p ro ficu u m per m e d iu m debet partiri","Guglielmo Cassinese I, no. 1059 (p. 416)",working party takes a share of profit
CAS-1059-S,LR3,P,"Et salvo capitali, p ro ficu u m per m e d iu m debet partiri","Guglielmo Cassinese I, no. 1059 (p. 416)","profit shared by agreed fraction, not in proportion to capital stake"
CAS-1059-S,LR6,symmetric,"et de suis lib. .xvi., U ltram","Guglielmo Cassinese I, no. 1059 (p. 416)","exposed to losses on his own contribution or by guarantee of capital, and shares gains"
CAS-1059-S,CI1,common,"et de suis lib. .xvi., U ltram","Guglielmo Cassinese I, no. 1059 (p. 416)",contributions merged in one stock
CAS-1059-S,MB3,voluntary,Confìtetur Fulco sartior de Placentia se p o rtare in societate a V\ ilielmo eodem lib,"Guglielmo Cassinese I, no. 1059 (p. 416)",entry by private contract
CAS-1067-S,CF1,P,"et de suis lib. .c., similiter","Guglielmo Cassinese I, no. 1067 (p. 419)",both sides contribute capital; one side travels or works
CAS-1067-S,CF3,multilateral,"Et ab Antulo et sui fratris et sui nepotis lib. .l ., de societate eorum . Et de rebus Petri de Cruce et Oberti sui nepo","Guglielmo Cassinese I, no. 1067 (p. 419)",5 principal(s) named
CAS-1067-S,LR2,coupled,Et profìcuum per m e d iu m debet p a r tir,"Guglielmo Cassinese I, no. 1067 (p. 419)",working party takes a share of profit
CAS-1067-S,LR3,P,Et profìcuum per m e d iu m debet p a r tir,"Guglielmo Cassinese I, no. 1067 (p. 419)","profit shared by agreed fraction, not in proportion to capital stake"
CAS-1067-S,LR6,symmetric,"et de suis lib. .c., similiter","Guglielmo Cassinese I, no. 1067 (p. 419)","exposed to losses on his own contribution or by guarantee of capital, and shares gains"
CAS-1067-S,CI1,common,"et de suis lib. .c., similiter","Guglielmo Cassinese I, no. 1067 (p. 419)",contributions merged in one stock
CAS-1067-S,MB3,voluntary,"Et ab Antulo et sui fratris et sui nepotis lib. .l ., de societate eorum . Et de rebus Petri de Cruce et Oberti sui nepo","Guglielmo Cassinese I, no. 1067 (p. 419)",entry by private contract
CAS-1079-S,TS2,single-venture,quas om nes libras coniìletur p ortare Im b e rtu s de Vezastello ab Adalaxia uxore q u o n d a m Io,"Guglielmo Cassinese I, no. 1079 (p. 424)","one voyage or venture, returning to the home port"
CAS-1079-S,CF3,bilateral,Societas q u am h a b e t Im b ertu s de Vezastello c u m Io n a th a Cavaru n c o est au g m e n ta ta quod est lib. . ,"Guglielmo Cassinese I, no. 1079 (p. 424)",1 principal(s) named
CAS-1079-S,LR2,coupled,"ad q uarlam profìcui, que debet reverti ad societatem","Guglielmo Cassinese I, no. 1079 (p. 424)",working party takes a share of profit
CAS-1079-S,LR3,P,"ad q uarlam profìcui, que debet reverti ad societatem","Guglielmo Cassinese I, no. 1079 (p. 424)","profit shared by agreed fraction, not in proportion to capital stake"
CAS-1079-S,MB3,voluntary,Societas q u am h a b e t Im b ertu s de Vezastello c u m Io n a th a Cavaru n c o est au g m e n ta ta quod est lib. . ,"Guglielmo Cassinese I, no. 1079 (p. 424)",entry by private contract
CAS-1091-S,TS2,single-venture,n fite tu r W ilielm u s Rava se portare in societate ab Ogerio Galleta lib,"Guglielmo Cassinese I, no. 1091 (p. 429)","one voyage or venture, returning to the home port"
CAS-1091-S,CF1,P,"et de suis lib. -xxxiii. S ep tam , causa","Guglielmo Cassinese I, no. 1091 (p. 429)",both sides contribute capital; one side travels or works
CAS-1091-S,CF3,multilateral,C o n fite tu r W ilielm u s Rava se portare in societate ab Ogerio Galleta lib,"Guglielmo Cassinese I, no. 1091 (p. 429)",2 principal(s) named
CAS-1091-S,LR2,coupled,"ad quartam proficuj, que debet rev erti ad societatem","Guglielmo Cassinese I, no. 1091 (p. 429)",working party takes a share of profit
CAS-1091-S,LR3,P,"ad quartam proficuj, que debet rev erti ad societatem","Guglielmo Cassinese I, no. 1091 (p. 429)","profit shared by agreed fraction, not in proportion to capital stake"
CAS-1091-S,LR6,symmetric,"et de suis lib. -xxxiii. S ep tam , causa","Guglielmo Cassinese I, no. 1091 (p. 429)","exposed to losses on his own contribution or by guarantee of capital, and shares gains"
CAS-1091-S,CI1,common,"et de suis lib. -xxxiii. S ep tam , causa","Guglielmo Cassinese I, no. 1091 (p. 429)",contributions merged in one stock
CAS-1091-S,MB3,voluntary,C o n fite tu r W ilielm u s Rava se portare in societate ab Ogerio Galleta lib,"Guglielmo Cassinese I, no. 1091 (p. 429)",entry by private contract
AMA-0007-C,TS2,single-venture,"cuin qua comanda ibo, Deo dante, primo viagio in quod facturus sum apud Neapolim et ubicunque Deus miebi ordinaverit","Amalric 1248 (Blancard), no. 7 (t. I, p. 263)","one voyage or venture, returning to the home port"
AMA-0007-C,CF1,1,"ego Petrus Tomasius confiteor et recog-nosco tibi Petro Bertolomeo de Nemauso, civi Massilie, me habuisse","Amalric 1248 (Blancard), no. 7 (t. I, p. 263)",capital from the investor side only; the other party works
AMA-0007-C,CF3,multilateral,banc comandam esse de companhia qua m babeo cum W° Bernardo,"Amalric 1248 (Blancard), no. 7 (t. I, p. 263)","investor states the comanda belongs to his companhia with W. Bernardus, draperius"
AMA-0007-C,MB3,voluntary,"ego Petrus Tomasius confiteor et recog-nosco tibi Petro Bertolomeo de Nemauso, civi Massilie, me habuisse","Amalric 1248 (Blancard), no. 7 (t. I, p. 263)",entry by private contract
AMA-0016-C,TS2,single-venture,"cum qua comanda ibo, Deo dante, in","Amalric 1248 (Blancard), no. 16 (t. I, p. 269)","one voyage or venture, returning to the home port"
AMA-0016-C,CF1,1,Ego Bonifacius Gilius confiteor et recognosco tibi Willelmo Cepede rne habuisse et récépissé in comanda,"Amalric 1248 (Blancard), no. 16 (t. I, p. 269)",capital from the investor side only; the other party works
AMA-0016-C,CF3,bilateral,Ego Bonifacius Gilius confiteor et recognosco tibi Willelmo Cepede rne habuisse et récépissé in comanda,"Amalric 1248 (Blancard), no. 16 (t. I, p. 269)",1 principal(s) named
AMA-0016-C,MB3,voluntary,Ego Bonifacius Gilius confiteor et recognosco tibi Willelmo Cepede rne habuisse et récépissé in comanda,"Amalric 1248 (Blancard), no. 16 (t. I, p. 269)",entry by private contract
AMA-0029-C,TS2,single-venture,"in , draparia, renuncians etc cum qua comanda ibo, Deo","Amalric 1248 (Blancard), no. 29 (t. I, p. 274)","one voyage or venture, returning to the home port"
AMA-0029-C,CF1,1,Ego Stephanus Bedocius confi- teor & recognosco tibi Petro de Molinisme habuisse & récépissé in coraanda a te dcccc et,"Amalric 1248 (Blancard), no. 29 (t. I, p. 274)",capital from the investor side only; the other party works
AMA-0029-C,CF2,0,"alia, ad fortunam Dei et usum maris et tuum resegum, ad qtiartam partem lucri quam debeo habere de cccc 1. dicte summe tan- tum quam comandam promito tibiper stipulationem","Amalric 1248 (Blancard), no. 29 (t. I, p. 274)",peril clause puts the investor's capital at the investor's peril
AMA-0029-C,CF3,bilateral,Ego Stephanus Bedocius confi- teor & recognosco tibi Petro de Molinisme habuisse & récépissé in coraanda a te dcccc et,"Amalric 1248 (Blancard), no. 29 (t. I, p. 274)",1 principal(s) named
AMA-0029-C,LR2,coupled,"ad fortunam Dei et usum maris et tuum resegum, ad qtiartam partem lucri quam debeo habere de cccc 1","Amalric 1248 (Blancard), no. 29 (t. I, p. 274)",working party takes a share of profit
AMA-0029-C,LR3,P,"ad fortunam Dei et usum maris et tuum resegum, ad qtiartam partem lucri quam debeo habere de cccc 1","Amalric 1248 (Blancard), no. 29 (t. I, p. 274)","profit shared by agreed fraction, not in proportion to capital stake"
AMA-0029-C,LR6,upside-only,"alia, ad fortunam Dei et usum maris et tuum resegum, ad qtiartam partem lucri quam debeo habere de cccc 1. dicte summe tan- tum quam comandam promito tibiper stipulationem","Amalric 1248 (Blancard), no. 29 (t. I, p. 274)",shares gains; the capital travels at the investor's peril
AMA-0029-C,RB1,capital-provider,"alia, ad fortunam Dei et usum maris et tuum resegum, ad qtiartam partem lucri quam debeo habere de cccc 1. dicte summe tan- tum quam comandam promito tibiper stipulationem","Amalric 1248 (Blancard), no. 29 (t. I, p. 274)",peril clause
AMA-0029-C,RB4,1,"alia, ad fortunam Dei et usum maris et tuum resegum, ad qtiartam partem lucri quam debeo habere de cccc 1. dicte summe tan- tum quam comandam promito tibiper stipulationem","Amalric 1248 (Blancard), no. 29 (t. I, p. 274)",capital at the investor's peril: the working party is discharged if it is lost (inference from the clause)
AMA-0029-C,PR1,0,"alia, ad fortunam Dei et usum maris et tuum resegum, ad qtiartam partem lucri quam debeo habere de cccc 1. dicte summe tan- tum quam comandam promito tibiper stipulationem","Amalric 1248 (Blancard), no. 29 (t. I, p. 274)",peril allocated with no charge set for bearing it
AMA-0029-C,MC1,allocation,"alia, ad fortunam Dei et usum maris et tuum resegum, ad qtiartam partem lucri quam debeo habere de cccc 1. dicte summe tan- tum quam comandam promito tibiper stipulationem","Amalric 1248 (Blancard), no. 29 (t. I, p. 274)",peril assigned to named parties by contract
AMA-0029-C,MB3,voluntary,Ego Stephanus Bedocius confi- teor & recognosco tibi Petro de Molinisme habuisse & récépissé in coraanda a te dcccc et,"Amalric 1248 (Blancard), no. 29 (t. I, p. 274)",entry by private contract
AMA-0036-C,TS2,single-venture,"manda ibo, Deo dante, in proximo viagio quod factu- rus sura apud Septam in nave mea que dicitur , Bonaventura","Amalric 1248 (Blancard), no. 36 (t. I, p. 278)","one voyage or venture, returning to the home port"
AMA-0036-C,CF1,1,"Ego Arnaudus Gascus confiteor et reco- gnosco :tibi domine Alazacie de Carcassona, uxori Bernardi de","Amalric 1248 (Blancard), no. 36 (t. I, p. 278)",capital from the investor side only; the other party works
AMA-0036-C,CF3,multilateral,in hac comanda habet Marinus de Sala terciam partem,"Amalric 1248 (Blancard), no. 36 (t. I, p. 278)",investor states Marinus de Sala holds a third of the comanda
AMA-0036-C,MB3,voluntary,"Ego Arnaudus Gascus confiteor et reco- gnosco :tibi domine Alazacie de Carcassona, uxori Bernardi de","Amalric 1248 (Blancard), no. 36 (t. I, p. 278)",entry by private contract
AMA-0041-C,TS2,fixed-term,hinc ad unum annum continuum et com- pletum,"Amalric 1248 (Blancard), no. 41 (t. I, p. 280)",from the duration clause
AMA-0041-C,CF1,1,"nos ambo et uterque nostrum in solidum confite- mur & recognoscimus vobisW°de Balneoliset Agneti, conjugibus, nos habuisse","Amalric 1248 (Blancard), no. 41 (t. I, p. 280)",capital from the investor side only; the other party works
AMA-0041-C,CF2,1,totum capitale cum me- dietate lucri reducere in posse vestri,"Amalric 1248 (Blancard), no. 41 (t. I, p. 280)",unconditional promise by the working party to return the whole capital
AMA-0041-C,CF3,multilateral,"nos ambo et uterque nostrum in solidum confite- mur & recognoscimus vobisW°de Balneoliset Agneti, conjugibus, nos habuisse","Amalric 1248 (Blancard), no. 41 (t. I, p. 280)",2 principal(s) named
AMA-0041-C,LR2,coupled,"debemus tenere salvas in terra, infra Massiliam, ad medietatem lucri quam nos habere debemus et vos aliam","Amalric 1248 (Blancard), no. 41 (t. I, p. 280)",working party takes a share of profit
AMA-0041-C,LR3,P,"debemus tenere salvas in terra, infra Massiliam, ad medietatem lucri quam nos habere debemus et vos aliam","Amalric 1248 (Blancard), no. 41 (t. I, p. 280)","profit shared by agreed fraction, not in proportion to capital stake"
AMA-0041-C,LR6,symmetric,totum capitale cum me- dietate lucri reducere in posse vestri,"Amalric 1248 (Blancard), no. 41 (t. I, p. 280)","exposed to losses on his own contribution or by guarantee of capital, and shares gains"
AMA-0041-C,MB3,voluntary,"nos ambo et uterque nostrum in solidum confite- mur & recognoscimus vobisW°de Balneoliset Agneti, conjugibus, nos habuisse","Amalric 1248 (Blancard), no. 41 (t. I, p. 280)",entry by private contract
AMA-0050-C,TS2,single-venture,"cum qua comanda ibo, Deo dante, in proximo viagio quod facturus sum apud Septam","Amalric 1248 (Blancard), no. 50 (t. I, p. 283)","one voyage or venture, returning to the home port"
AMA-0050-C,CF1,1,"Ego Petrus de Rupeforti confi- teor et recognosco tibi Matheo Francisco, civi Mas- silie, rne habuisse & récépissé in comanda","Amalric 1248 (Blancard), no. 50 (t. I, p. 283)",capital from the investor side only; the other party works
AMA-0050-C,CF3,bilateral,"Ego Petrus de Rupeforti confi- teor et recognosco tibi Matheo Francisco, civi Mas- silie, rne habuisse & récépissé in comanda","Amalric 1248 (Blancard), no. 50 (t. I, p. 283)",1 principal(s) named
AMA-0050-C,MB3,voluntary,"Ego Petrus de Rupeforti confi- teor et recognosco tibi Matheo Francisco, civi Mas- silie, rne habuisse & récépissé in comanda","Amalric 1248 (Blancard), no. 50 (t. I, p. 283)",entry by private contract
AMA-0061-C,TS2,single-venture,"qua comanda ibo, Deo dante, in proximo viagio quod fac- turus sum apud Messanam et ubicumque Deus michi ordinaverit","Amalric 1248 (Blancard), no. 61 (t. I, p. 288)","one voyage or venture, returning to the home port"
AMA-0061-C,CF1,1,Ego Nicolas Marinerius confi- teor et recognosco tibi W,"Amalric 1248 (Blancard), no. 61 (t. I, p. 288)",capital from the investor side only; the other party works
AMA-0061-C,CF3,bilateral,Ego Nicolas Marinerius confi- teor et recognosco tibi W,"Amalric 1248 (Blancard), no. 61 (t. I, p. 288)",1 principal(s) named
AMA-0061-C,MB3,voluntary,Ego Nicolas Marinerius confi- teor et recognosco tibi W,"Amalric 1248 (Blancard), no. 61 (t. I, p. 288)",entry by private contract
AMA-0083-C,TS2,single-venture,"in proximo viagio quod facturus sum apud Acconem, in nave Rairaundi Sifredi que","Amalric 1248 (Blancard), no. 83 (t. I, p. 294)","one voyage or venture, returning to the home port"
AMA-0083-C,CF1,1,Ego Johannes Bairanus conn- teor et recognosco tibi Gausberto Civate me habuisse récépissé in co manda a te l,"Amalric 1248 (Blancard), no. 83 (t. I, p. 294)",capital from the investor side only; the other party works
AMA-0083-C,CF3,bilateral,Ego Johannes Bairanus conn- teor et recognosco tibi Gausberto Civate me habuisse récépissé in co manda a te l,"Amalric 1248 (Blancard), no. 83 (t. I, p. 294)",1 principal(s) named
AMA-0083-C,MB3,voluntary,Ego Johannes Bairanus conn- teor et recognosco tibi Gausberto Civate me habuisse récépissé in co manda a te l,"Amalric 1248 (Blancard), no. 83 (t. I, p. 294)",entry by private contract
AMA-0087-C,TS2,single-venture,"cum qua comanda ibo, Deo","Amalric 1248 (Blancard), no. 87 (t. I, p. 296)","one voyage or venture, returning to the home port"
AMA-0087-C,CF1,1,"Ego Petrus Tomasius de Ne- mauso, civis Massilie coniïteor & recognosco tibi , Matheo Francisco, civi Massilie, me habuisse & récé- pissé in comanda","Amalric 1248 (Blancard), no. 87 (t. I, p. 296)",capital from the investor side only; the other party works
AMA-0087-C,CF3,bilateral,"Ego Petrus Tomasius de Ne- mauso, civis Massilie coniïteor & recognosco tibi , Matheo Francisco, civi Massilie, me habuisse & récé- pissé in comanda","Amalric 1248 (Blancard), no. 87 (t. I, p. 296)",1 principal(s) named
AMA-0087-C,MB3,voluntary,"Ego Petrus Tomasius de Ne- mauso, civis Massilie coniïteor & recognosco tibi , Matheo Francisco, civi Massilie, me habuisse & récé- pissé in comanda","Amalric 1248 (Blancard), no. 87 (t. I, p. 296)",entry by private contract
AMA-0098-C,CF1,1,"Ego Chautardus de Ponte, de Nemauso, confiteor <fc recognosco tibi W* Bernardo, draperio, civi Massilie, stipulanti &","Amalric 1248 (Blancard), no. 98 (t. I, p. 301)",capital from the investor side only; the other party works
AMA-0098-C,CF3,multilateral,"nomine Pétri Bartolomei de Nemauso, consocio tuo","Amalric 1248 (Blancard), no. 98 (t. I, p. 301)",received for the investor and his consocius Petrus Bartolomeus
AMA-0098-C,MB3,voluntary,"Ego Chautardus de Ponte, de Nemauso, confiteor <fc recognosco tibi W* Bernardo, draperio, civi Massilie, stipulanti &","Amalric 1248 (Blancard), no. 98 (t. I, p. 301)",entry by private contract
AMA-0125-C,TS2,single-venture,"ibo, Deo dante, in proximo viagio quod facturus sum apud Bogiam, in bucio nave Bertrandi que dicitur","Amalric 1248 (Blancard), no. 125 (t. I, p. 316)","one voyage or venture, returning to the home port"
AMA-0125-C,CF1,1,"Ego Astruguelus, filius Samuelis judei quondam, confiteoi* et recognosco tibi Vidaleto, fiiioMosse, me habuisse et récépissé in comanda","Amalric 1248 (Blancard), no. 125 (t. I, p. 316)",capital from the investor side only; the other party works
AMA-0125-C,CF2,0,"alia, ad fortunam Dei et usum maris et tuum resegum et ad quartam partem lucri","Amalric 1248 (Blancard), no. 125 (t. I, p. 316)",peril clause puts the investor's capital at the investor's peril
AMA-0125-C,CF3,bilateral,"Ego Astruguelus, filius Samuelis judei quondam, confiteoi* et recognosco tibi Vidaleto, fiiioMosse, me habuisse et récépissé in comanda","Amalric 1248 (Blancard), no. 125 (t. I, p. 316)",1 principal(s) named
AMA-0125-C,LR2,coupled,ad fortunam Dei et usum maris et tuum resegum et ad quartam partem lucri,"Amalric 1248 (Blancard), no. 125 (t. I, p. 316)",working party takes a share of profit
AMA-0125-C,LR3,P,ad fortunam Dei et usum maris et tuum resegum et ad quartam partem lucri,"Amalric 1248 (Blancard), no. 125 (t. I, p. 316)","profit shared by agreed fraction, not in proportion to capital stake"
AMA-0125-C,LR6,upside-only,"alia, ad fortunam Dei et usum maris et tuum resegum et ad quartam partem lucri","Amalric 1248 (Blancard), no. 125 (t. I, p. 316)",shares gains; the capital travels at the investor's peril
AMA-0125-C,RB1,capital-provider,"alia, ad fortunam Dei et usum maris et tuum resegum et ad quartam partem lucri","Amalric 1248 (Blancard), no. 125 (t. I, p. 316)",peril clause
AMA-0125-C,RB4,1,"alia, ad fortunam Dei et usum maris et tuum resegum et ad quartam partem lucri","Amalric 1248 (Blancard), no. 125 (t. I, p. 316)",capital at the investor's peril: the working party is discharged if it is lost (inference from the clause)
AMA-0125-C,PR1,0,"alia, ad fortunam Dei et usum maris et tuum resegum et ad quartam partem lucri","Amalric 1248 (Blancard), no. 125 (t. I, p. 316)",peril allocated with no charge set for bearing it
AMA-0125-C,MC1,allocation,"alia, ad fortunam Dei et usum maris et tuum resegum et ad quartam partem lucri","Amalric 1248 (Blancard), no. 125 (t. I, p. 316)",peril assigned to named parties by contract
AMA-0125-C,MB3,voluntary,"Ego Astruguelus, filius Samuelis judei quondam, confiteoi* et recognosco tibi Vidaleto, fiiioMosse, me habuisse et récépissé in comanda","Amalric 1248 (Blancard), no. 125 (t. I, p. 316)",entry by private contract
AMA-0141-C,TS2,single-venture,"in communibus implicitis ineis, cum qua comanda ibo, Deo renuncians etc","Amalric 1248 (Blancard), no. 141 (t. I, p. 322)","one voyage or venture, returning to the home port"
AMA-0141-C,CF1,1,"Ego Petrus de Bella aqua, ûlius \V' de Bellaaqua, autoritate dicti patris mei, conflteor & recognosco tibi W"" Sazio me habuisse & récépissé monete miscue nunc curribilis in","Amalric 1248 (Blancard), no. 141 (t. I, p. 322)",capital from the investor side only; the other party works
AMA-0141-C,CF3,bilateral,"Ego Petrus de Bella aqua, ûlius \V' de Bellaaqua, autoritate dicti patris mei, conflteor & recognosco tibi W"" Sazio me habuisse & récépissé monete miscue nunc curribilis in","Amalric 1248 (Blancard), no. 141 (t. I, p. 322)",1 principal(s) named
AMA-0141-C,CI1,common,"323] raimundensium, implicatas in communibus implicitis ineis, cum qua comanda ibo, Deo","Amalric 1248 (Blancard), no. 141 (t. I, p. 322)",capital invested or charged in common with other capital
AMA-0141-C,RB3,surety,constituo et obligo me tibi WSazio debilorem & paccatorem in omni defeclu quam invemes culpa dicti fîlii mei,"Amalric 1248 (Blancard), no. 141 (t. I, p. 322)",surety for the working party
AMA-0141-C,MB3,voluntary,"Ego Petrus de Bella aqua, ûlius \V' de Bellaaqua, autoritate dicti patris mei, conflteor & recognosco tibi W"" Sazio me habuisse & récépissé monete miscue nunc curribilis in","Amalric 1248 (Blancard), no. 141 (t. I, p. 322)",entry by private contract
AMA-0161-C,TS2,single-venture,"cum qua comanda ibo, Deo dante , in","Amalric 1248 (Blancard), no. 161 (t. I, p. 331)","one voyage or venture, returning to the home port"
AMA-0161-C,CF1,1,"Eodem die et loco. Ego R. Boquerius, filius Rai- naudiniquondam confiteor et recognosco vobis , Giraud o Civate et Steph","Amalric 1248 (Blancard), no. 161 (t. I, p. 331)",capital from the investor side only; the other party works
AMA-0161-C,CF3,multilateral,"vobis , Giraud o Civate et Stephano Civate","Amalric 1248 (Blancard), no. 161 (t. I, p. 331)",two investors (brothers)
AMA-0161-C,MB3,voluntary,"Eodem die et loco. Ego R. Boquerius, filius Rai- naudiniquondam confiteor et recognosco vobis , Giraud o Civate et Steph","Amalric 1248 (Blancard), no. 161 (t. I, p. 331)",entry by private contract
AMA-0182-C,TS2,single-venture,"cum qua comanda ibo, Deo","Amalric 1248 (Blancard), no. 182 (t. I, p. 340)","one voyage or venture, returning to the home port"
AMA-0182-C,CF1,1,"Ego Johannes de Vertacisono coniiteor et recognosco tibi Bernardo de Sancto Lau- rencio, de Avinione, me habuisse et récépissé","Amalric 1248 (Blancard), no. 182 (t. I, p. 340)",capital from the investor side only; the other party works
AMA-0182-C,CF3,bilateral,"Ego Johannes de Vertacisono coniiteor et recognosco tibi Bernardo de Sancto Lau- rencio, de Avinione, me habuisse et récépissé","Amalric 1248 (Blancard), no. 182 (t. I, p. 340)",1 principal(s) named
AMA-0182-C,CI1,common,"raimundensium, implicatas in comunibus implicitis meis, renuncians etc","Amalric 1248 (Blancard), no. 182 (t. I, p. 340)",capital invested or charged in common with other capital
AMA-0182-C,MB3,voluntary,"Ego Johannes de Vertacisono coniiteor et recognosco tibi Bernardo de Sancto Lau- rencio, de Avinione, me habuisse et récépissé","Amalric 1248 (Blancard), no. 182 (t. I, p. 340)",entry by private contract
AMA-0194-C,TS2,single-venture,"qua comanda ibo, Deo dante, in proximo viagio quod facturus sum apud Acconem, in nave Raimundi Sifredi que","Amalric 1248 (Blancard), no. 194 (t. I, p. 346)","one voyage or venture, returning to the home port"
AMA-0194-C,CF1,1,ego dictus Martinus confiteor hanc comandam esse de societate quam liabeo cura Raimundo Gasco,"Amalric 1248 (Blancard), no. 194 (t. I, p. 346)",capital from the investor side only; the other party works
AMA-0194-C,CF3,multilateral,hanc comandam esse de societate quam liabeo cura Raimundo Gasco,"Amalric 1248 (Blancard), no. 194 (t. I, p. 346)",investor states the comanda belongs to his societas with Raimundus Gascus
AMA-0194-C,RB3,surety,constituo et obligo me tibi dicto [p. 347] Martino debitorem et paccatorem in omni defectu quem invenires culpa dicti filii mei,"Amalric 1248 (Blancard), no. 194 (t. I, p. 346)",surety for the working party
AMA-0194-C,MB3,voluntary,ego dictus Martinus confiteor hanc comandam esse de societate quam liabeo cura Raimundo Gasco,"Amalric 1248 (Blancard), no. 194 (t. I, p. 346)",entry by private contract (working party acts by his father's order)
AMA-0204-C,CF1,1,Eodem die & loco. Ego R. de Nercio confiteor & reco- gnosco vobis Berengario Eguizerio & Petio Boquerio me habuisse & ré,"Amalric 1248 (Blancard), no. 204 (t. I, p. 349)",capital from the investor side only; the other party works
AMA-0204-C,CF3,multilateral,liane coinandam esse de societate quam [p. 330] habemus cum \V° de Cadeneto et Raimundo Borgun- dione,"Amalric 1248 (Blancard), no. 204 (t. I, p. 349)","two investors, who state the comanda belongs to their societas with W. de Cadeneto and Raimundus Borgundio"
AMA-0204-C,CI1,common,"curribilis in Massilia, impli- catas in comunibus implicitis meis, renuncians etc","Amalric 1248 (Blancard), no. 204 (t. I, p. 349)",capital invested or charged in common with other capital
AMA-0204-C,MB3,voluntary,Eodem die & loco. Ego R. de Nercio confiteor & reco- gnosco vobis Berengario Eguizerio & Petio Boquerio me habuisse & ré,"Amalric 1248 (Blancard), no. 204 (t. I, p. 349)",entry by private contract
AMA-0212-C,TS2,single-venture,"cum qua comanda ibo, Deo dante, in proximo viagio quod facturas sum apud Acconem","Amalric 1248 (Blancard), no. 212 (t. I, p. 352)","one voyage or venture, returning to the home port"
AMA-0212-C,CF1,1,"Ego Petrus Cambafort de Monte- pessulano, fiîius Giraudi Cambafort, confiteor & reco- gnosco tibi Sîephano Gascheto de Podio me habuisse et récépissé","Amalric 1248 (Blancard), no. 212 (t. I, p. 352)",capital from the investor side only; the other party works
AMA-0212-C,CF3,multilateral,hanc comandam esse de compan- hia quam habeo cum domino Broncino de Podio et W de Limoges,"Amalric 1248 (Blancard), no. 212 (t. I, p. 352)",investor states the comanda belongs to his companhia with Broncinus de Podio and W. de Limoges
AMA-0212-C,MB3,voluntary,"Ego Petrus Cambafort de Monte- pessulano, fiîius Giraudi Cambafort, confiteor & reco- gnosco tibi Sîephano Gascheto de Podio me habuisse et récépissé","Amalric 1248 (Blancard), no. 212 (t. I, p. 352)",entry by private contract
AMA-0225-C,CF1,1,Ego Stephanus Faber de Pena d'Aianes confiteor et recognosco tibi Gausberto de Podio Bressono me habuisse & récépissé,"Amalric 1248 (Blancard), no. 225 (t. I, p. 358)",capital from the investor side only; the other party works
AMA-0225-C,CF3,bilateral,Ego Stephanus Faber de Pena d'Aianes confiteor et recognosco tibi Gausberto de Podio Bressono me habuisse & récépissé,"Amalric 1248 (Blancard), no. 225 (t. I, p. 358)",1 principal(s) named
AMA-0225-C,MB3,voluntary,Ego Stephanus Faber de Pena d'Aianes confiteor et recognosco tibi Gausberto de Podio Bressono me habuisse & récépissé,"Amalric 1248 (Blancard), no. 225 (t. I, p. 358)",entry by private contract
AMA-0228-C,TS2,single-venture,"cum qua comanda ibo,; Deo dante, in proximo viagio quod facturus sum apud Acconem","Amalric 1248 (Blancard), no. 228 (t. I, p. 360)","one voyage or venture, returning to the home port"
AMA-0228-C,CF1,1,"Eodem die et fôco. Ego R. de Cadro, civis Massilie, confiteor & recognosco tibi Augerio Johanni, campsori, me habuisse e","Amalric 1248 (Blancard), no. 228 (t. I, p. 360)",capital from the investor side only; the other party works
AMA-0228-C,CF3,bilateral,"Eodem die et fôco. Ego R. de Cadro, civis Massilie, confiteor & recognosco tibi Augerio Johanni, campsori, me habuisse e","Amalric 1248 (Blancard), no. 228 (t. I, p. 360)",1 principal(s) named
AMA-0228-C,MB3,voluntary,"Eodem die et fôco. Ego R. de Cadro, civis Massilie, confiteor & recognosco tibi Augerio Johanni, campsori, me habuisse e","Amalric 1248 (Blancard), no. 228 (t. I, p. 360)",entry by private contract
AMA-0247-C,TS2,single-venture,"cura qua dante, in proximo viagio quod facturus sura apud Acconem, innave Raimundi Sifredi que","Amalric 1248 (Blancard), no. 247 (t. I, p. 367)","one voyage or venture, returning to the home port"
AMA-0247-C,CF1,1,Ego Bernardns Scurolus de Caturcio confiteor et recognosco tibi Raimundo del Condedor me liabuisse et récépissé in,"Amalric 1248 (Blancard), no. 247 (t. I, p. 367)",capital from the investor side only; the other party works
AMA-0247-C,CF3,bilateral,Ego Bernardns Scurolus de Caturcio confiteor et recognosco tibi Raimundo del Condedor me liabuisse et récépissé in,"Amalric 1248 (Blancard), no. 247 (t. I, p. 367)",1 principal(s) named
AMA-0247-C,MB3,voluntary,Ego Bernardns Scurolus de Caturcio confiteor et recognosco tibi Raimundo del Condedor me liabuisse et récépissé in,"Amalric 1248 (Blancard), no. 247 (t. I, p. 367)",entry by private contract
AMA-0260-C,TS2,single-venture,cum qua comanda ibo,"Amalric 1248 (Blancard), no. 260 (t. I, p. 372)","one voyage or venture, returning to the home port"
AMA-0260-C,CF1,1,"Ego Pondus Bonifacius junior, nepos Pétri Bonifacii, confiteor et recognosco tibi W° Jordano, civi Massilie, me habuisse et récépissé","Amalric 1248 (Blancard), no. 260 (t. I, p. 372)",capital from the investor side only; the other party works
AMA-0260-C,CF3,bilateral,"Ego Pondus Bonifacius junior, nepos Pétri Bonifacii, confiteor et recognosco tibi W° Jordano, civi Massilie, me habuisse et récépissé","Amalric 1248 (Blancard), no. 260 (t. I, p. 372)",1 principal(s) named
AMA-0260-C,MB3,voluntary,"Ego Pondus Bonifacius junior, nepos Pétri Bonifacii, confiteor et recognosco tibi W° Jordano, civi Massilie, me habuisse et récépissé","Amalric 1248 (Blancard), no. 260 (t. I, p. 372)",entry by private contract
AMA-0269-C,TS2,single-venture,"renuncians comanda ibo, Deo dante, in proximo viagio quod facturus sum apud Acconem, in nave Raimundi Sifredi que","Amalric 1248 (Blancard), no. 269 (t. I, p. 375)","one voyage or venture, returning to the home port"
AMA-0269-C,CF1,1,"Ego Arnaudus Guillelmi, filius Arnaudi Guillelmi de Rufiacoquondam, confiteor et recognosco tibi Augerio Johanni, campsori, civi Massilie, me habuisse","Amalric 1248 (Blancard), no. 269 (t. I, p. 375)",capital from the investor side only; the other party works
AMA-0269-C,CF3,bilateral,"Ego Arnaudus Guillelmi, filius Arnaudi Guillelmi de Rufiacoquondam, confiteor et recognosco tibi Augerio Johanni, campsori, civi Massilie, me habuisse","Amalric 1248 (Blancard), no. 269 (t. I, p. 375)",1 principal(s) named
AMA-0269-C,MB3,voluntary,"Ego Arnaudus Guillelmi, filius Arnaudi Guillelmi de Rufiacoquondam, confiteor et recognosco tibi Augerio Johanni, campsori, civi Massilie, me habuisse","Amalric 1248 (Blancard), no. 269 (t. I, p. 375)",entry by private contract
AMA-0273-C,TS2,single-venture,"cum qua comanda ibo, Deo dante, in proximo viagio quod facturais sum apud Acconem","Amalric 1248 (Blancard), no. 273 (t. I, p. 377)","one voyage or venture, returning to the home port"
AMA-0273-C,CF1,1,"Ego Bertrandus Eguezerius confïteor et tibi Berengario Eguezerio, recognosco fratri meo, me habuisse & récépissé in comanda a te xx 1","Amalric 1248 (Blancard), no. 273 (t. I, p. 377)",capital from the investor side only; the other party works
AMA-0273-C,CF3,bilateral,"Ego Bertrandus Eguezerius confïteor et tibi Berengario Eguezerio, recognosco fratri meo, me habuisse & récépissé in comanda a te xx 1","Amalric 1248 (Blancard), no. 273 (t. I, p. 377)",1 principal(s) named
AMA-0273-C,MB3,voluntary,"Ego Bertrandus Eguezerius confïteor et tibi Berengario Eguezerio, recognosco fratri meo, me habuisse & récépissé in comanda a te xx 1","Amalric 1248 (Blancard), no. 273 (t. I, p. 377)",entry by private contract
AMA-0286-C,TS2,single-venture,"cum qua comanda ibo, Deo dante, in proximo viag-io quod facturus sum apud Acconem","Amalric 1248 (Blancard), no. 286 (t. I, p. 381)","one voyage or venture, returning to the home port"
AMA-0286-C,CF1,1,Ego Lauberius de Pena d'Ajanes confiteor et recognosco tibi Bertrando de Porta quem confiteor esse procura torem,"Amalric 1248 (Blancard), no. 286 (t. I, p. 381)",capital from the investor side only; the other party works
AMA-0286-C,CF3,bilateral,Ego Lauberius de Pena d'Ajanes confiteor et recognosco tibi Bertrando de Porta quem confiteor esse procura torem,"Amalric 1248 (Blancard), no. 286 (t. I, p. 381)",1 principal(s) named
AMA-0286-C,MB3,voluntary,Ego Lauberius de Pena d'Ajanes confiteor et recognosco tibi Bertrando de Porta quem confiteor esse procura torem,"Amalric 1248 (Blancard), no. 286 (t. I, p. 381)",entry by private contract
AMA-0291-C,TS2,single-venture,"cum qua comanda ibo, Deo dante, in","Amalric 1248 (Blancard), no. 291 (t. I, p. 383)","one voyage or venture, returning to the home port"
AMA-0291-C,CF1,1,"Eodem die et loco. Ego W. Daniel, filius Hugonis Danielis, confiteor et recognosco tibi Ilugoni Boverio, campsori, me ha","Amalric 1248 (Blancard), no. 291 (t. I, p. 383)",capital from the investor side only; the other party works
AMA-0291-C,CF3,bilateral,"Eodem die et loco. Ego W. Daniel, filius Hugonis Danielis, confiteor et recognosco tibi Ilugoni Boverio, campsori, me ha","Amalric 1248 (Blancard), no. 291 (t. I, p. 383)",1 principal(s) named
AMA-0291-C,MB3,voluntary,"Eodem die et loco. Ego W. Daniel, filius Hugonis Danielis, confiteor et recognosco tibi Ilugoni Boverio, campsori, me ha","Amalric 1248 (Blancard), no. 291 (t. I, p. 383)",entry by private contract
AMA-0304-C,TS2,single-venture,"qua comanda ibo, Deo danle, in proxirno viag'io quod facturas sum apud Acconem, in nave Raimundi Sifredi, que","Amalric 1248 (Blancard), no. 304 (t. I, p. 387)","one voyage or venture, returning to the home port"
AMA-0304-C,CF1,1,Ego Gandulfus Deude confiteor & recognosco tibi W,"Amalric 1248 (Blancard), no. 304 (t. I, p. 387)",capital from the investor side only; the other party works
AMA-0304-C,CF3,bilateral,Ego Gandulfus Deude confiteor & recognosco tibi W,"Amalric 1248 (Blancard), no. 304 (t. I, p. 387)",1 principal(s) named
AMA-0304-C,MB3,voluntary,Ego Gandulfus Deude confiteor & recognosco tibi W,"Amalric 1248 (Blancard), no. 304 (t. I, p. 387)",entry by private contract
AMA-0314-C,TS2,single-venture,"cum qua comanda ibo Deo dante, in","Amalric 1248 (Blancard), no. 314 (t. I, p. 392)","one voyage or venture, returning to the home port"
AMA-0314-C,CF1,1,"Eodem die& loco. Ego W. Albinus junior confiteor et recognosco vobis Bononomini, judeo, filio Vitalis de Castronovo quon","Amalric 1248 (Blancard), no. 314 (t. I, p. 392)",capital from the investor side only; the other party works
AMA-0314-C,CF3,multilateral,"vobis Bononomini, judeo, filio Vitalis de Castronovo quondara, etBoneto judeo, medico, etBono Ysaac","Amalric 1248 (Blancard), no. 314 (t. I, p. 392)",three investors
AMA-0314-C,MB3,voluntary,"Eodem die& loco. Ego W. Albinus junior confiteor et recognosco vobis Bononomini, judeo, filio Vitalis de Castronovo quon","Amalric 1248 (Blancard), no. 314 (t. I, p. 392)",entry by private contract
AMA-0329-C,TS2,single-venture,"cum qua comanda ibo, Deo","Amalric 1248 (Blancard), no. 329 (t. I, p. 399)","one voyage or venture, returning to the home port"
AMA-0329-C,CF1,1,"Ego Garinus Faber, de Figiaco, confiteor et recognosco tibi Bernardo Bodino, filio Raimundi Bodini quondam, babuisse","Amalric 1248 (Blancard), no. 329 (t. I, p. 399)",capital from the investor side only; the other party works
AMA-0329-C,CF3,bilateral,"Ego Garinus Faber, de Figiaco, confiteor et recognosco tibi Bernardo Bodino, filio Raimundi Bodini quondam, babuisse","Amalric 1248 (Blancard), no. 329 (t. I, p. 399)",1 principal(s) named
AMA-0329-C,MB3,voluntary,"Ego Garinus Faber, de Figiaco, confiteor et recognosco tibi Bernardo Bodino, filio Raimundi Bodini quondam, babuisse","Amalric 1248 (Blancard), no. 329 (t. I, p. 399)",entry by private contract
AMA-0342-C,TS2,single-venture,"cum qua comanda ibo, Deo dante, in prôximo viagio quod facturus sum in Sicilia, in","Amalric 1248 (Blancard), no. 342 (t. I, p. 402)","one voyage or venture, returning to the home port"
AMA-0342-C,CF1,1,"Ego Daniel de Auria, filius Per- savallide Auria, confiteor et recognosco tibi W","Amalric 1248 (Blancard), no. 342 (t. I, p. 402)",capital from the investor side only; the other party works
AMA-0342-C,CF3,bilateral,"Ego Daniel de Auria, filius Per- savallide Auria, confiteor et recognosco tibi W","Amalric 1248 (Blancard), no. 342 (t. I, p. 402)",1 principal(s) named
AMA-0342-C,CI1,common,"bisancios sarra- cenatos Acconis, implicatas in comunibus implicitis ineis, renuncians etc","Amalric 1248 (Blancard), no. 342 (t. I, p. 402)",capital invested or charged in common with other capital
AMA-0342-C,MB3,voluntary,"Ego Daniel de Auria, filius Per- savallide Auria, confiteor et recognosco tibi W","Amalric 1248 (Blancard), no. 342 (t. I, p. 402)",entry by private contract
AMA-0364-C,TS2,single-venture,"cum qua comanda ibo, Deo dante, in","Amalric 1248 (Blancard), no. 364 (t. I, p. 413)","one voyage or venture, returning to the home port"
AMA-0364-C,CF1,1,"Ego Nicolaus de Casis de Borguis confiteor & recognosco tibi Rairnundo del Condedor, quera confiteor esse procuratorem","Amalric 1248 (Blancard), no. 364 (t. I, p. 413)",capital from the investor side only; the other party works
AMA-0364-C,CF2,0,"mercadarie, ad fortunam Dei et usum maris et ad reseguni predic- torum quorum tu es procurator, et ad quartam partem quod possim inde expendere in lucri, et libra et expensis","Amalric 1248 (Blancard), no. 364 (t. I, p. 413)",peril clause puts the investor's capital at the investor's peril
AMA-0364-C,CF3,multilateral,"procuratorem Guis- berti de Portu & W. Pétri de Portu, fratrum","Amalric 1248 (Blancard), no. 364 (t. I, p. 413)",two investors (brothers) through a procurator
AMA-0364-C,LR2,coupled,"reseguni predic- torum quorum tu es procurator, et ad quartam partem quod possim inde expendere in lucri","Amalric 1248 (Blancard), no. 364 (t. I, p. 413)",working party takes a share of profit
AMA-0364-C,LR3,P,"reseguni predic- torum quorum tu es procurator, et ad quartam partem quod possim inde expendere in lucri","Amalric 1248 (Blancard), no. 364 (t. I, p. 413)","profit shared by agreed fraction, not in proportion to capital stake"
AMA-0364-C,LR6,upside-only,"mercadarie, ad fortunam Dei et usum maris et ad reseguni predic- torum quorum tu es procurator, et ad quartam partem quod possim inde expendere in lucri, et libra et expensis","Amalric 1248 (Blancard), no. 364 (t. I, p. 413)",shares gains; the capital travels at the investor's peril
AMA-0364-C,CI1,common,"expendere in lucri, et libra et expensis meis tanquam de aliis comandis","Amalric 1248 (Blancard), no. 364 (t. I, p. 413)",capital invested or charged in common with other capital
AMA-0364-C,RB1,capital-provider,"mercadarie, ad fortunam Dei et usum maris et ad reseguni predic- torum quorum tu es procurator, et ad quartam partem quod possim inde expendere in lucri, et libra et expensis","Amalric 1248 (Blancard), no. 364 (t. I, p. 413)",peril clause
AMA-0364-C,RB4,1,"mercadarie, ad fortunam Dei et usum maris et ad reseguni predic- torum quorum tu es procurator, et ad quartam partem quod possim inde expendere in lucri, et libra et expensis","Amalric 1248 (Blancard), no. 364 (t. I, p. 413)",capital at the investor's peril: the working party is discharged if it is lost (inference from the clause)
AMA-0364-C,PR1,0,"mercadarie, ad fortunam Dei et usum maris et ad reseguni predic- torum quorum tu es procurator, et ad quartam partem quod possim inde expendere in lucri, et libra et expensis","Amalric 1248 (Blancard), no. 364 (t. I, p. 413)",peril allocated with no charge set for bearing it
AMA-0364-C,MC1,allocation,"mercadarie, ad fortunam Dei et usum maris et ad reseguni predic- torum quorum tu es procurator, et ad quartam partem quod possim inde expendere in lucri, et libra et expensis","Amalric 1248 (Blancard), no. 364 (t. I, p. 413)",peril assigned to named parties by contract
AMA-0364-C,MB3,voluntary,"Ego Nicolaus de Casis de Borguis confiteor & recognosco tibi Rairnundo del Condedor, quera confiteor esse procuratorem","Amalric 1248 (Blancard), no. 364 (t. I, p. 413)",entry by private contract
AMA-0371-C,TS2,single-venture,"ibo, Deo dante, in proximo viagio quod facturus sum apud Januam, per mare vel per terram, ad fortunam","Amalric 1248 (Blancard), no. 371 (t. I, p. 417)","one voyage or venture, returning to the home port"
AMA-0371-C,CF1,1,Eodera die et loco. Ego W. Musso de Pello confiteor & recognosco tibi Senhorando de Belmosco de Pella me habuisse et réc,"Amalric 1248 (Blancard), no. 371 (t. I, p. 417)",capital from the investor side only; the other party works
AMA-0371-C,CF2,0,"terram, ad fortunam Dei et usum maris et terre, et ad tuum resegum","Amalric 1248 (Blancard), no. 371 (t. I, p. 417)",peril clause puts the investor's capital at the investor's peril
AMA-0371-C,CF3,bilateral,Eodera die et loco. Ego W. Musso de Pello confiteor & recognosco tibi Senhorando de Belmosco de Pella me habuisse et réc,"Amalric 1248 (Blancard), no. 371 (t. I, p. 417)",1 principal(s) named
AMA-0371-C,CI1,common,"fideliter portare, tenere et custodire et expendere comuniter, scilicet me de meo, et cum eo","Amalric 1248 (Blancard), no. 371 (t. I, p. 417)",capital invested or charged in common with other capital
AMA-0371-C,RB1,capital-provider,"terram, ad fortunam Dei et usum maris et terre, et ad tuum resegum","Amalric 1248 (Blancard), no. 371 (t. I, p. 417)",peril clause
AMA-0371-C,RB4,1,"terram, ad fortunam Dei et usum maris et terre, et ad tuum resegum","Amalric 1248 (Blancard), no. 371 (t. I, p. 417)",capital at the investor's peril: the working party is discharged if it is lost (inference from the clause)
AMA-0371-C,PR1,0,"terram, ad fortunam Dei et usum maris et terre, et ad tuum resegum","Amalric 1248 (Blancard), no. 371 (t. I, p. 417)",peril allocated with no charge set for bearing it
AMA-0371-C,MC1,allocation,"terram, ad fortunam Dei et usum maris et terre, et ad tuum resegum","Amalric 1248 (Blancard), no. 371 (t. I, p. 417)",peril assigned to named parties by contract
AMA-0371-C,MB3,voluntary,Eodera die et loco. Ego W. Musso de Pello confiteor & recognosco tibi Senhorando de Belmosco de Pella me habuisse et réc,"Amalric 1248 (Blancard), no. 371 (t. I, p. 417)",entry by private contract
AMA-0402-C,TS2,single-venture,"cum qua comanda ibo, Deo dante, in proximo viagio quod facturus sum apud Acconem","Amalric 1248 (Blancard), no. 402 (t. II, p. 22)","one voyage or venture, returning to the home port"
AMA-0402-C,CF1,1,"Ego Nicolaus de Casis de Burgeriis confiteor et recognosco tibi Raimundo del Condedor, me habuisse & recepisse in comanda","Amalric 1248 (Blancard), no. 402 (t. II, p. 22)",capital from the investor side only; the other party works
AMA-0402-C,CF3,bilateral,"Ego Nicolaus de Casis de Burgeriis confiteor et recognosco tibi Raimundo del Condedor, me habuisse & recepisse in comanda","Amalric 1248 (Blancard), no. 402 (t. II, p. 22)",1 principal(s) named
AMA-0402-C,CI1,common,et debeo inde expendere sicut de aliis comandis et meo proprio,"Amalric 1248 (Blancard), no. 402 (t. II, p. 22)",capital invested or charged in common with other capital
AMA-0402-C,MB3,voluntary,"Ego Nicolaus de Casis de Burgeriis confiteor et recognosco tibi Raimundo del Condedor, me habuisse & recepisse in comanda","Amalric 1248 (Blancard), no. 402 (t. II, p. 22)",entry by private contract
AMA-0412-C,TS2,single-venture,"cum qua comanda ibo , Deo dante , in proximo viagio quod facturus sum apud Acconem","Amalric 1248 (Blancard), no. 412 (t. II, p. 27)","one voyage or venture, returning to the home port"
AMA-0412-C,CF1,1,"Ego Durantus Sarranus confiteor & recognosco tibi domino Duranto Sarranno , patri meo, civi Massilie","Amalric 1248 (Blancard), no. 412 (t. II, p. 27)",capital from the investor side only; the other party works
AMA-0412-C,CF3,bilateral,"Ego Durantus Sarranus confiteor & recognosco tibi domino Duranto Sarranno , patri meo, civi Massilie","Amalric 1248 (Blancard), no. 412 (t. II, p. 27)",1 principal(s) named
AMA-0412-C,MB3,voluntary,"Ego Durantus Sarranus confiteor & recognosco tibi domino Duranto Sarranno , patri meo, civi Massilie","Amalric 1248 (Blancard), no. 412 (t. II, p. 27)",entry by private contract
AMA-0443-C,TS2,single-venture,"cum qua comanda ibo , Deo dante, in proximo viagio quod facturus sum in Cataluenia","Amalric 1248 (Blancard), no. 443 (t. II, p. 40)","one voyage or venture, returning to the home port"
AMA-0443-C,CF1,1,"Eodem die & loco. Ego R. de Gironda , civis Mas- silie , confiteor & recognosco tibi Tizono de Maresma me habuisse & rec","Amalric 1248 (Blancard), no. 443 (t. II, p. 40)",capital from the investor side only; the other party works
AMA-0443-C,CF3,bilateral,"Eodem die & loco. Ego R. de Gironda , civis Mas- silie , confiteor & recognosco tibi Tizono de Maresma me habuisse & rec","Amalric 1248 (Blancard), no. 443 (t. II, p. 40)",1 principal(s) named
AMA-0443-C,MB3,voluntary,"Eodem die & loco. Ego R. de Gironda , civis Mas- silie , confiteor & recognosco tibi Tizono de Maresma me habuisse & rec","Amalric 1248 (Blancard), no. 443 (t. II, p. 40)",entry by private contract
AMA-0451-C,TS2,single-venture,"cum qua comanda ibo, Deo dante , in proximo viagio quod facturus sum apud Bogiam","Amalric 1248 (Blancard), no. 451 (t. II, p. 44)","one voyage or venture, returning to the home port"
AMA-0451-C,CF1,1,"Ego Giraudus Medicus , filius Wi Medici quondam, confiteor et recognosco tibi Ber- trando de Santo Marcello de Balneolis , me habuisse","Amalric 1248 (Blancard), no. 451 (t. II, p. 44)",capital from the investor side only; the other party works
AMA-0451-C,CF3,bilateral,"Ego Giraudus Medicus , filius Wi Medici quondam, confiteor et recognosco tibi Ber- trando de Santo Marcello de Balneolis , me habuisse","Amalric 1248 (Blancard), no. 451 (t. II, p. 44)",1 principal(s) named
AMA-0451-C,MB3,voluntary,"Ego Giraudus Medicus , filius Wi Medici quondam, confiteor et recognosco tibi Ber- trando de Santo Marcello de Balneolis , me habuisse","Amalric 1248 (Blancard), no. 451 (t. II, p. 44)",entry by private contract
AMA-0466-C,TS2,single-venture,"cum qua comanda ibo, Deo dante , in proximo viagio quod facturus sum apud Bogiam","Amalric 1248 (Blancard), no. 466 (t. II, p. 51)","one voyage or venture, returning to the home port"
AMA-0466-C,CF1,1,"Ego Crescas Ferrusolus , judeus , confiteor & recognosco tibi W° Manent de Santo Egi- dio me habuisse et recepisse","Amalric 1248 (Blancard), no. 466 (t. II, p. 51)",capital from the investor side only; the other party works
AMA-0466-C,CF3,bilateral,"Ego Crescas Ferrusolus , judeus , confiteor & recognosco tibi W° Manent de Santo Egi- dio me habuisse et recepisse","Amalric 1248 (Blancard), no. 466 (t. II, p. 51)",1 principal(s) named
AMA-0466-C,MB3,voluntary,"Ego Crescas Ferrusolus , judeus , confiteor & recognosco tibi W° Manent de Santo Egi- dio me habuisse et recepisse","Amalric 1248 (Blancard), no. 466 (t. II, p. 51)",entry by private contract
AMA-0473-C,CF1,1,Ego Johannes Sequerius confiteor & recognosco tibi Martino Magno me habuisse & rece- pisse in comanda a,"Amalric 1248 (Blancard), no. 473 (t. II, p. 54)",capital from the investor side only; the other party works
AMA-0473-C,CF3,bilateral,Ego Johannes Sequerius confiteor & recognosco tibi Martino Magno me habuisse & rece- pisse in comanda a,"Amalric 1248 (Blancard), no. 473 (t. II, p. 54)",1 principal(s) named
AMA-0473-C,MB3,voluntary,Ego Johannes Sequerius confiteor & recognosco tibi Martino Magno me habuisse & rece- pisse in comanda a,"Amalric 1248 (Blancard), no. 473 (t. II, p. 54)",entry by private contract
AMA-0479-C,TS2,single-venture,"cum qua comanda ibo , Deo dante, in proximo viagio quod facturus sum apud Messanam","Amalric 1248 (Blancard), no. 479 (t. II, p. 57)","one voyage or venture, returning to the home port"
AMA-0479-C,CF1,1,Ego Musa de Claro confiteor & recognosco W° de Pessanho me habuisse & recepisse in comanda a te quoddam,"Amalric 1248 (Blancard), no. 479 (t. II, p. 57)",capital from the investor side only; the other party works
AMA-0479-C,CF3,bilateral,Ego Musa de Claro confiteor & recognosco W° de Pessanho me habuisse & recepisse in comanda a te quoddam,"Amalric 1248 (Blancard), no. 479 (t. II, p. 57)",1 principal(s) named
AMA-0479-C,MB3,voluntary,Ego Musa de Claro confiteor & recognosco W° de Pessanho me habuisse & recepisse in comanda a te quoddam,"Amalric 1248 (Blancard), no. 479 (t. II, p. 57)",entry by private contract
AMA-0492-C,TS2,single-venture,"cum qua commanda ibo , Deo dante, in proximo viagio quod facturus sum 65 - apud Acconem","Amalric 1248 (Blancard), no. 492 (t. II, p. 64)","one voyage or venture, returning to the home port"
AMA-0492-C,CF1,1,"Ego Petrus de Villaforte confiteor & recognosco tibi Johanni Azemaro, quem confiteor esse procuratorem W¹","Amalric 1248 (Blancard), no. 492 (t. II, p. 64)",capital from the investor side only; the other party works
AMA-0492-C,CF3,bilateral,"Ego Petrus de Villaforte confiteor & recognosco tibi Johanni Azemaro, quem confiteor esse procuratorem W¹","Amalric 1248 (Blancard), no. 492 (t. II, p. 64)",1 principal(s) named
AMA-0492-C,MB3,voluntary,"Ego Petrus de Villaforte confiteor & recognosco tibi Johanni Azemaro, quem confiteor esse procuratorem W¹","Amalric 1248 (Blancard), no. 492 (t. II, p. 64)",entry by private contract
AMA-0505-C,TS2,single-venture,"cum qua comanda ibo Deo dante, in proximo viagio quod facturus sum apud Januam","Amalric 1248 (Blancard), no. 505 (t. II, p. 70)","one voyage or venture, returning to the home port"
AMA-0505-C,CF1,1,"Eodem die & loco. Durantus Juvenis confiteor et recognosco tibi Petro Martino , campsori, me habuisse & recepisse in com","Amalric 1248 (Blancard), no. 505 (t. II, p. 70)",capital from the investor side only; the other party works
AMA-0505-C,CF3,bilateral,"Eodem die & loco. Durantus Juvenis confiteor et recognosco tibi Petro Martino , campsori, me habuisse & recepisse in com","Amalric 1248 (Blancard), no. 505 (t. II, p. 70)",1 principal(s) named
AMA-0505-C,MB3,voluntary,"Eodem die & loco. Durantus Juvenis confiteor et recognosco tibi Petro Martino , campsori, me habuisse & recepisse in com","Amalric 1248 (Blancard), no. 505 (t. II, p. 70)",entry by private contract
AMA-0519-C,TS2,single-venture,"cum qua comanda ibo , Deo dante, in proximo viagio quod facturus sum apud Neapolim","Amalric 1248 (Blancard), no. 519 (t. II, p. 77)","one voyage or venture, returning to the home port"
AMA-0519-C,CF1,1,"Ego Augerius Grossus confiteor & recognosco tibi W° Berengario , speciatori, me ha- buisse & recepisse","Amalric 1248 (Blancard), no. 519 (t. II, p. 77)",capital from the investor side only; the other party works
AMA-0519-C,CF3,bilateral,"Ego Augerius Grossus confiteor & recognosco tibi W° Berengario , speciatori, me ha- buisse & recepisse","Amalric 1248 (Blancard), no. 519 (t. II, p. 77)",1 principal(s) named
AMA-0519-C,MB3,voluntary,"Ego Augerius Grossus confiteor & recognosco tibi W° Berengario , speciatori, me ha- buisse & recepisse","Amalric 1248 (Blancard), no. 519 (t. II, p. 77)",entry by private contract
AMA-0530-C,TS2,single-venture,"cum qua comanda ibo, Deo dante, in proximo viagio quod facturus sum apud Januam","Amalric 1248 (Blancard), no. 530 (t. II, p. 82)","one voyage or venture, returning to the home port"
AMA-0530-C,CF1,1,"XVI kalendas madii. Ego W. Giraudi, filius Giraudi Mercerii , confiteor & recognosco tibi Raimundo de Narbona, filio Ber","Amalric 1248 (Blancard), no. 530 (t. II, p. 82)",capital from the investor side only; the other party works
AMA-0530-C,CF3,bilateral,"XVI kalendas madii. Ego W. Giraudi, filius Giraudi Mercerii , confiteor & recognosco tibi Raimundo de Narbona, filio Ber","Amalric 1248 (Blancard), no. 530 (t. II, p. 82)",1 principal(s) named
AMA-0530-C,MB3,voluntary,"XVI kalendas madii. Ego W. Giraudi, filius Giraudi Mercerii , confiteor & recognosco tibi Raimundo de Narbona, filio Ber","Amalric 1248 (Blancard), no. 530 (t. II, p. 82)",entry by private contract
AMA-0538-C,TS2,single-venture,"cum qua comanda ibo, Deo dante , in proximo viagio quod facturus sum apud Januam","Amalric 1248 (Blancard), no. 538 (t. II, p. 85)","one voyage or venture, returning to the home port"
AMA-0538-C,CF1,1,"Eodem die & loco. Ego W. Giraudi, filius Giraudi Mercerii , confiteor & recognosco tibi Aicardo de Tem- plo me habuisse ","Amalric 1248 (Blancard), no. 538 (t. II, p. 85)",capital from the investor side only; the other party works
AMA-0538-C,CF3,bilateral,"Eodem die & loco. Ego W. Giraudi, filius Giraudi Mercerii , confiteor & recognosco tibi Aicardo de Tem- plo me habuisse ","Amalric 1248 (Blancard), no. 538 (t. II, p. 85)",1 principal(s) named
AMA-0538-C,MB3,voluntary,"Eodem die & loco. Ego W. Giraudi, filius Giraudi Mercerii , confiteor & recognosco tibi Aicardo de Tem- plo me habuisse ","Amalric 1248 (Blancard), no. 538 (t. II, p. 85)",entry by private contract
AMA-0542-C,TS2,single-venture,"cum qua comanda ibo, Deo dante, in proximo viagio quod facturus sum in Sicilia","Amalric 1248 (Blancard), no. 542 (t. II, p. 87)","one voyage or venture, returning to the home port"
AMA-0542-C,CF1,1,"Ego Petrum Cresteng confiteor & recognosco tibi Wo de Taradello, civi Massilie , me habuisse & recepisse","Amalric 1248 (Blancard), no. 542 (t. II, p. 87)",capital from the investor side only; the other party works
AMA-0542-C,CF3,bilateral,"Ego Petrum Cresteng confiteor & recognosco tibi Wo de Taradello, civi Massilie , me habuisse & recepisse","Amalric 1248 (Blancard), no. 542 (t. II, p. 87)",1 principal(s) named
AMA-0542-C,MB3,voluntary,"Ego Petrum Cresteng confiteor & recognosco tibi Wo de Taradello, civi Massilie , me habuisse & recepisse","Amalric 1248 (Blancard), no. 542 (t. II, p. 87)",entry by private contract
AMA-0559-C,TS2,single-venture,"cum qua comanda ibo, Deo dante, 7 98 - in proxime viagio quod facturus sum in Sicilia","Amalric 1248 (Blancard), no. 559 (t. II, p. 97)","one voyage or venture, returning to the home port"
AMA-0559-C,CF1,1,Ego Petrus Raimundi confiteor et recognosco tibi W,"Amalric 1248 (Blancard), no. 559 (t. II, p. 97)",capital from the investor side only; the other party works
AMA-0559-C,CF3,bilateral,Ego Petrus Raimundi confiteor et recognosco tibi W,"Amalric 1248 (Blancard), no. 559 (t. II, p. 97)",1 principal(s) named
AMA-0559-C,MB3,voluntary,Ego Petrus Raimundi confiteor et recognosco tibi W,"Amalric 1248 (Blancard), no. 559 (t. II, p. 97)",entry by private contract
AMA-0577-C,TS2,single-venture,"cum qua comanda ibo, Deo dante, in proximo viagio quod facturus sum, apud Bogiam","Amalric 1248 (Blancard), no. 577 (t. II, p. 105)","one voyage or venture, returning to the home port"
AMA-0577-C,CF1,1,"Ego Mosse de Accone, judeus, civis Massilie, confiteor & recognosco tibi Petro Cres- teng me habuisse & recepisse in comanda","Amalric 1248 (Blancard), no. 577 (t. II, p. 105)",capital from the investor side only; the other party works
AMA-0577-C,CF3,bilateral,"Ego Mosse de Accone, judeus, civis Massilie, confiteor & recognosco tibi Petro Cres- teng me habuisse & recepisse in comanda","Amalric 1248 (Blancard), no. 577 (t. II, p. 105)",1 principal(s) named
AMA-0577-C,MB3,voluntary,"Ego Mosse de Accone, judeus, civis Massilie, confiteor & recognosco tibi Petro Cres- teng me habuisse & recepisse in comanda","Amalric 1248 (Blancard), no. 577 (t. II, p. 105)",entry by private contract
AMA-0582-C,TS2,single-venture,"cum qua comanda ibo , Deo dante, in proximo viagio quod facturus sum in bucio nave","Amalric 1248 (Blancard), no. 582 (t. II, p. 107)","one voyage or venture, returning to the home port"
AMA-0582-C,CF1,1,"Ego Hugo de Massilia, filius Corrani Pecolli quondam, confiteor et recognosco tibi W","Amalric 1248 (Blancard), no. 582 (t. II, p. 107)",capital from the investor side only; the other party works
AMA-0582-C,CF3,bilateral,"Ego Hugo de Massilia, filius Corrani Pecolli quondam, confiteor et recognosco tibi W","Amalric 1248 (Blancard), no. 582 (t. II, p. 107)",1 principal(s) named
AMA-0582-C,MB3,voluntary,"Ego Hugo de Massilia, filius Corrani Pecolli quondam, confiteor et recognosco tibi W","Amalric 1248 (Blancard), no. 582 (t. II, p. 107)",entry by private contract
AMA-0594-C,TS2,single-venture,"cum qua comanda ibo , Deo dante, in proximo viagio quod facturus sum apud Bogiam","Amalric 1248 (Blancard), no. 594 (t. II, p. 113)","one voyage or venture, returning to the home port"
AMA-0594-C,CF1,1,"Ego Modafar, judeus, filius Bonasse quondam, confiteor et recognosco tibi Bon- isaac Ferrerio, judeo, me habuisse et recepisse","Amalric 1248 (Blancard), no. 594 (t. II, p. 113)",capital from the investor side only; the other party works
AMA-0594-C,CF3,bilateral,"Ego Modafar, judeus, filius Bonasse quondam, confiteor et recognosco tibi Bon- isaac Ferrerio, judeo, me habuisse et recepisse","Amalric 1248 (Blancard), no. 594 (t. II, p. 113)",1 principal(s) named
AMA-0594-C,MB3,voluntary,"Ego Modafar, judeus, filius Bonasse quondam, confiteor et recognosco tibi Bon- isaac Ferrerio, judeo, me habuisse et recepisse","Amalric 1248 (Blancard), no. 594 (t. II, p. 113)",entry by private contract
AMA-0603-C,TS2,single-venture,"cum qua comanda ibo , Deo dante, in proximo viagio quod facturus sum apud Bogiam","Amalric 1248 (Blancard), no. 603 (t. II, p. 116)","one voyage or venture, returning to the home port"
AMA-0603-C,CF1,1,"Ego Leonetus Ferrusolus, filius Salomonis Ferrusoli, confiteor & recognosco tibi Mars- sellesio Costantino, campsori, me habuisse & recepisse","Amalric 1248 (Blancard), no. 603 (t. II, p. 116)",capital from the investor side only; the other party works
AMA-0603-C,CF3,bilateral,"Ego Leonetus Ferrusolus, filius Salomonis Ferrusoli, confiteor & recognosco tibi Mars- sellesio Costantino, campsori, me habuisse & recepisse","Amalric 1248 (Blancard), no. 603 (t. II, p. 116)",1 principal(s) named
AMA-0603-C,MB3,voluntary,"Ego Leonetus Ferrusolus, filius Salomonis Ferrusoli, confiteor & recognosco tibi Mars- sellesio Costantino, campsori, me habuisse & recepisse","Amalric 1248 (Blancard), no. 603 (t. II, p. 116)",entry by private contract
AMA-0613-C,TS2,single-venture,"cum qua comanda ibo , Deo dante, in proximo viagio quod facturus sum apud Bogiam","Amalric 1248 (Blancard), no. 613 (t. II, p. 119)","one voyage or venture, returning to the home port"
AMA-0613-C,CF1,1,"Ego Crescas Ferrusolus , filius Jacob Ferrusoli, confiteor et recognosco tibi Ansa- reto, judeo , filio Abrahe, me habuisse & recepisse","Amalric 1248 (Blancard), no. 613 (t. II, p. 119)",capital from the investor side only; the other party works
AMA-0613-C,CF3,bilateral,"Ego Crescas Ferrusolus , filius Jacob Ferrusoli, confiteor et recognosco tibi Ansa- reto, judeo , filio Abrahe, me habuisse & recepisse","Amalric 1248 (Blancard), no. 613 (t. II, p. 119)",1 principal(s) named
AMA-0613-C,MB3,voluntary,"Ego Crescas Ferrusolus , filius Jacob Ferrusoli, confiteor et recognosco tibi Ansa- reto, judeo , filio Abrahe, me habuisse & recepisse","Amalric 1248 (Blancard), no. 613 (t. II, p. 119)",entry by private contract
AMA-0623-C,TS2,single-venture,"cum qua comanda ibo, Deo dante, in proximo viagio quod facturus sum apud Bogiam","Amalric 1248 (Blancard), no. 623 (t. II, p. 123)","one voyage or venture, returning to the home port"
AMA-0623-C,CF1,1,"Ego Petrus de Cauz confiteor & recognosco tibi Alazacie, uxori Laurencii Michelis , me habuisse & recepisse","Amalric 1248 (Blancard), no. 623 (t. II, p. 123)",capital from the investor side only; the other party works
AMA-0623-C,CF3,bilateral,"Ego Petrus de Cauz confiteor & recognosco tibi Alazacie, uxori Laurencii Michelis , me habuisse & recepisse","Amalric 1248 (Blancard), no. 623 (t. II, p. 123)",1 principal(s) named
AMA-0623-C,MB3,voluntary,"Ego Petrus de Cauz confiteor & recognosco tibi Alazacie, uxori Laurencii Michelis , me habuisse & recepisse","Amalric 1248 (Blancard), no. 623 (t. II, p. 123)",entry by private contract
AMA-0650-C,TS2,single-venture,"135 - comanda ibo, Deo dante, in proximo viagio quod facturus sum apud Montempessulanum in galea Petri Bonifacii","Amalric 1248 (Blancard), no. 650 (t. II, p. 134)","one voyage or venture, returning to the home port"
AMA-0650-C,CF1,1,"Ego Bertolomeus de Manuasca, civis Massilie, confiteor & recognosco tibi Johanni Arnaudo me habuisse & recepisse in comanda a","Amalric 1248 (Blancard), no. 650 (t. II, p. 134)",capital from the investor side only; the other party works
AMA-0650-C,CF3,multilateral,"Huguetus Pisanus, filius Girardi Pisani, habet in hac comanda","Amalric 1248 (Blancard), no. 650 (t. II, p. 134)",investor states Huguetus Pisanus holds 16 l. 9 s. in the comanda
AMA-0650-C,MB3,voluntary,"Ego Bertolomeus de Manuasca, civis Massilie, confiteor & recognosco tibi Johanni Arnaudo me habuisse & recepisse in comanda a","Amalric 1248 (Blancard), no. 650 (t. II, p. 134)",entry by private contract
AMA-0671-C,TS2,single-venture,"cum qua comanda ibo, Deo dante, in pro- ximo viagio quod facturus sum apud Bogiam","Amalric 1248 (Blancard), no. 671 (t. II, p. 141)","one voyage or venture, returning to the home port"
AMA-0671-C,CF1,1,"Ego Wº de Riperiis confiteor & recognosco tibi Noe Preposito , civi Massilie, me habuisse & recepisse","Amalric 1248 (Blancard), no. 671 (t. II, p. 141)",capital from the investor side only; the other party works
AMA-0671-C,CF3,bilateral,"Ego Wº de Riperiis confiteor & recognosco tibi Noe Preposito , civi Massilie, me habuisse & recepisse","Amalric 1248 (Blancard), no. 671 (t. II, p. 141)",1 principal(s) named
AMA-0671-C,MB3,voluntary,"Ego Wº de Riperiis confiteor & recognosco tibi Noe Preposito , civi Massilie, me habuisse & recepisse","Amalric 1248 (Blancard), no. 671 (t. II, p. 141)",entry by private contract
AMA-0678-C,TS2,single-venture,"145 - comanda ibo, Deo dante, in proximo viagio quod facturus sum apud Bogiam, in nave Raimundi de Mossono et","Amalric 1248 (Blancard), no. 678 (t. II, p. 144)","one voyage or venture, returning to the home port"
AMA-0678-C,CF1,1,"Ego Givaudus Nizes confiteor & recognosco tibi Hugoni B[overio , camp]sori, me habuisse & recepisse","Amalric 1248 (Blancard), no. 678 (t. II, p. 144)",capital from the investor side only; the other party works
AMA-0678-C,CF3,bilateral,"Ego Givaudus Nizes confiteor & recognosco tibi Hugoni B[overio , camp]sori, me habuisse & recepisse","Amalric 1248 (Blancard), no. 678 (t. II, p. 144)",1 principal(s) named
AMA-0678-C,MB3,voluntary,"Ego Givaudus Nizes confiteor & recognosco tibi Hugoni B[overio , camp]sori, me habuisse & recepisse","Amalric 1248 (Blancard), no. 678 (t. II, p. 144)",entry by private contract
AMA-0687-C,TS2,single-venture,"cum qua comanda ibimus, Deo dante, in proximo viagio quod facturi sumus apud Valenciam","Amalric 1248 (Blancard), no. 687 (t. II, p. 150)","one voyage or venture, returning to the home port"
AMA-0687-C,CF1,1,"Nos Bonusinfans, filius Jacop quondam , et Bonus dominus, filius Astrugui, et Bona- fossus , filius Vitalis quondam, judei, confitemur & recognoscimus tibi W","Amalric 1248 (Blancard), no. 687 (t. II, p. 150)",capital from the investor side only; the other party works
AMA-0687-C,CF3,bilateral,"Nos Bonusinfans, filius Jacop quondam , et Bonus dominus, filius Astrugui, et Bona- fossus , filius Vitalis quondam, judei, confitemur & recognoscimus tibi W","Amalric 1248 (Blancard), no. 687 (t. II, p. 150)",1 principal(s) named
AMA-0687-C,MB3,voluntary,"Nos Bonusinfans, filius Jacop quondam , et Bonus dominus, filius Astrugui, et Bona- fossus , filius Vitalis quondam, judei, confitemur & recognoscimus tibi W","Amalric 1248 (Blancard), no. 687 (t. II, p. 150)",entry by private contract
AMA-0705-C,TS2,single-venture,"cum qua comanda ibimus, Deo dante, in proximo viagio quod facturi sumus apud Valentiam","Amalric 1248 (Blancard), no. 705 (t. II, p. 157)","one voyage or venture, returning to the home port"
AMA-0705-C,CF1,1,"Nos Bonusinfans, filius Jacop quondam, et Bonusdominus , filius Astrugui, & Bona- fos , filius Vitalis quondam, confitemur & recognos- cimus tibi W° de Cadeneto, nos habuisse et recepisse in comanda","Amalric 1248 (Blancard), no. 705 (t. II, p. 157)",capital from the investor side only; the other party works
AMA-0705-C,CF3,bilateral,"Nos Bonusinfans, filius Jacop quondam, et Bonusdominus , filius Astrugui, & Bona- fos , filius Vitalis quondam, confitemur & recognos- cimus tibi W° de Cadeneto, nos habuisse et recepisse in comanda","Amalric 1248 (Blancard), no. 705 (t. II, p. 157)",1 principal(s) named
AMA-0705-C,MB3,voluntary,"Nos Bonusinfans, filius Jacop quondam, et Bonusdominus , filius Astrugui, & Bona- fos , filius Vitalis quondam, confitemur & recognos- cimus tibi W° de Cadeneto, nos habuisse et recepisse in comanda","Amalric 1248 (Blancard), no. 705 (t. II, p. 157)",entry by private contract
AMA-0718-C,TS2,single-venture,"cum qua comanda ibo , Deo dante, in proximo viagio quod facturus sum apud Acconem","Amalric 1248 (Blancard), no. 718 (t. II, p. 162)","one voyage or venture, returning to the home port"
AMA-0718-C,CF1,1,"Ego Silvester de Biteri confiteor & recognosco tibi Simoni Marinerio, campsori, me habuisse & recepisse","Amalric 1248 (Blancard), no. 718 (t. II, p. 162)",capital from the investor side only; the other party works
AMA-0718-C,CF3,multilateral,in hac comanda habet Marinus de Sala xx 1,"Amalric 1248 (Blancard), no. 718 (t. II, p. 162)",investor states Marinus de Sala holds 20 l. in the comanda
AMA-0718-C,MB3,voluntary,"Ego Silvester de Biteri confiteor & recognosco tibi Simoni Marinerio, campsori, me habuisse & recepisse","Amalric 1248 (Blancard), no. 718 (t. II, p. 162)",entry by private contract
AMA-0740-C,TS2,single-venture,"cum qua comanda ibo , Deo dante, in proximo viagio quod facturus sum apud Pisis","Amalric 1248 (Blancard), no. 740 (t. II, p. 172)","one voyage or venture, returning to the home port"
AMA-0740-C,CF1,1,"XIII kalendas junii. Ego R. Cornutus , filius Bernardi Cornuti , confiteor et recognosco tibi Johanni de Ulmo , campsori","Amalric 1248 (Blancard), no. 740 (t. II, p. 172)",capital from the investor side only; the other party works
AMA-0740-C,CF3,bilateral,"XIII kalendas junii. Ego R. Cornutus , filius Bernardi Cornuti , confiteor et recognosco tibi Johanni de Ulmo , campsori","Amalric 1248 (Blancard), no. 740 (t. II, p. 172)",1 principal(s) named
AMA-0740-C,MB3,voluntary,"XIII kalendas junii. Ego R. Cornutus , filius Bernardi Cornuti , confiteor et recognosco tibi Johanni de Ulmo , campsori","Amalric 1248 (Blancard), no. 740 (t. II, p. 172)",entry by private contract
AMA-0810-C,TS2,single-venture,"cum qua comanda ibo , Deo dante, in proximo viagio quod fac- turus sum apud Mayoricas","Amalric 1248 (Blancard), no. 810 (t. II, p. 205)","one voyage or venture, returning to the home port"
AMA-0810-C,CF1,1,"Ego Bonusisaac Ferrusolus , filius Bonijude quondam, confiteor et recognosco tibi Petro Imberto de Aquis, filio Imberti de Aquis quon-","Amalric 1248 (Blancard), no. 810 (t. II, p. 205)",capital from the investor side only; the other party works
AMA-0810-C,CF3,bilateral,"Ego Bonusisaac Ferrusolus , filius Bonijude quondam, confiteor et recognosco tibi Petro Imberto de Aquis, filio Imberti de Aquis quon-","Amalric 1248 (Blancard), no. 810 (t. II, p. 205)",1 principal(s) named
AMA-0810-C,MB3,voluntary,"Ego Bonusisaac Ferrusolus , filius Bonijude quondam, confiteor et recognosco tibi Petro Imberto de Aquis, filio Imberti de Aquis quon-","Amalric 1248 (Blancard), no. 810 (t. II, p. 205)",entry by private contract
AMA-0931-C,TS2,single-venture,"Massilia vel cum ea ire in quocunque viagio Deus michi ordinaverit, causa mercadarie , ad fortunam Dei et","Amalric 1248 (Blancard), no. 931 (t. II, p. 261)","one voyage or venture, returning to the home port"
AMA-0931-C,CF1,1,"Eodem die & loco . Ego W. Cogorda de Montepessu- lano confiteor & recognosco tibi Johanino de Clavari , januensi, me hab","Amalric 1248 (Blancard), no. 931 (t. II, p. 261)",capital from the investor side only; the other party works
AMA-0931-C,CF2,0,"mercadarie , ad fortunam Dei et usum maris & terre et tuum resegum, et ad quartam partem lucri","Amalric 1248 (Blancard), no. 931 (t. II, p. 261)",peril clause puts the investor's capital at the investor's peril
AMA-0931-C,CF3,bilateral,"Eodem die & loco . Ego W. Cogorda de Montepessu- lano confiteor & recognosco tibi Johanino de Clavari , januensi, me hab","Amalric 1248 (Blancard), no. 931 (t. II, p. 261)",1 principal(s) named
AMA-0931-C,LR2,coupled,"fortunam Dei et usum maris & terre et tuum resegum, et ad quartam partem lucri","Amalric 1248 (Blancard), no. 931 (t. II, p. 261)",working party takes a share of profit
AMA-0931-C,LR3,P,"fortunam Dei et usum maris & terre et tuum resegum, et ad quartam partem lucri","Amalric 1248 (Blancard), no. 931 (t. II, p. 261)","profit shared by agreed fraction, not in proportion to capital stake"
AMA-0931-C,LR6,upside-only,"mercadarie , ad fortunam Dei et usum maris & terre et tuum resegum, et ad quartam partem lucri","Amalric 1248 (Blancard), no. 931 (t. II, p. 261)",shares gains; the capital travels at the investor's peril
AMA-0931-C,RB1,capital-provider,"mercadarie , ad fortunam Dei et usum maris & terre et tuum resegum, et ad quartam partem lucri","Amalric 1248 (Blancard), no. 931 (t. II, p. 261)",peril clause
AMA-0931-C,RB4,1,"mercadarie , ad fortunam Dei et usum maris & terre et tuum resegum, et ad quartam partem lucri","Amalric 1248 (Blancard), no. 931 (t. II, p. 261)",capital at the investor's peril: the working party is discharged if it is lost (inference from the clause)
AMA-0931-C,PR1,0,"mercadarie , ad fortunam Dei et usum maris & terre et tuum resegum, et ad quartam partem lucri","Amalric 1248 (Blancard), no. 931 (t. II, p. 261)",peril allocated with no charge set for bearing it
AMA-0931-C,MC1,allocation,"mercadarie , ad fortunam Dei et usum maris & terre et tuum resegum, et ad quartam partem lucri","Amalric 1248 (Blancard), no. 931 (t. II, p. 261)",peril assigned to named parties by contract
AMA-0931-C,MB3,voluntary,"Eodem die & loco . Ego W. Cogorda de Montepessu- lano confiteor & recognosco tibi Johanino de Clavari , januensi, me hab","Amalric 1248 (Blancard), no. 931 (t. II, p. 261)",entry by private contract
AMA-0041-S,TS2,fixed-term,hinc ad unum annum continuum et com- pletum,"Amalric 1248 (Blancard), no. 41 (t. I, p. 280)",from the duration clause
AMA-0041-S,CF1,1,"nos ambo et uterque nostrum in solidum confite- mur & recognoscimus vobisW°de Balneoliset Agneti, conjugibus, nos habuisse","Amalric 1248 (Blancard), no. 41 (t. I, p. 280)",capital from the investor side only; the other party works
AMA-0041-S,CF2,1,totum capitale cum me- dietate lucri reducere in posse vestri,"Amalric 1248 (Blancard), no. 41 (t. I, p. 280)",unconditional promise by the working party to return the whole capital
AMA-0041-S,CF3,multilateral,"nos ambo et uterque nostrum in solidum confite- mur & recognoscimus vobisW°de Balneoliset Agneti, conjugibus, nos habuisse","Amalric 1248 (Blancard), no. 41 (t. I, p. 280)",2 principal(s) named
AMA-0041-S,LR2,coupled,"debemus tenere salvas in terra, infra Massiliam, ad medietatem lucri quam nos habere debemus et vos aliam","Amalric 1248 (Blancard), no. 41 (t. I, p. 280)",working party takes a share of profit
AMA-0041-S,LR3,P,"debemus tenere salvas in terra, infra Massiliam, ad medietatem lucri quam nos habere debemus et vos aliam","Amalric 1248 (Blancard), no. 41 (t. I, p. 280)","profit shared by agreed fraction, not in proportion to capital stake"
AMA-0041-S,LR6,symmetric,totum capitale cum me- dietate lucri reducere in posse vestri,"Amalric 1248 (Blancard), no. 41 (t. I, p. 280)","exposed to losses on his own contribution or by guarantee of capital, and shares gains"
AMA-0041-S,MB3,voluntary,"nos ambo et uterque nostrum in solidum confite- mur & recognoscimus vobisW°de Balneoliset Agneti, conjugibus, nos habuisse","Amalric 1248 (Blancard), no. 41 (t. I, p. 280)",entry by private contract
AMA-0112-S,TS2,single-venture,"et companhia ibo, Deo dante, in proximo viagio quod facturus sum apud Acconem, in nave Raimundi Sifredi que","Amalric 1248 (Blancard), no. 112 (t. I, p. 310)","one voyage or venture, returning to the home port"
AMA-0112-S,CF1,P,"qua companhia debeo adjungere lx I. turonensium de meo, et debeo habere medietalem hicri et tu","Amalric 1248 (Blancard), no. 112 (t. I, p. 310)",both sides contribute capital; one side travels or works
AMA-0112-S,CF2,0,"ad fortunam Dei et usum maris et tuum resegum, et meum pro porcione mea dicte companhie","Amalric 1248 (Blancard), no. 112 (t. I, p. 310)",peril clause puts the investor's capital at the investor's peril ; the working party bears only his own portion
AMA-0112-S,CF3,bilateral,"Ego Petrus Cambafort, filius Giraudi Cambafort de Montepessulano, confiteor & [p","Amalric 1248 (Blancard), no. 112 (t. I, p. 310)",1 principal(s) named
AMA-0112-S,LR2,coupled,"resegum, et meum pro porcione mea dicte companhie, et ad quartam partem lucri dlcti commande, que quarta","Amalric 1248 (Blancard), no. 112 (t. I, p. 310)",working party takes a share of profit
AMA-0112-S,LR3,P,"resegum, et meum pro porcione mea dicte companhie, et ad quartam partem lucri dlcti commande, que quarta","Amalric 1248 (Blancard), no. 112 (t. I, p. 310)","profit shared by agreed fraction, not in proportion to capital stake"
AMA-0112-S,LR6,symmetric,"qua companhia debeo adjungere lx I. turonensium de meo, et debeo habere medietalem hicri et tu","Amalric 1248 (Blancard), no. 112 (t. I, p. 310)","exposed to losses on his own contribution or by guarantee of capital, and shares gains"
AMA-0112-S,CI1,common,"qua companhia debeo adjungere lx I. turonensium de meo, et debeo habere medietalem hicri et tu","Amalric 1248 (Blancard), no. 112 (t. I, p. 310)",contributions merged in one stock
AMA-0112-S,RB1,shared,"ad fortunam Dei et usum maris et tuum resegum, et meum pro porcione mea dicte companhie","Amalric 1248 (Blancard), no. 112 (t. I, p. 310)",peril clause
AMA-0112-S,PR1,0,"ad fortunam Dei et usum maris et tuum resegum, et meum pro porcione mea dicte companhie","Amalric 1248 (Blancard), no. 112 (t. I, p. 310)",peril allocated with no charge set for bearing it
AMA-0112-S,MC1,allocation,"ad fortunam Dei et usum maris et tuum resegum, et meum pro porcione mea dicte companhie","Amalric 1248 (Blancard), no. 112 (t. I, p. 310)",peril assigned to named parties by contract
AMA-0112-S,MB3,voluntary,"Ego Petrus Cambafort, filius Giraudi Cambafort de Montepessulano, confiteor & [p","Amalric 1248 (Blancard), no. 112 (t. I, p. 310)",entry by private contract
AMA-0164-S,TS2,fixed-term,hinc ad festum S. Michaelis proxime venturum,"Amalric 1248 (Blancard), no. 164 (t. I, p. 332)",from the duration clause
AMA-0164-S,CF1,1,"Ego Petrus Anglicus, pellerius, confiteor & recognosco tibi Petro Pellerio, civi Massi- lie, me habuisse & récépissé","Amalric 1248 (Blancard), no. 164 (t. I, p. 332)",capital from the investor side only; the other party works
AMA-0164-S,CF2,1,"totum capitale, scilicet xv I. pre- dictas regalium vel xviiii 1. monete miscue, si tune tempore esset curribilis in Massilia, reducereinposse tuo","Amalric 1248 (Blancard), no. 164 (t. I, p. 332)",unconditional promise by the working party to return the whole capital
AMA-0164-S,CF3,bilateral,"Ego Petrus Anglicus, pellerius, confiteor & recognosco tibi Petro Pellerio, civi Massi- lie, me habuisse & récépissé","Amalric 1248 (Blancard), no. 164 (t. I, p. 332)",1 principal(s) named
AMA-0164-S,LR2,coupled,"Michaelis proxime venturum, ad medietatem lucri quam inde babere debeo, et tu aliam","Amalric 1248 (Blancard), no. 164 (t. I, p. 332)",working party takes a share of profit
AMA-0164-S,LR3,P,"Michaelis proxime venturum, ad medietatem lucri quam inde babere debeo, et tu aliam","Amalric 1248 (Blancard), no. 164 (t. I, p. 332)","profit shared by agreed fraction, not in proportion to capital stake"
AMA-0164-S,LR6,symmetric,"totum capitale, scilicet xv I. pre- dictas regalium vel xviiii 1. monete miscue, si tune tempore esset curribilis in Massilia, reducereinposse tuo","Amalric 1248 (Blancard), no. 164 (t. I, p. 332)","exposed to losses on his own contribution or by guarantee of capital, and shares gains"
AMA-0164-S,MB3,voluntary,"Ego Petrus Anglicus, pellerius, confiteor & recognosco tibi Petro Pellerio, civi Massi- lie, me habuisse & récépissé","Amalric 1248 (Blancard), no. 164 (t. I, p. 332)",entry by private contract
AMA-0204-S,CF1,1,Eodem die & loco. Ego R. de Nercio confiteor & reco- gnosco vobis Berengario Eguizerio & Petio Boquerio me habuisse & ré,"Amalric 1248 (Blancard), no. 204 (t. I, p. 349)",capital from the investor side only; the other party works
AMA-0204-S,CF3,multilateral,liane coinandam esse de societate quam [p. 330] habemus cum \V° de Cadeneto et Raimundo Borgun- dione,"Amalric 1248 (Blancard), no. 204 (t. I, p. 349)","two investors, who state the comanda belongs to their societas with W. de Cadeneto and Raimundus Borgundio"
AMA-0204-S,CI1,common,"curribilis in Massilia, impli- catas in comunibus implicitis meis, renuncians etc","Amalric 1248 (Blancard), no. 204 (t. I, p. 349)",capital invested or charged in common with other capital
AMA-0204-S,MB3,voluntary,Eodem die & loco. Ego R. de Nercio confiteor & reco- gnosco vobis Berengario Eguizerio & Petio Boquerio me habuisse & ré,"Amalric 1248 (Blancard), no. 204 (t. I, p. 349)",entry by private contract
AMA-0236-S,TS2,single-venture,"conpanliia ibo, Deo dante, in proximo viagio quod facturus sum apud Acconem in nave Raimundi Sifredi que","Amalric 1248 (Blancard), no. 236 (t. I, p. 364)","one voyage or venture, returning to the home port"
AMA-0236-S,CF1,P,debeo ego adjungere de meo x 1,"Amalric 1248 (Blancard), no. 236 (t. I, p. 364)",both sides contribute capital; one side travels or works
AMA-0236-S,CF2,0,"ad fortunam Dei et usum maris, et reseguin dicti \Y et meî, proportio- nibus supradictis","Amalric 1248 (Blancard), no. 236 (t. I, p. 364)",peril clause puts the investor's capital at the investor's peril ; the working party bears only his own portion
AMA-0236-S,CF3,bilateral,"Ego Durantus Jobannes de Mon- tepessulano confiteor et recognosco tibi Stephano Folcaudo, quem confiteor esse procuratorem","Amalric 1248 (Blancard), no. 236 (t. I, p. 364)",1 principal(s) named
AMA-0236-S,LR2,coupled,"dicti \Y et meî, proportio- nibus supradictis, et ad medietatem lucri quod ego debeo habere et dictus W","Amalric 1248 (Blancard), no. 236 (t. I, p. 364)",working party takes a share of profit
AMA-0236-S,LR3,P,"dicti \Y et meî, proportio- nibus supradictis, et ad medietatem lucri quod ego debeo habere et dictus W","Amalric 1248 (Blancard), no. 236 (t. I, p. 364)","profit shared by agreed fraction, not in proportion to capital stake"
AMA-0236-S,LR6,symmetric,debeo ego adjungere de meo x 1,"Amalric 1248 (Blancard), no. 236 (t. I, p. 364)","exposed to losses on his own contribution or by guarantee of capital, and shares gains"
AMA-0236-S,CI1,common,debeo ego adjungere de meo x 1,"Amalric 1248 (Blancard), no. 236 (t. I, p. 364)",contributions merged in one stock
AMA-0236-S,RB1,shared,"ad fortunam Dei et usum maris, et reseguin dicti \Y et meî, proportio- nibus supradictis","Amalric 1248 (Blancard), no. 236 (t. I, p. 364)",peril clause
AMA-0236-S,PR1,0,"ad fortunam Dei et usum maris, et reseguin dicti \Y et meî, proportio- nibus supradictis","Amalric 1248 (Blancard), no. 236 (t. I, p. 364)",peril allocated with no charge set for bearing it
AMA-0236-S,MC1,allocation,"ad fortunam Dei et usum maris, et reseguin dicti \Y et meî, proportio- nibus supradictis","Amalric 1248 (Blancard), no. 236 (t. I, p. 364)",peril assigned to named parties by contract
AMA-0236-S,MB3,voluntary,"Ego Durantus Jobannes de Mon- tepessulano confiteor et recognosco tibi Stephano Folcaudo, quem confiteor esse procuratorem","Amalric 1248 (Blancard), no. 236 (t. I, p. 364)",entry by private contract
AMA-0239-S,TS2,single-venture,"qua conpanhia ibo, Deo dante, in proximo viagio quod facturus sum apud Acconera, in nave Raimundi Sifredi que","Amalric 1248 (Blancard), no. 239 (t. I, p. 365)","one voyage or venture, returning to the home port"
AMA-0239-S,CF1,P,debeo adjungere de meo xxxv 1,"Amalric 1248 (Blancard), no. 239 (t. I, p. 365)",both sides contribute capital; one side travels or works
AMA-0239-S,CF3,bilateral,"Eodeni die et loco. Kgo Hugo de Beteria conliteor el recognosco tibi Pelro de Beteria, fratri nieo, me liabuisse et récé","Amalric 1248 (Blancard), no. 239 (t. I, p. 365)",1 principal(s) named
AMA-0239-S,LR2,coupled,et ad medietatem lucri etc,"Amalric 1248 (Blancard), no. 239 (t. I, p. 365)",working party takes a share of profit
AMA-0239-S,LR3,P,et ad medietatem lucri etc,"Amalric 1248 (Blancard), no. 239 (t. I, p. 365)","profit shared by agreed fraction, not in proportion to capital stake"
AMA-0239-S,LR6,symmetric,debeo adjungere de meo xxxv 1,"Amalric 1248 (Blancard), no. 239 (t. I, p. 365)","exposed to losses on his own contribution or by guarantee of capital, and shares gains"
AMA-0239-S,CI1,common,debeo adjungere de meo xxxv 1,"Amalric 1248 (Blancard), no. 239 (t. I, p. 365)",contributions merged in one stock
AMA-0239-S,MB3,voluntary,"Eodeni die et loco. Kgo Hugo de Beteria conliteor el recognosco tibi Pelro de Beteria, fratri nieo, me liabuisse et récé","Amalric 1248 (Blancard), no. 239 (t. I, p. 365)",entry by private contract
AMA-0348-S,TS2,single-venture,"implicatas in comunibus impli- citis cum qua conpanhia ibo, mcis, ronuncians, etc","Amalric 1248 (Blancard), no. 348 (t. I, p. 405)","one voyage or venture, returning to the home port"
AMA-0348-S,CF3,bilateral,"Ego Hugo de Templo, filius de W Templo quondam,conûteoret recognosco tibi Aicardo de Templo, fratri meo, me habuisse et récépissé ex [p","Amalric 1248 (Blancard), no. 348 (t. I, p. 405)",1 principal(s) named
AMA-0348-S,LR2,coupled,"maris, et tuum reseg-um et meum pro medietate, et ad medietatem lucri quam compahiam promito tibi per","Amalric 1248 (Blancard), no. 348 (t. I, p. 405)",working party takes a share of profit
AMA-0348-S,LR3,P,"maris, et tuum reseg-um et meum pro medietate, et ad medietatem lucri quam compahiam promito tibi per","Amalric 1248 (Blancard), no. 348 (t. I, p. 405)","profit shared by agreed fraction, not in proportion to capital stake"
AMA-0348-S,CI1,common,"modo curribilis in Massilia, implicatas in comunibus impli- citis cum qua conpanhia ibo, mcis","Amalric 1248 (Blancard), no. 348 (t. I, p. 405)",capital invested or charged in common with other capital
AMA-0348-S,RB1,shared,tuum reseg-um et meum pro medietate,"Amalric 1248 (Blancard), no. 348 (t. I, p. 405)",peril clause
AMA-0348-S,PR1,0,tuum reseg-um et meum pro medietate,"Amalric 1248 (Blancard), no. 348 (t. I, p. 405)",peril allocated with no charge set for bearing it
AMA-0348-S,MC1,allocation,tuum reseg-um et meum pro medietate,"Amalric 1248 (Blancard), no. 348 (t. I, p. 405)",peril assigned to named parties by contract
AMA-0348-S,MB3,voluntary,"Ego Hugo de Templo, filius de W Templo quondam,conûteoret recognosco tibi Aicardo de Templo, fratri meo, me habuisse et récépissé ex [p","Amalric 1248 (Blancard), no. 348 (t. I, p. 405)",entry by private contract
AMA-0429-S,TS2,single-venture,"quas habuero, ibo , Deo dante, in proximo viagio quod facturus sum apud Acconem vel in Sicilia vel ubicunque","Amalric 1248 (Blancard), no. 429 (t. II, p. 35)","one voyage or venture, returning to the home port"
AMA-0429-S,CF1,P,"com- panhia , ego debeo adjungere de meo LxxxvII 1","Amalric 1248 (Blancard), no. 429 (t. II, p. 35)",both sides contribute capital; one side travels or works
AMA-0429-S,CF2,0,tuum resegum et meum,"Amalric 1248 (Blancard), no. 429 (t. II, p. 35)",peril clause puts the investor's capital at the investor's peril ; the working party bears only his own portion
AMA-0429-S,CF3,multilateral,Ego Durandus Clericus de Mon- tealbano confiteor et recognosco tibi Bernardo de Porta me habuisse et recepisse in companhia,"Amalric 1248 (Blancard), no. 429 (t. II, p. 35)",3 principal(s) named
AMA-0429-S,LR2,coupled,"36 - et tuum resegum et meum , et ad medietatem lucri quod inde habere debeo, et tu aliam","Amalric 1248 (Blancard), no. 429 (t. II, p. 35)",working party takes a share of profit
AMA-0429-S,LR3,P,"36 - et tuum resegum et meum , et ad medietatem lucri quod inde habere debeo, et tu aliam","Amalric 1248 (Blancard), no. 429 (t. II, p. 35)","profit shared by agreed fraction, not in proportion to capital stake"
AMA-0429-S,LR6,symmetric,"com- panhia , ego debeo adjungere de meo LxxxvII 1","Amalric 1248 (Blancard), no. 429 (t. II, p. 35)","exposed to losses on his own contribution or by guarantee of capital, and shares gains"
AMA-0429-S,CI1,common,"com- panhia , ego debeo adjungere de meo LxxxvII 1","Amalric 1248 (Blancard), no. 429 (t. II, p. 35)",contributions merged in one stock
AMA-0429-S,RB1,shared,tuum resegum et meum,"Amalric 1248 (Blancard), no. 429 (t. II, p. 35)",peril clause
AMA-0429-S,PR1,0,tuum resegum et meum,"Amalric 1248 (Blancard), no. 429 (t. II, p. 35)",peril allocated with no charge set for bearing it
AMA-0429-S,MC1,allocation,tuum resegum et meum,"Amalric 1248 (Blancard), no. 429 (t. II, p. 35)",peril assigned to named parties by contract
AMA-0429-S,MB3,voluntary,Ego Durandus Clericus de Mon- tealbano confiteor et recognosco tibi Bernardo de Porta me habuisse et recepisse in companhia,"Amalric 1248 (Blancard), no. 429 (t. II, p. 35)",entry by private contract
AMA-0442-S,TS2,single-venture,"com- panhia ibo, Deo dante , in proximo viagio quod factu- rus sum apud Pisis vel alibi , causa mercadarie","Amalric 1248 (Blancard), no. 442 (t. II, p. 40)","one voyage or venture, returning to the home port"
AMA-0442-S,CF1,P,in qua ego adjunxi de meo alias ccxx l,"Amalric 1248 (Blancard), no. 442 (t. II, p. 40)",both sides contribute capital; one side travels or works
AMA-0442-S,CF2,0,tuum resegum et meum,"Amalric 1248 (Blancard), no. 442 (t. II, p. 40)",peril clause puts the investor's capital at the investor's peril ; the working party bears only his own portion
AMA-0442-S,CF3,bilateral,"Ego Petrus Ebrardi junior confi- teor & recognosco tibi Augerio Vaidenuecgz , sororio meo , me habuisse & recepisse , ex","Amalric 1248 (Blancard), no. 442 (t. II, p. 40)",1 principal(s) named
AMA-0442-S,LR2,coupled,"fortunam Dei & usum maris et tuum resegum et meum, & ad medietatem lucri quod inde debeo habere, et tu aliam","Amalric 1248 (Blancard), no. 442 (t. II, p. 40)",working party takes a share of profit
AMA-0442-S,LR3,1,"fortunam Dei & usum maris et tuum resegum et meum, & ad medietatem lucri quod inde debeo habere, et tu aliam","Amalric 1248 (Blancard), no. 442 (t. II, p. 40)",profit shared in proportion to capital
AMA-0442-S,LR6,symmetric,in qua ego adjunxi de meo alias ccxx l,"Amalric 1248 (Blancard), no. 442 (t. II, p. 40)","exposed to losses on his own contribution or by guarantee of capital, and shares gains"
AMA-0442-S,CI1,common,in qua ego adjunxi de meo alias ccxx l,"Amalric 1248 (Blancard), no. 442 (t. II, p. 40)",contributions merged in one stock
AMA-0442-S,RB1,shared,tuum resegum et meum,"Amalric 1248 (Blancard), no. 442 (t. II, p. 40)",peril clause
AMA-0442-S,PR1,0,tuum resegum et meum,"Amalric 1248 (Blancard), no. 442 (t. II, p. 40)",peril allocated with no charge set for bearing it
AMA-0442-S,MC1,allocation,tuum resegum et meum,"Amalric 1248 (Blancard), no. 442 (t. II, p. 40)",peril assigned to named parties by contract
AMA-0442-S,MB3,voluntary,"Ego Petrus Ebrardi junior confi- teor & recognosco tibi Augerio Vaidenuecgz , sororio meo , me habuisse & recepisse , ex","Amalric 1248 (Blancard), no. 442 (t. II, p. 40)",entry by private contract
AMA-0467-S,TS2,single-venture,"cum qua conpanhia ibo , Deo dante, in proximo viagio quod facturus sum apud Messanam","Amalric 1248 (Blancard), no. 467 (t. II, p. 51)","one voyage or venture, returning to the home port"
AMA-0467-S,CF1,P,"qua con- panhia ego adjunxi de meo tantundem corralli , renuncians, etc","Amalric 1248 (Blancard), no. 467 (t. II, p. 51)",both sides contribute capital; one side travels or works
AMA-0467-S,CF2,0,"alia, ad fortunam Dei & usum maris et resegum dicti W' de Banco et ad medietatem lucri. Testes :","Amalric 1248 (Blancard), no. 467 (t. II, p. 51)",peril clause puts the investor's capital at the investor's peril
AMA-0467-S,CF3,bilateral,"Eodem die et loco. Ego W. Saillenbarcha confiteor & recognosco tibi Raimundo Morruco, quem confiteor 52 esse procuratore","Amalric 1248 (Blancard), no. 467 (t. II, p. 51)",1 principal(s) named
AMA-0467-S,LR2,coupled,Dei & usum maris et resegum dicti W' de Banco et ad medietatem lucri,"Amalric 1248 (Blancard), no. 467 (t. II, p. 51)",working party takes a share of profit
AMA-0467-S,LR3,P,Dei & usum maris et resegum dicti W' de Banco et ad medietatem lucri,"Amalric 1248 (Blancard), no. 467 (t. II, p. 51)","profit shared by agreed fraction, not in proportion to capital stake"
AMA-0467-S,LR6,symmetric,"qua con- panhia ego adjunxi de meo tantundem corralli , renuncians, etc","Amalric 1248 (Blancard), no. 467 (t. II, p. 51)","exposed to losses on his own contribution or by guarantee of capital, and shares gains"
AMA-0467-S,CI1,common,"qua con- panhia ego adjunxi de meo tantundem corralli , renuncians, etc","Amalric 1248 (Blancard), no. 467 (t. II, p. 51)",contributions merged in one stock
AMA-0467-S,RB1,capital-provider,"alia, ad fortunam Dei & usum maris et resegum dicti W' de Banco et ad medietatem lucri. Testes :","Amalric 1248 (Blancard), no. 467 (t. II, p. 51)",peril clause
AMA-0467-S,RB4,1,"alia, ad fortunam Dei & usum maris et resegum dicti W' de Banco et ad medietatem lucri. Testes :","Amalric 1248 (Blancard), no. 467 (t. II, p. 51)",capital at the investor's peril: the working party is discharged if it is lost (inference from the clause)
AMA-0467-S,PR1,0,"alia, ad fortunam Dei & usum maris et resegum dicti W' de Banco et ad medietatem lucri. Testes :","Amalric 1248 (Blancard), no. 467 (t. II, p. 51)",peril allocated with no charge set for bearing it
AMA-0467-S,MC1,allocation,"alia, ad fortunam Dei & usum maris et resegum dicti W' de Banco et ad medietatem lucri. Testes :","Amalric 1248 (Blancard), no. 467 (t. II, p. 51)",peril assigned to named parties by contract
AMA-0467-S,MB3,voluntary,"Eodem die et loco. Ego W. Saillenbarcha confiteor & recognosco tibi Raimundo Morruco, quem confiteor 52 esse procuratore","Amalric 1248 (Blancard), no. 467 (t. II, p. 51)",entry by private contract
AMA-0486-S,TS2,single-venture,"sibi ad invicem per stipulacionem ire apud Acconem in nave que dicitur Sicarda, ad fortu- nam Dei et usum","Amalric 1248 (Blancard), no. 486 (t. II, p. 62)","one voyage or venture, returning to the home port"
AMA-0486-S,CF1,0,"contraxerunt inter se societatem in hunc modum in- frascriptum , scilicet : confessus","Amalric 1248 (Blancard), no. 486 (t. II, p. 62)",all parties contribute and work
AMA-0486-S,LR3,P,"resegum ipsorum pro por- cionibus predictis, & ad medietatem lucri quod debent habere dictus R","Amalric 1248 (Blancard), no. 486 (t. II, p. 62)","profit shared by agreed fraction, not in proportion to capital stake"
AMA-0486-S,LR2,coupled,"resegum ipsorum pro por- cionibus predictis, & ad medietatem lucri quod debent habere dictus R","Amalric 1248 (Blancard), no. 486 (t. II, p. 62)",all partners work and share profit
AMA-0486-S,LR6,symmetric,"resegum ipsorum pro por- cionibus predictis, & ad medietatem lucri quod debent habere dictus R","Amalric 1248 (Blancard), no. 486 (t. II, p. 62)",all partners bear their own contributions and share gains
AMA-0486-S,CI1,common,Hugoni quod idem Hugo ministrat XLVI 1,"Amalric 1248 (Blancard), no. 486 (t. II, p. 62)",contributions merged in one stock
AMA-0486-S,RB1,shared,resegum ipsorum pro por- cionibus predictis,"Amalric 1248 (Blancard), no. 486 (t. II, p. 62)",peril clause
AMA-0486-S,PR1,0,resegum ipsorum pro por- cionibus predictis,"Amalric 1248 (Blancard), no. 486 (t. II, p. 62)",peril allocated with no charge set for bearing it
AMA-0486-S,MC1,allocation,resegum ipsorum pro por- cionibus predictis,"Amalric 1248 (Blancard), no. 486 (t. II, p. 62)",peril assigned to named parties by contract
AMA-0486-S,MB3,voluntary,"contraxerunt inter se societatem in hunc modum in- frascriptum , scilicet : confessus","Amalric 1248 (Blancard), no. 486 (t. II, p. 62)",entry by private contract
AMA-0512-S,TS2,single-venture,"cum qua comanda ibo , Deo dante, in proximo viagio quod facturus sum apud Januam","Amalric 1248 (Blancard), no. 512 (t. II, p. 74)","one voyage or venture, returning to the home port"
AMA-0512-S,CF1,1,"Ego Arnaudus Salvator, civis Massilie, confiteor & recognosco vobis Raimundo de Limars et Raimundo Dalani et Ricardo de","Amalric 1248 (Blancard), no. 512 (t. II, p. 74)",capital from the investor side only; the other party works
AMA-0512-S,CF3,multilateral,"Ego Arnaudus Salvator, civis Massilie, confiteor & recognosco vobis Raimundo de Limars et Raimundo Dalani et Ricardo de","Amalric 1248 (Blancard), no. 512 (t. II, p. 74)",3 principal(s) named
AMA-0512-S,LR2,coupled,"nave vel lignum seu ligna vos tres debetis habere medietatem indiviso, solutis a vobis illud quod navis","Amalric 1248 (Blancard), no. 512 (t. II, p. 74)",working party takes a share of profit
AMA-0512-S,LR3,P,"nave vel lignum seu ligna vos tres debetis habere medietatem indiviso, solutis a vobis illud quod navis","Amalric 1248 (Blancard), no. 512 (t. II, p. 74)","profit shared by agreed fraction, not in proportion to capital stake"
AMA-0512-S,MB3,voluntary,"Ego Arnaudus Salvator, civis Massilie, confiteor & recognosco vobis Raimundo de Limars et Raimundo Dalani et Ricardo de","Amalric 1248 (Blancard), no. 512 (t. II, p. 74)",entry by private contract
AMA-0611-S,TS2,single-venture,"cum qua comanda ibo, Deo dante, ubicunque Deus michi ordinaverit causa mercaderie","Amalric 1248 (Blancard), no. 611 (t. II, p. 118)","one voyage or venture, returning to the home port"
AMA-0611-S,CF1,1,"Ego Durantus Clericus confiteor et recognosco tibiGiraudo de Manhano, quem confiteor esse procuratorem","Amalric 1248 (Blancard), no. 611 (t. II, p. 118)",capital from the investor side only; the other party works
AMA-0611-S,CF3,multilateral,"Ego Durantus Clericus confiteor et recognosco tibiGiraudo de Manhano, quem confiteor esse procuratorem","Amalric 1248 (Blancard), no. 611 (t. II, p. 118)",3 principal(s) named
AMA-0611-S,MB3,voluntary,"Ego Durantus Clericus confiteor et recognosco tibiGiraudo de Manhano, quem confiteor esse procuratorem","Amalric 1248 (Blancard), no. 611 (t. II, p. 118)",entry by private contract
AMA-0697-S,TS2,single-venture,"Vitalis quondam, volentes ire in viagio Valencie in ligno Bertrandi Belpel quod dicitur Leopardus","Amalric 1248 (Blancard), no. 697 (t. II, p. 153)","one voyage or venture, returning to the home port"
AMA-0697-S,CF1,0,"contraxerunt societatem inter se in hunc modum infrascriptum, scilicet quod lucrum","Amalric 1248 (Blancard), no. 697 (t. II, p. 153)",all parties contribute and work
AMA-0697-S,LR3,P,"alteri ipsorum, quot cunque sunt, sint eis communes equis porcionibus in viagio supra dicto , et omnes implicite","Amalric 1248 (Blancard), no. 697 (t. II, p. 153)","profit shared by agreed fraction, not in proportion to capital stake"
AMA-0697-S,LR2,coupled,"alteri ipsorum, quot cunque sunt, sint eis communes equis porcionibus in viagio supra dicto , et omnes implicite","Amalric 1248 (Blancard), no. 697 (t. II, p. 153)",all partners work and share profit
AMA-0697-S,LR6,symmetric,"alteri ipsorum, quot cunque sunt, sint eis communes equis porcionibus in viagio supra dicto , et omnes implicite","Amalric 1248 (Blancard), no. 697 (t. II, p. 153)",all partners bear their own contributions and share gains
AMA-0697-S,LR4,1,"lucrum omnium coman- darum factarum ipsis tribus vel alteri ipsorum, quot cunque sunt, sint eis communes equis porcionibus","Amalric 1248 (Blancard), no. 697 (t. II, p. 153)","three travellers pool the profit of every comanda any of them holds, on one voyage in one vessel; own excess capital shares pro solido et libra; oath on the Law of Moses"
AMA-0697-S,LR5,synchronising,volentes ire in viagio Valencie in ligno Bertrandi Belpel,"Amalric 1248 (Blancard), no. 697 (t. II, p. 153)","three travellers pool the profit of every comanda any of them holds, on one voyage in one vessel; own excess capital shares pro solido et libra; oath on the Law of Moses"
AMA-0697-S,MB3,voluntary,"contraxerunt societatem inter se in hunc modum infrascriptum, scilicet quod lucrum","Amalric 1248 (Blancard), no. 697 (t. II, p. 153)",entry by private contract
AMA-0755-S,TS2,open,per tantum temporis quantum tu & dictus Johan- nes volueritis,"Amalric 1248 (Blancard), no. 755 (t. II, p. 179)",from the duration clause
AMA-0755-S,CF1,1,"Ego Giraudus Ruffus, de Insula Venaissini , confiteor & recognosco tibi Wº de Cadeneto , quem confiteor esse procuratorem Johannis","Amalric 1248 (Blancard), no. 755 (t. II, p. 179)",capital from the investor side only; the other party works
AMA-0755-S,CF2,1,dictas LXIIII 1. cum medietate lucri tibi vel dicto Johanni reddere,"Amalric 1248 (Blancard), no. 755 (t. II, p. 179)",unconditional promise by the working party to return the whole capital
AMA-0755-S,CF3,bilateral,"Ego Giraudus Ruffus, de Insula Venaissini , confiteor & recognosco tibi Wº de Cadeneto , quem confiteor esse procuratorem Johannis","Amalric 1248 (Blancard), no. 755 (t. II, p. 179)",1 principal(s) named
AMA-0755-S,LR2,coupled,"temporis quantum tu & dictus Johan- nes volueritis , ad medietatem lucri quod inde habere debes, & dictus Johannes","Amalric 1248 (Blancard), no. 755 (t. II, p. 179)",working party takes a share of profit
AMA-0755-S,LR3,P,"temporis quantum tu & dictus Johan- nes volueritis , ad medietatem lucri quod inde habere debes, & dictus Johannes","Amalric 1248 (Blancard), no. 755 (t. II, p. 179)","profit shared by agreed fraction, not in proportion to capital stake"
AMA-0755-S,LR6,symmetric,dictas LXIIII 1. cum medietate lucri tibi vel dicto Johanni reddere,"Amalric 1248 (Blancard), no. 755 (t. II, p. 179)","exposed to losses on his own contribution or by guarantee of capital, and shares gains"
AMA-0755-S,CI2,0,per tantum temporis quantum tu & dictus Johan- nes volueritis,"Amalric 1248 (Blancard), no. 755 (t. II, p. 179)",drafted in comanda seu societate; kept salvas in terra as long as the investor wishes; half profit; account quandocunque volueritis
AMA-0755-S,MB3,voluntary,"Ego Giraudus Ruffus, de Insula Venaissini , confiteor & recognosco tibi Wº de Cadeneto , quem confiteor esse procuratorem Johannis","Amalric 1248 (Blancard), no. 755 (t. II, p. 179)",entry by private contract
AMA-0760-S,TS2,fixed-term,in duos annos continuos & completos,"Amalric 1248 (Blancard), no. 760 (t. II, p. 182)",from the duration clause
AMA-0760-S,CF1,P,conpanhia ego debeo adjungere de meo L 1,"Amalric 1248 (Blancard), no. 760 (t. II, p. 182)",both sides contribute capital; one side travels or works
AMA-0760-S,CF2,1,"dictas cxxv 1. cum medietate lucri, ut dictum est, tibi dare et solvere in fine dictorum duorum annorum","Amalric 1248 (Blancard), no. 760 (t. II, p. 182)",unconditional promise by the working party to return the whole capital
AMA-0760-S,CF3,bilateral,"Ego Bernardus de Sancto Vic- tore, filius Petri de Sancto Victore , auctoritate dicti patris mei presentis, volentis et confitentis, confiteor & recognosco tibi Wº de Sancto Siro me habuisse & recepisse","Amalric 1248 (Blancard), no. 760 (t. II, p. 182)",1 principal(s) named
AMA-0760-S,LR2,coupled,"venturo in duos annos continuos & completos, & habere medietatem lucri quod Deus cum dicta companhia michi","Amalric 1248 (Blancard), no. 760 (t. II, p. 182)",working party takes a share of profit
AMA-0760-S,LR3,P,"venturo in duos annos continuos & completos, & habere medietatem lucri quod Deus cum dicta companhia michi","Amalric 1248 (Blancard), no. 760 (t. II, p. 182)","profit shared by agreed fraction, not in proportion to capital stake"
AMA-0760-S,LR6,symmetric,"dictas cxxv 1. cum medietate lucri, ut dictum est, tibi dare et solvere in fine dictorum duorum annorum","Amalric 1248 (Blancard), no. 760 (t. II, p. 182)","exposed to losses on his own contribution or by guarantee of capital, and shares gains"
AMA-0760-S,CI1,common,conpanhia ego debeo adjungere de meo L 1,"Amalric 1248 (Blancard), no. 760 (t. II, p. 182)",contributions merged in one stock
AMA-0760-S,RB3,surety,"ego dictus Petrus de Sancto Victore, pater dicti Bernardi, costituo et obligo me tibi dicto W° de Sancto Siro debitorem & paccatorem","Amalric 1248 (Blancard), no. 760 (t. II, p. 182)",surety
AMA-0760-S,MB3,voluntary,"Ego Bernardus de Sancto Vic- tore, filius Petri de Sancto Victore , auctoritate dicti patris mei presentis, volentis et confitentis, confiteor & recognosco tibi Wº de Sancto Siro me habuisse & recepisse","Amalric 1248 (Blancard), no. 760 (t. II, p. 182)",entry by private contract (working party acts by his father's order)
AMA-0774-S,TS2,single-venture,"debeo ire apud Pisis, vel ubicunque Deus michi ordinaverit, causa mercadarie","Amalric 1248 (Blancard), no. 774 (t. II, p. 189)","one voyage or venture, returning to the home port"
AMA-0774-S,CF1,P,societate ego debeo adjungere de meo alias L1,"Amalric 1248 (Blancard), no. 774 (t. II, p. 189)",both sides contribute capital; one side travels or works
AMA-0774-S,CF2,0,tuum resegum & meum,"Amalric 1248 (Blancard), no. 774 (t. II, p. 189)",peril clause puts the investor's capital at the investor's peril ; the working party bears only his own portion
AMA-0774-S,CF3,bilateral,"Ego Aicardus de Templo confiteor & recognosco tibi Hugoni Boverio, campsori, me habuisse & recepisse in","Amalric 1248 (Blancard), no. 774 (t. II, p. 189)",1 principal(s) named
AMA-0774-S,LR2,coupled,"usum maris & tuum resegum & meum, & tu debes habere medietatem in nave, vel navibus , seu lignis, seu in","Amalric 1248 (Blancard), no. 774 (t. II, p. 189)",working party takes a share of profit
AMA-0774-S,LR3,1,"usum maris & tuum resegum & meum, & tu debes habere medietatem in nave, vel navibus , seu lignis, seu in","Amalric 1248 (Blancard), no. 774 (t. II, p. 189)",profit shared in proportion to capital
AMA-0774-S,LR6,symmetric,societate ego debeo adjungere de meo alias L1,"Amalric 1248 (Blancard), no. 774 (t. II, p. 189)","exposed to losses on his own contribution or by guarantee of capital, and shares gains"
AMA-0774-S,CI1,common,societate ego debeo adjungere de meo alias L1,"Amalric 1248 (Blancard), no. 774 (t. II, p. 189)",contributions merged in one stock
AMA-0774-S,AP3,0,quod tu possis mutuo pecuniam accipere ad dictam navem vel bucium seu res alias emendas,"Amalric 1248 (Blancard), no. 774 (t. II, p. 189)","equal contributions to buy a ship, held half and half; investor licenses the traveller to borrow for the purchase and promises to repay him half the sum"
AMA-0774-S,LR1,unlimited-several,quod tu possis mutuo pecuniam accipere ad dictam navem vel bucium seu res alias emendas,"Amalric 1248 (Blancard), no. 774 (t. II, p. 189)","equal contributions to buy a ship, held half and half; investor licenses the traveller to borrow for the purchase and promises to repay him half the sum"
AMA-0774-S,RB1,shared,tuum resegum & meum,"Amalric 1248 (Blancard), no. 774 (t. II, p. 189)",peril clause
AMA-0774-S,PR1,0,tuum resegum & meum,"Amalric 1248 (Blancard), no. 774 (t. II, p. 189)",peril allocated with no charge set for bearing it
AMA-0774-S,MC1,allocation,tuum resegum & meum,"Amalric 1248 (Blancard), no. 774 (t. II, p. 189)",peril assigned to named parties by contract
AMA-0774-S,MB3,voluntary,"Ego Aicardus de Templo confiteor & recognosco tibi Hugoni Boverio, campsori, me habuisse & recepisse in","Amalric 1248 (Blancard), no. 774 (t. II, p. 189)",entry by private contract
AMA-0829-S,CF1,1,"Ego Bernardus de Sancto Victore confiteor & recognosco tibi Dulciano de Sancto Victore , fratri meo , me habuisse","Amalric 1248 (Blancard), no. 829 (t. II, p. 213)",capital from the investor side only; the other party works
AMA-0829-S,CF3,bilateral,"Ego Bernardus de Sancto Victore confiteor & recognosco tibi Dulciano de Sancto Victore , fratri meo , me habuisse","Amalric 1248 (Blancard), no. 829 (t. II, p. 213)",1 principal(s) named
AMA-0829-S,LR2,coupled,secundum quod Deus michi ordinaverit et debes habere medietatem lucri quod cum ea Deus michi facere permiserit,"Amalric 1248 (Blancard), no. 829 (t. II, p. 213)",working party takes a share of profit
AMA-0829-S,LR3,P,secundum quod Deus michi ordinaverit et debes habere medietatem lucri quod cum ea Deus michi facere permiserit,"Amalric 1248 (Blancard), no. 829 (t. II, p. 213)","profit shared by agreed fraction, not in proportion to capital stake"
AMA-0829-S,MB3,voluntary,"Ego Bernardus de Sancto Victore confiteor & recognosco tibi Dulciano de Sancto Victore , fratri meo , me habuisse","Amalric 1248 (Blancard), no. 829 (t. II, p. 213)",entry by private contract
AMA-0838-S,TS2,fixed-term,a festo Pente- coste proxime venturo in unum annum,"Amalric 1248 (Blancard), no. 838 (t. II, p. 217)",from the duration clause
AMA-0838-S,CF1,1,"nos habuisse et recepisse in comanda seu in societate , a te, xl","Amalric 1248 (Blancard), no. 838 (t. II, p. 217)",capital from the investor side only; the other party works
AMA-0838-S,CF3,bilateral,"nos habuisse et recepisse in comanda seu in societate , a te, xl","Amalric 1248 (Blancard), no. 838 (t. II, p. 217)",1 principal(s) named
AMA-0838-S,LR2,coupled,"coste proxime venturo in unum annum, et debemus habere medietatem lucri quod Deus cum dicta comanda nobis","Amalric 1248 (Blancard), no. 838 (t. II, p. 217)",working party takes a share of profit
AMA-0838-S,LR3,P,"coste proxime venturo in unum annum, et debemus habere medietatem lucri quod Deus cum dicta comanda nobis","Amalric 1248 (Blancard), no. 838 (t. II, p. 217)","profit shared by agreed fraction, not in proportion to capital stake"
AMA-0838-S,MB3,voluntary,"nos habuisse et recepisse in comanda seu in societate , a te, xl","Amalric 1248 (Blancard), no. 838 (t. II, p. 217)",entry by private contract
AMA-0870-S,TS2,single-venture,"cum qua conpahia ibo, Deo dante , in proximo viagio quod facturus sum apud Mayoricas","Amalric 1248 (Blancard), no. 870 (t. II, p. 231)","one voyage or venture, returning to the home port"
AMA-0870-S,CF1,P,qua conpanhia debeo adjungere de meo alias XVI 1,"Amalric 1248 (Blancard), no. 870 (t. II, p. 231)",both sides contribute capital; one side travels or works
AMA-0870-S,CF3,bilateral,"Ego Rollandus Vendemia, luquesius, confiteor et recognosco tibi Bartolomeo , filio Bene- dicti de Luca quondam, me","Amalric 1248 (Blancard), no. 870 (t. II, p. 231)",1 principal(s) named
AMA-0870-S,LR2,coupled,& debeo inde habere - 232 medietatem lucri de dicta conpahia & de loquerio meo,"Amalric 1248 (Blancard), no. 870 (t. II, p. 231)",working party takes a share of profit
AMA-0870-S,LR3,1,& debeo inde habere - 232 medietatem lucri de dicta conpahia & de loquerio meo,"Amalric 1248 (Blancard), no. 870 (t. II, p. 231)",profit shared in proportion to capital
AMA-0870-S,LR6,symmetric,qua conpanhia debeo adjungere de meo alias XVI 1,"Amalric 1248 (Blancard), no. 870 (t. II, p. 231)","exposed to losses on his own contribution or by guarantee of capital, and shares gains"
AMA-0870-S,CI1,common,qua conpanhia debeo adjungere de meo alias XVI 1,"Amalric 1248 (Blancard), no. 870 (t. II, p. 231)",contributions merged in one stock
AMA-0870-S,MB3,voluntary,"Ego Rollandus Vendemia, luquesius, confiteor et recognosco tibi Bartolomeo , filio Bene- dicti de Luca quondam, me","Amalric 1248 (Blancard), no. 870 (t. II, p. 231)",entry by private contract
AMA-0948-S,CF1,P,"contraxerunt inter se societatem seu companhiam in hunc modum infra- scriptum , videlicet","Amalric 1248 (Blancard), no. 948 (t. II, p. 269)",both sides contribute capital; one side travels or works
AMA-0948-S,CF3,bilateral,"contraxerunt inter se societatem seu companhiam in hunc modum infra- scriptum , videlicet","Amalric 1248 (Blancard), no. 948 (t. II, p. 269)",1 principal(s) named
AMA-0948-S,LR2,coupled,"debet eidem Bernardo et dicte Marie esse commune, equis portionibus","Amalric 1248 (Blancard), no. 948 (t. II, p. 269)",working party takes a share of profit
AMA-0948-S,LR3,P,"debet eidem Bernardo et dicte Marie esse commune, equis portionibus","Amalric 1248 (Blancard), no. 948 (t. II, p. 269)","profit shared by agreed fraction, not in proportion to capital stake"
AMA-0948-S,LR6,symmetric,"debet eidem Bernardo et dicte Marie esse commune, equis portionibus","Amalric 1248 (Blancard), no. 948 (t. II, p. 269)","exposed to losses on his own contribution or by guarantee of capital, and shares gains"
AMA-0948-S,MB3,voluntary,"contraxerunt inter se societatem seu companhiam in hunc modum infra- scriptum , videlicet","Amalric 1248 (Blancard), no. 948 (t. II, p. 269)",entry by private contract
AMA-1015-S,TS2,fixed-term,hinc ad unum annum conti- nuum & completum,"Amalric 1248 (Blancard), no. 1015 (t. II, p. 301)",from the duration clause
AMA-1015-S,CF1,1,"Ego Bertrandus Barracius confiteor et recognosco tibi Marie Bastonale, socrui mee, me habuisse et recepisse","Amalric 1248 (Blancard), no. 1015 (t. II, p. 301)",capital from the investor side only; the other party works
AMA-1015-S,CF2,1,totum capitale cum medietate lucri tibi portare & solvere in termino supradicto,"Amalric 1248 (Blancard), no. 1015 (t. II, p. 301)",unconditional promise by the working party to return the whole capital
AMA-1015-S,CF3,bilateral,"Ego Bertrandus Barracius confiteor et recognosco tibi Marie Bastonale, socrui mee, me habuisse et recepisse","Amalric 1248 (Blancard), no. 1015 (t. II, p. 301)",1 principal(s) named
AMA-1015-S,LR2,coupled,"salvas in terra, in ope- ratorio meo pelliparie, ad medietatem lucri quam inde habere debeo, et tu aliam","Amalric 1248 (Blancard), no. 1015 (t. II, p. 301)",working party takes a share of profit
AMA-1015-S,LR3,P,"salvas in terra, in ope- ratorio meo pelliparie, ad medietatem lucri quam inde habere debeo, et tu aliam","Amalric 1248 (Blancard), no. 1015 (t. II, p. 301)","profit shared by agreed fraction, not in proportion to capital stake"
AMA-1015-S,LR6,symmetric,totum capitale cum medietate lucri tibi portare & solvere in termino supradicto,"Amalric 1248 (Blancard), no. 1015 (t. II, p. 301)","exposed to losses on his own contribution or by guarantee of capital, and shares gains"
AMA-1015-S,MB3,voluntary,"Ego Bertrandus Barracius confiteor et recognosco tibi Marie Bastonale, socrui mee, me habuisse et recepisse","Amalric 1248 (Blancard), no. 1015 (t. II, p. 301)",entry by private contract
