instance_id,corpus,act_no,pdf_page_extract,page_printed,date,place,notary,editor_heading,act_type_latin,parties,n_parties,capital_stans,capital_tractator,currency,destination,duration_clause,profit_rule_quote,profit_rule,loss_rule_quote,loss_rule,peril_clause_quote,peril_clause,security_quote,security,remittance_clause_quote,remittance_clause,separate_investment_quote,separate_investment,side_amounts,penalty,ocr_flag,quote_checked_against_image,notes
SCR-0068-C,Giovanni Scriba I,68,37,37,1156-04-24,Genoa,Giovanni Scriba,Bono Vassallo Jfan·a.cio stipula un a accom endacio con Guglielmo Filardo per trafficare a :U essina e altrove (24 aprile 1156).,accomendatio,stans: W. Filardus | tractator: Bonus Vassallus Marracius,2,lb. qu inquaginta,0,lb. Genoese denarii,Messanam,"Has portare debeo apud Messanam laboratum et exinde quo voluero , qua rtam","debeo apud Messanam laboratum et exinde quo voluero , qua rtam ,proficui habere d ebeo et expensas d ebeo facere",quarter of profit to the working party,.NR,.NR,.NR,.NR,.NR,.NR,.NR,.NR,.NR,.NR,not extracted,.NR,yes,no,
SCR-0072-C,Giovanni Scriba I,72,39,39,1156-05-02,Genoa,Giovanni Scriba,Ruslacllio stipula con BO!lO Giovanni Malfìglia.~tro una comendacio per trafficare in Sicilia e altrove (2 maggio 1156).,accomendatio,stans: Bonus Iohannes Malfiliaster | tractator: Eustachius,2,lb. quinquagi nta duas et. sol. quatuor,0,lb. Genoese denarii,Sciciliam,"Euslachius societatem h ab ebat, debel laboratum portare apud Sciciliam et inde quo voluerit","rebus quas porlat, proficu i quod in cis Dcus dederit quartam hab ere de'bet",quarter of profit to the working party,.NR,.NR,.NR,.NR,.NR,.NR,.NR,.NR,"dcbet inde necessarias facere per libram ut de al iis rebus quas porlat, proficu i quod in",commingled,not extracted,.NR,yes,no,"carried with consent of Ingo de Volta, the traveller's socius"
SCR-0073-C,Giovanni Scriba I,73,39,39,1156-05-03,Genoa,Giovanni Scriba,1/arclH•11e Dormit or e Alessandro di Jngone ì\'a.sello stipula una com cndacio_con Guglielmo l 'rnto per tralfìcare a Salerno e altrove (3 maggio 1156).,accomendatio,stans: W. Ventus | tractator: Marchio Dormitor; Alexander Ingonis Naselli,3,not extracted,0,lb. Genoese denarii,.NR,has cl cb emus portare laboralum am bo apud Salcrnum et inde quo voluerimus ·dum insimul,.NR,.NR,.NR,.NR,.NR,.NR,.NR,.NR,.NR,.NR,.NR,.NR,not extracted,.NR,yes,no,two travellers
SCR-0089-C,Giovanni Scriba I,89,48,48,1156-06-30,Genoa,Giovanni Scriba,Ribaldo Castagna dichiara di a·ver ricevuto da Bigolo in commendatio nem diverse m erc i ch e trafficherà a Salerno e altrove (30 g iug no 1156).,accomendatio,stans: Bigolus | tractator: Ribaldus Castanea,2,not extracted,0,lb. Genoese denarii,Salernum,Hoc debeo portare ad luum resicum laboralum apud Salernum et deinde uhi,capitale et pro fìcuum tuum,gratis (no share to the working party),.NR,.NR,Hoc debeo portare ad luum resicum laboralum apud Salernum et deinde uhi,investor,.NR,.NR,.NR,.NR,.NR,.NR,not extracted,.NR,yes,yes,
SCR-0105-C,Giovanni Scriba I,105,56,56,1156-08-08,Genoa,Giovanni Scriba,"Gug lielmo di Sori dic l1ial'a di aver ricevalo in com endacione da Ogerio scril>a marabolin i, zafferano e comllo da commerciare ad .·llessandria e alt rove (8 agosto 11:)6).",accomendatio,stans: Ogerius scriba | tractator: W. de Sauri,2,libras .v.,0,lb. Genoese denarii,.NR,omn ia ad tuum resicum d ebeo portare Al ~ xandriam et inde q uo ivero,.NR,.NR,.NR,.NR,que omn ia ad tuum resicum d ebeo portare Al ~ xandriam et inde q uo,investor,.NR,.NR,.NR,.NR,.NR,.NR,not extracted,.NR,yes,yes,"date: day and month from the editor heading; year OCR-damaged, taken from neighbouring acts"
SCR-0118-C,Giovanni Scriba I,118,62,62,1156-08-20,Genoa,Giovanni Scriba,"Guglielmo di Sori dichiara di arer ricet'Ulo in comendacìon em da Ugon e di Baldezonc ima somm(t di denaro da portare ad Alessandria,, e riportare a. Genova ad resicum ciel medesimo (20 agosto 1156).",accomendatio,stans: Ugo de Baldezone | tractator: W. de Sauri,2,lb . . cc. minus s . . x 1.,0,lb. Genoese denarii,.NR,qua ad t uum resicum deb eo portar e Alexan cl riam et impli care et r educere tibi ad t uum resicum,.NR,.NR,.NR,.NR,qua ad t uum resicum deb eo portar e Alexan cl riam et impli,investor,.NR,.NR,.NR,.NR,.NR,.NR,not extracted,.NR,yes,yes,
SCR-0186-C,Giovanni Scriba I,186,100,"98, 99",1157-05-05,Genoa,Giovanni Scriba,Alessandm To1·sello confrae una comrnendacio con Cu.glielmo Filarcln (5 niaggio 1157).,accomendatio,stans: W. Filardus | tractator: Alexander Torsellus,2,lb. decem et octo et solclos sccleci m,0,lb. Genoese denarii,.NR,"octo et solclos sccleci m , quas portare debeo laboratum quo ivero , quartam proficui inde haberc cleb","sccleci m , quas portare debeo laboratum quo ivero , quartam proficui inde haberc cleb eo et fa cere",quarter of profit to the working party,.NR,.NR,.NR,.NR,.NR,.NR,.NR,.NR,haberc cleb eo et fa cere inde expensas sicu t de aliis,commingled,not extracted,.NR,yes,no,"date: day and month from the editor heading; year OCR-damaged, taken from neighbouring acts"
SCR-0241-C,Giovanni Scriba I,241,134,"130, 131",1157-08-18,Genoa,Giovanni Scriba,Bongiovanni Malfia liastro e Bonsignore Ruhco co11fl'(1ggono una socielas~ per traffici che farà ad Alessandria Bonsignore Rubeo (18 agosto 1157).,societas+accomendatio,stans: Bonus Iohannes Malfiliaster | tractator: Bonus Senior Rubeus,2,lb . . xxxm1. · et,0,lb. Genoese denarii,.NR,Hanc soc ielatem 1portare debet,de quibus debet habere quartam proficui quc venire debet in lucrum superioris,quarter of profit to the working party,.NR,.NR,.NR,.NR,.NR,.NR,.NR,.NR,.NR,.NR,not extracted,.NR,yes,no,"societas (34 lb. and 13 lb., half profit) plus a commendacio of 20 lb. 13 s. at a quarter, whose quarter falls into the societas profit; the act itself calls the side placement commendacio"
SCR-0287-C,Giovanni Scriba I,287,157,"153, 154",1151-09-10,Genoa,Giovanni Scriba,Gandolfo cli Gotizone stipula una accomendacio con Boia.monte di èio1Janni CrisUoni per m er ci che porlcr<l o Palermo (10 settembre 115ì).,accomendatio,stans: Boiamons Iohannis Christiani | tractator: Gandulfus de Gotizone,2,libras .xvm.,0,lb. Genoese denarii,.NR,Has portare deb eo la boratum P a lermum et incle quo ivero ve l mìttere,quicquid enim sunt vel erun t tibi esse debent,gratis (no share to the working party),.NR,.NR,Ad tuum resicum quicquid enim sunt vel erun t tibi esse,investor,.NR,.NR,.NR,.NR,.NR,.NR,not extracted,.NR,yes,yes,goods include a 24th share of a ship; date: editor heading (OCR normalised)
SCR-0747-C,Giovanni Scriba I,747,406,402,1160-08-27,Genoa,Giovanni Scriba,Opizon e contrae una corQmendacio con Otone giudice Di Castello (27 agosto 1160).,accomendatio,stans: Oto iudex de castro | tractator: Opizo,2,lb . . L III . et s .. m .,0,lb. Genoese denarii,.NR,"quas laboratum debet portare quo iverit , expendere debent per libràrrì sed",lucrum omn em d ebet esse ipsius Otonis,gratis (no share to the working party),.NR,.NR,.NR,.NR,.NR,.NR,.NR,.NR,.NR,.NR,not extracted,.NR,no,yes,
SCR-0012-S,Giovanni Scriba I,12,6,6,1155-03,Genoa,Giovanni Scriba,"Otobono e A ucello del fu Giovanni Menagu,crra stipulan o una societas per traffi ci che Ancello svolgerèt a Salem o e in Sicilia (marzo 1155).",societas,stans: Otobonus | tractator: Aucellus q. Iohannis Menaguerre,2,not extracted,"Oberlus Csusmaris, Lambertus Grillus, Olo Philippi (de castro fìlius). Otobonus et Aucellus quondaro Tohannis Menaguerre",lb. Genoese denarii,Salernum,"confessi quas omnes Aucellus (clebel) portare laboratum Salernum vel ex hi nc apud Scici liam, habiturus m","laboratum Salernum vel ex hi nc apud Scici liam, habiturus m edielatem profìcui quod ibi declcrit Dcus",half of profit to the working party,.NR,.NR,.NR,.NR,.NR,.NR,.NR,.NR,.NR,.NR,not extracted,.NR,yes,no,
SCR-0059-S,Giovanni Scriba I,59,32,32,1156-04-16,Genoa,Giovanni Scriba,Guglielmn Burone e l dnn c de Rica contraggono ima socielas per traffici che Jdone svolgerà a Bugia e altrove (16 aprile 1156).,societas,stans: W. Buronus | tractator: Ido de Rica,2,not extracted,librarum in qua quidem duas pa rtes Wuilielmum Buro nem cl terciam Tclonem contuli s e,lb. Genoese denarii,.NR,"nominalus Ido lnboratum clebel portare Du çeam cl ex hin c uhi ,·oluerit in reditu utriusq ue capitali",reditu utriusq ue capitali exlracto pro fìcuum d ebenl per m edium diviclere,half of profit to the working party,.NR,.NR,.NR,.NR,.NR,.NR,.NR,.NR,.NR,.NR,not extracted,.NR,yes,no,
SCR-0097-S,Giovanni Scriba I,97,51,"51, 52",1156-07-11,Genoa,Giovanni Scriba,C. Rm·one e Jclone Ma7lone crm trongono un a societas pc1· traffici c11e T<lrm<' forà in Rom ania. e alf1·ot>e (11 lug lio 1156) .,societas,stans: W. Buronus | tractator: Ido Mallonus,2,lb . .ccLv u1. tet: Ido .cxxxnu. et s . . Y.,Buronu s contulit lb,lb. Genoese denarii,.NR,Han c omn em socielatem laboralum portare debet ipse Ido in galeis Amigonis et fralrum apud Roman,"haberet si efficeretur h om o imperatoris d e h omine, ,p er m ed ium dividere <lebent",half of profit to the working party,.NR,.NR,.NR,.NR,.NR,.NR,.NR,.NR,.NR,.NR,not extracted,.NR,yes,no,profit includes what the traveller earns pro sua persona
SCR-0115-S,Giovanni Scriba I,115,61,61,1151-08-20,Genoa,Giovanni Scriba,"Ingone banchiere ed Eriberto da Rapallo danno in societatem una somma a Bonevila cognato di Gio·v anni Cristiani, per lraffìci che questo farà in Sicilia (20 agosto 115G).",societas,stans: Ingo bancherius; Eribertus rapallinus | tractator: Bonevita cognatus Iohannis Christiani,3,lb .. Lx.,0,lb. Genoese denarii,Sciciliam,"Johann is Christhiani , h as debet porta re laboralum in Sciciliam et exinde venire Ianuam , de omni pro","Sciciliam et exinde venire Ianuam , de omni pro ficuo quarlam habere debct",quarter of profit to the working party,.NR,.NR,.NR,.NR,.NR,.NR,.NR,.NR,.NR,.NR,not extracted,.NR,no,no,unilateral: only the two investors contribute; drafted in societatem; quarter to the traveller; date: editor heading (OCR normalised)
SCR-0126-S,Giovanni Scriba I,126,66,"66, 67",1156-08-24,Genoa,Giovanni Scriba,"Cu.glielmo A radello, Bono Giovanni Ma.lfigliastro, Matteo di Treia contraggono una societas per traffici che Matteo farà in Adalia e altrove (24 agosto 1156).",societas,stans: W. Aradellus; Bonus Johannes Malfiliaster | tractator: Matheus de Bonfanti,3,lb. .Lxxxxvr.,in guani quisque eorum contulit terciam,lb. Genoese denarii,Sataliam,Hap c omnem soc!etatem porta re dcbct laboralum ipse Matheus apud Sataliam et,"reditu, uniuscuiusquc capitali extracto, profìcuum per m ediu m dividere dcbent",half of profit to the working party,.NR,.NR,.NR,.NR,.NR,.NR,.NR,.NR,.NR,.NR,not extracted,.NR,yes,no,
SCR-0130-S,Giovanni Scriba I,130,68,"68, 69",1156-08-30,Genoa,Giovanni Scriba,"Cu.glielmo Buron e, Bon vassallo Clarilaula e Malleo Pignolo , stipulano un a socielas, per traffi ci m arittimi ch e i due ultimi effeltue1•anno , dichiarando di aver sistem ato ogni precedente rapporto di societas (30 agosto 1156).",societas,stans: W. Buronus | tractator: Bonus Vassallus Claritaula; Matheus Pignolus,3,lb. quin gentas sexag inla quatuor et,"em nongenla rum librarum in q uam, Wuilìelmus Buronus contul it lb",lb. Genoese denarii,.NR,De ista compagnia porlal laboratum Clarilaula lb,"reclitu , capitali diviso , profìcuum debent d ividere per medium",half of profit to the working party,.NR,.NR,.NR,.NR,.NR,.NR,.NR,.NR,.NR,.NR,not extracted,.NR,yes,no,two travellers; earlier societates divided and their cartulae voided
SCR-0141-S,Giovanni Scriba I,141,73,"73, 74",1156-09-26,Genoa,Giovanni Scriba,"Rongi()vann i Malfìgliasll'o, Guglielmo Aradello e Ogerio da Recco cont,.aggono società per ll'affìci c11 c Ogcrio da. Rccco f arà a Maiorca e alll'ove (26 sellembre 1156).",societas,stans: Bonus Iohannes Malfiliaster; W. Aradellus | tractator: Ogerius de Reco,3,lb .. vm. commun es 1pr,contraxcrunt societaleµi,lb. Genoese denarii,.NR,tum portare debcl' antefatu s Ogerius apud ~faiori ca m (4) et inde quo,"Arad elli , de quibus expen sas per libram et q uartam proficu i earum i11 ocietatis proficu um",half of profit on the societas; side placements at a quarter,.NR,.NR,.NR,.NR,.NR,.NR,.NR,.NR,.NR,.NR,not extracted,.NR,yes,no,"date: day and month from the editor heading; year OCR-damaged, taken from neighbouring acts"
SCR-0181-S,Giovanni Scriba I,181,98,96,1157-05-15,Genoa,Giovanni Scriba,Guglielmo Vento e Baldo Pulpo contraggono una societas per traffici marittimi che Baldo Pulpo farà ove crede (15 maggio 1157J.,societas,stans: W. Ventus | tractator: Baldo Pulpus,2,lb .. CL.,iposuisse quarum to tum proficuum debet,lb. Genoese denarii,.NR,"Rane omneµi societalem laboratum portare debet Baldo Pulpus laboratum quo voluerit (3), in redi",iposuisse quarum to tum proficuum debet esse suum preter quartam que debet reverti in societatem ilpsam (2),half of profit on the societas; side placements at a quarter,.NR,.NR,.NR,.NR,.NR,.NR,.NR,.NR,.NR,.NR,not extracted,.NR,yes,no,an earlier societas is declared transferred into this one
SCR-0201-S,Giovanni Scriba I,201,110,106,1157-06-21,Genoa,Giovanni Scriba,Macacio dichiara a Torto la som ma che ha cla lui in societatem e si obbliga di restituirla al suo rit orno a Lucca col relativo profitto (21 g iugno 11:) 7).,societas,stans: Tortus q. Gratiani | tractator: Machacius,2,libras centum septuag inta quatuor lucensium,Ego 'lach acius porto libras centum septuag inta quatuor lucensium in his sunt lb,lb. Genoese denarii,.NR,.NR,"debet h a bere proficuum secundum qu od ad racion em aliarum lucrabuntur, d e qui bus promilto",profit per libram,.NR,.NR,.NR,.NR,.NR,.NR,.NR,.NR,.NR,.NR,not extracted,.NR,yes,yes,"Lucca money; death clause in favour of Tortus's infants; complex allocation of 20 lb. at Tortus's peril not coded; date: day and month from the editor heading; year OCR-damaged, taken from neighbouring acts"
SCR-0209-S,Giovanni Scriba I,209,114,"110, 111",1157-06-28,Genoa,Giovanni Scriba,Guglielmo di Razedo dic11im·a d'a·uer ricevuto in socielàtem da Guglielmo Burone una somma di denaro ell e porterà labo ratum u.ltramare (28 g iug no 1157).,societas,stans: W. Buronus | tractator: W. de Razedo,2,not extracted,0,lb. Genoese denarii,.NR,"uar tam 1pro!ìr11i , eas deb co portar e laboralum ult ra mare et inde quo volucro , in reditu , (n tiren","tin i1orictatem ad q uar tam 1pro!ìr11i , eas deb co portar e laboralum",quarter of profit to the working party,.NR,.NR,.NR,.NR,.NR,.NR,.NR,.NR,.NR,.NR,not extracted,.NR,yes,no,"unilateral: drafted in societatem, only the investor contributes; quarter; oath; traveller bound to follow the investor's letters"
SCR-0211-S,Giovanni Scriba I,211,115,"111, 112",1151-07-02,Genoa,Giovanni Scriba,"Marchese e Guglielmo Trallanclo conl1'aggo110 una so cietas, p er trafft <'i <' '1c Cttglir lmo Trallando svolgerà in Romania e ultramarc (2 luglio 115i ).",societas,stans: Marchio de Volta | tractator: W. Trallandus,2,lb ..,Professus est preterea prefatus Marchio quod filius predicti Wuilielmi Trallandi,lb. Genoese denarii,Romaniam,Wuilielmus Tral'landus debet ire lahoratum quo voluerit excepto in Romaniam et ·ab Alexandria ultramare,ivisionem et cap itali extracto profìcuum debent dividere per medium,half of profit to the working party,.NR,.NR,.NR,.NR,.NR,.NR,.NR,.NR,.NR,.NR,not extracted,.NR,yes,yes,capital and profit to stay in the investor's power until division; date: editor heading (OCR normalised)
SCR-0220-S,Giovanni Scriba I,220,121,"117, 118",1157-07-21,Genoa,Giovanni Scriba,Pietro Eustachii e Ogerio figlio di Alcher contraggono una societas (1) Cancellato: Obertus de Vulturi. (2) Cance llato: W. Sacarellus. (3) Cancellato : is. (4) Cancellato: sine. per traffici che Ogerio svolgerà oltremare e poi acl Alessandria o a Genova (21 lugl\o 115i').,societas,stans: Petrus Eustachii | tractator: Oger filius Alcherii,2,lb . centum et,conlraxisse societalem in quam eorum allerutra 1professione Pelrus lb,lb. Genoese denarii,ultra mare,socielatem nominatus Oger debet portare laboratum ultra mare et inde Alexanddam vel Ianuarri et ab Alexandria,utriusque caipilali extracto proficuum d ebet dividere per m ed ium,half of profit to the working party,.NR,.NR,.NR,.NR,.NR,.NR,capitale reducet in potestatem prefati Petri ve! sui missi aut heredis,return into the investor's power,.NR,.NR,not extracted,.NR,yes,no,"traveller acts by his father's order; oath; date: day and month from the editor heading; year OCR-damaged, taken from neighbouring acts"
SCR-0241-S,Giovanni Scriba I,241,134,"130, 131",1157-08-18,Genoa,Giovanni Scriba,Bongiovanni Malfia liastro e Bonsignore Ruhco co11fl'(1ggono una socielas~ per traffici che farà ad Alessandria Bonsignore Rubeo (18 agosto 1157).,societas+accomendatio,stans: Bonus Iohannes Malfiliaster | tractator: Bonus Senior Rubeus,2,lb . . xxxm1. · et,contulit. Hanc soc ielatem 1portare debet,lb. Genoese denarii,.NR,Hanc soc ielatem 1portare debet,de quibus debet habere quartam proficui quc venire debet in lucrum superioris,half of profit on the societas; side placements at a quarter,.NR,.NR,.NR,.NR,.NR,.NR,.NR,.NR,.NR,.NR,not extracted,.NR,yes,no,
SCR-0254-S,Giovanni Scriba I,254,141,137,1157-08-25,Genoa,Giovanni Scriba,Oberto di Bontommaso el Ful cone Buferio contraggono una societas per traffici che Fnlconc Buferio svolgerà a Costantinopoli e altrove (25 agosto 115 i').,societas,stans: Obertus de Bonothome | tractator: Fulco Buferius,2,lb . centum et,quinquagin ta contulit. Han c omn em societatem lahoratum portare deb et Fulco Buferius a,lb. Genoese denarii,.NR,Han c omn em societatem lahoratum portare deb et Fulco Buferius a,.NR,.NR,.NR,.NR,.NR,.NR,.NR,.NR,.NR,.NR,.NR,.NR,not extracted,.NR,yes,no,"profit includes the traveller's personal earnings; date: day and month from the editor heading; year OCR-damaged, taken from neighbouring acts"
SCR-0259-S,Giovanni Scriba I,259,144,140,1151-08-26,Genoa,Giovanni Scriba,Guglielmo Scarsarias e Giovann i de Sestri stipulano u na sod etas per traffici elle Giovanni svolgerà in Sicilia (26 agosto 115ì).,societas,stans: W. Scarsaria | tractator: Iohannes de Segestri,2,not extracted,vigintisex contulil. Has Ioh annes predictus laboratum,lb. Genoese denarii,Sciciliam,"Has Ioh annes predictus laboratum portare d ebet Sciciliam et inde lanuam , in reditu in potestatem","uilielmi venire d ebet, tracto capitali pro fìcuum per medium div!dere per m edium",half of profit to the working party,.NR,.NR,.NR,.NR,.NR,.NR,.NR,.NR,.NR,.NR,not extracted,.NR,yes,no,"if the investor dies, the traveller answers to his nephew; date: editor heading (OCR normalised)"
SCR-0275-S,Giovanni Scriba I,275,152,148,1151-08-31,Genoa,Giovanni Scriba,"Otobono de vineis, Guglielmo di Roderico suo nipote e Oberto Rubeo convengono circa i capitali e i lucri di una socielas tra essi esistente (31 agosto 115ì ).",societas,stans: Otobonus de vineis; W. de Roderico | tractator: Obertus Rubeus,3,lb. centurn et pred ictus,contulerunt et prelerea confessus est ipse,lb. Genoese denarii,.NR,-et quocl ipse Ohertu111 laboratum portat inde lb,"reverti debet, de omni proficuo cuius societa tis medietas ipsius Obert i et al ia eorum esse debet (3)",half of profit to the working party,.NR,.NR,.NR,.NR,.NR,.NR,.NR,.NR,.NR,.NR,not extracted,.NR,yes,no,"restatement of an earlier societas, augmented; date: editor heading (OCR normalised)"
SCR-0283-S,Giovanni Scriba I,283,155,"151, 152",1157-09-12,Genoa,Giovanni Scriba,Ans.aldo l'oiadisco e Oberto Panen corpn conll'aggono una societas per commerci ch e Oberto farà in Sicilia (12 settembre 1157).,societas,stans: Ansaldus Voiadiscus | tractator: Obertus Panencorpo,2,lb .. xxxxvn . et s . .xu. et ipse,contraxerunt socielatem in quam Ansaldus lb,lb. Genoese denarii,Sciciliam,"Hanc laboratum Sciciliam ipse Obertus et inde Ianuam, in reditu tracto capitali","in reditu tracto capitali proficuum debent dividere per m edium, duodecini soldis Ansaldi quos ibi ultra",half of profit to the working party,.NR,.NR,.NR,.NR,.NR,.NR,.NR,.NR,.NR,.NR,not extracted,.NR,no,no,
SCR-0290-S,Giovanni Scriba I,290,159,155,1157-09-21,Genoa,Giovanni Scriba,"Bono l'assallo di l'icina, Marino Di Castello e Gandolfo Balbo contraggono una societas per traffici che i due ultimi farann o a r a/en:a (21 set tembre 115 7) .",societas,stans: Bonus Vassallus de Vicina; Bonus Vassallus de castro | tractator: Marinus de castro; Gandulfus Balbus,4,lb . . Ln. et s . . 11.,professi sunt se contraxissc socielalem i,lb. Genoese denarii,Valenciam,"Hanc omnem Valenciam laboralum a mbo et quo volu erinl , in reditu capita li traclo pro lìcuum","volu erinl , in reditu capita li traclo pro lìcuum per medium",half of profit to the working party,.NR,.NR,.NR,.NR,.NR,.NR,.NR,.NR,.NR,.NR,not extracted,.NR,yes,no,half of the investor's 104 lb. belongs to Bonus Vassallus de castro; two travellers
SCR-0324-S,Giovanni Scriba I,324,175,171,1158-12-30,Genoa,Giovanni Scriba,Iterio e< maestro de antelamo » e Guido « maestro cle antelamo » contraggono una societas per cinque anni per la fabbricazione di calcionarias operata da Guido (30 dicembre 1158).,societas,stans: Iterius magister antelami | tractator: Guido magister antelami,2,lb . . x. et,et Guido contulit lb,lb. Genoese denarii,.NR,usque .v. annos,fraude et de proficuo quod in eis Doµiinus dederit quartam habere debet Iterius et tres partes prefatus,quarter of profit to the working party,.NR,.NR,.NR,.NR,.NR,.NR,.NR,.NR,.NR,.NR,not extracted,.NR,no,yes,"artisans; five years; investor a quarter, worker three quarters; may be dissolved early by their decision if unprofitable; land-based"
SCR-0337-S,Giovanni Scriba I,337,181,177,1158-01-16,Genoa,Giovanni Scriba,Ronovassallo e Omodeo contraggono una societas per traffici che Omodeo svolgerà a Montpellie1· (16 gennaio 1158).,societas,stans: Bonus Vassallus de castro; Vassallus Cristan | tractator: Homodeus,3,lb .. v1. sunt d e societate quam hahet cum,societatem contraxerunt in quam ille lh,lb. Genoese denarii,.NR,esulanum et quo voluerit Homodeus laboratum 1 in reditu capitali tractu proficuum ·per medium,eius Bonivassalli portare que lucrari per libram et quartam :lucri in societatem,half of profit on the societas; side placements at a quarter,.NR,.NR,.NR,.NR,.NR,.NR,.NR,.NR,.NR,.NR,not extracted,.NR,yes,no,6 lb. of the investor's money are from his societas with Vassallus Cristan
SCR-0347-S,Giovanni Scriba I,347,186,182,1158-02-08,Genoa,Giovanni Scriba,Guglielmo Filardo e Tommaso Fomario contraggono una societas per traffici che Tommaso svolgerà a S. Egidio (8 febbraio llf>S1.,societas,stans: W. Filardus | tractator: Thomas Fornarius,2,lb .. xxx1. et terciam et,fecerunt societatem in quam W,lb. Genoese denarii,Sanctum Egid,"apud Sanctum Egid ium laboratum, inde Ianuam vel quo galeotus iverit, in reditu capitali tracto","galeotus iverit, in reditu capitali tracto profìcuum per rriedlum",half of profit to the working party,.NR,.NR,.NR,.NR,.NR,.NR,.NR,.NR,.NR,.NR,not extracted,.NR,yes,no,"date: day and month from the editor heading; year OCR-damaged, taken from neighbouring acts"
SCR-0355-S,Giovanni Scriba I,355,189,185,1158-02-14,Genoa,Giovanni Scriba,Pietro de Vendeçi riceve da Giovanni di A iiterio una somma di denaro in societatem che impiegherà in affari con il nipote suoAlbertone di Langasco (14 febbraio 1158).,societas,stans: Iohannes de Auterio | tractator: Petrus de Vendeci,2,lb . . vm.,0,lb. Genoese denarii,.NR,usq'ue proximum festum sancti l\lichaelis,de proficuo quod inde consequitur (1) med1etatem tibi dabo,half of profit to the working party,Capitale tuum super me sàlvuni erit,working party answers for capital,.NR,.NR,"l\lichaelis, quod nisi fecero penani d upli , bona p ignori, intrare et cetera, nomine vendi",general pledge,.NR,.NR,.NR,.NR,not extracted,"penani d upli , bona p ignori",yes,yes,"land-based, work done by the traveller's nephew; capital guaranteed by the working party; penalty of double and pledge of goods; term to Michaelmas; land-based"
SCR-0378-S,Giovanni Scriba I,378,202,198,1158-04-25,Genoa,Giovanni Scriba,C . S carsarias e Anfosso Buxon stipulan o una socieLas per traffici ch e Anfosso svolacrà a Tunisi e altrov e (25 april e 1158).,societas,stans: W. Scarsaria | tractator: Anfossus Buxon,2,lb .. x. s ..,"Anselrri us de Gotiçon e, Pet rus Hostaliboi (1), Otob on de Alb eri cis . ""\'V . Scarsar ias et An fossu s Buxon feceru",lb. Genoese denarii,.NR,\ nfossus laboratu m portare T un esim vel quo pro fì cisceretu r lignurri quo vadit,.NR,.NR,.NR,.NR,.NR,.NR,.NR,.NR,.NR,.NR,.NR,.NR,not extracted,.NR,yes,no,
SCR-0385-S,Giovanni Scriba I,385,206,"202, 203",1158-05-14,Genoa,Giovanni Scriba,Marchese Della Volta e Musso Scalcaveia contraggo no una societ.as per commàcio cli merci che Musso porterà in Sicilia e poi acl Alessandria (14 maggio 1158).,societas,stans: Marchio de Volta | tractator: Mussus Scalcaveia,2,lb. non aginta unam,fecerunl in quam 'farchio de Volta posuit lb,lb. Genoese denarii,Sciciliam,socielatem ipse 'russus cl ebet laboratum portare Sciciliam et in dc si voluerit,"reditu , capital i tracto, pro fìcuum dchenif <lividere p er medium , in potestatem March ionis de Volta venire",half of profit to the working party,.NR,.NR,.NR,.NR,.NR,.NR,.NR,.NR,.NR,.NR,not extracted,.NR,yes,no,
SCR-0393-S,Giovanni Scriba I,393,211,"207, 208",1158-06-11,Genoa,Giovanni Scriba,Guglielmo Pilarclo e .Baldezon Rav agna cnn trag(llmo una societas per f1'.a.ffici che Baldezon svolgerù acl Alessandria (11 p-iugno 1158).,societas,stans: W. Filardus | tractator: Baldezon Ravagna,2,lb .. xxxx. et,posuit. Ultra portat ipse l3aldeçon lb,lb. Genoese denarii,Alexandriam,"Hanc omn em societale,111 laboralum 1po1iare d eb et 13alcleçop Alexandriam (1) ad estivandu,111",lucrate fuerint per m edium dividere debent verumtatem expen sas facere,half of profit to the working party,.NR,.NR,.NR,.NR,.NR,.NR,.NR,.NR,.NR,.NR,not extracted,.NR,yes,no,"side capital of 152 lb. carried for the investor with all profit to him; date: day and month from the editor heading; year OCR-damaged, taken from neighbouring acts"
SCR-0402-S,Giovanni Scriba I,402,217,213,1158-06-27,Genoa,Giovanni Scriba,G. Scarsarias e Bonagente contraggono una societas per traffì..ci che. Bonagente farà a Salerno e poi ove vorrà (27 giugno 1158).,societas,stans: W. Scarsaria | tractator: Bonagens,2,lb .. Xli. et,et Bonagens contulit lb,lb. Genoese denarii,Salernum,"Hanc socielatem Bonagens portare debet laboratum apud Salernum et inde quo velit, in reditu autern","venire debet et, utriusque capitali extracto, proficuum per m edium dividere debent",half of profit to the working party,.NR,.NR,.NR,.NR,.NR,.NR,.NR,.NR,.NR,.NR,not extracted,.NR,yes,no,
SCR-0420-S,Giovanni Scriba I,420,227,223,1158-08-05,Genoa,Giovanni Scriba,S'olima di Salerno e Donato contraggono una societas per traffici che Donato farà in Sicilia (5 agosto 1158).,societas,stans: Solimanus de Salerno | tractator: Donatus,2,lb. quadraginta et,fecerunt societatem in quam ex eorum mutua 1professio ne Solimanus lb,lb. Genoese denarii,Salerno,"socielaterri Donatus Sciciliam portare laboratum indc Ian uam recljturus, in reditu autem , tracto","reditu autem , tracto capitali utriusque, proficuum per mediuµi dividere clebent",half of profit to the working party,.NR,.NR,.NR,.NR,.NR,.NR,.NR,.NR,.NR,.NR,not extracted,.NR,yes,no,
SCR-0437-S,Giovanni Scriba I,437,236,"232, 233",1158-08-16,Genoa,Giovanni Scriba,Solim.ano e Guglielmo Adrictus conlraggo11 0 una soci etas per traffì.ci rl1e il secondo f arà ìn Alessandria e poi oi·e vorrà (16 ago-,societas,stans: Solimanus de Salerno | tractator: W. Adrictus,2,lb . .CLXI. t . contulerunt capilalis.,contulerunt capilalis,lb. Genoese denarii,.NR,socielatem Wuilielmus Alexand riani laboratum portare debet et inde quo voluerit in red itu c,a1pitali tracto proficuum per medium divisuri,half of profit to the working party,.NR,.NR,.NR,.NR,.NR,.NR,.NR,.NR,.NR,.NR,not extracted,.NR,no,no,"date: day and month from the editor heading (month truncated ""ago-""); year from neighbouring acts"
SCR-0449-S,Giovanni Scriba I,449,243,239,1158-08-22,Genoa,Giovanni Scriba,Guglielmo Buron e Roger de fu.sta con traggono una societas per traffici che Roger farà. ultramare e dove meglio gli parrà (22 agosto 1158).,societas,stans: W. Buronus | tractator: Roger de Iusta,2,lb .. ccvm. et,fecerunt societatepi in qi,lb. Genoese denarii,ultramare,usque .m. annos,"o, proficuum debent dividere !Per medium",half of profit to the working party,.NR,.NR,.NR,.NR,.NR,.NR,.NR,.NR,.NR,.NR,not extracted,.NR,no,yes,three years; oath
SCR-0460-S,Giovanni Scriba I,460,248,"244, 245",1158-08-25,Genoa,Giovanni Scriba,Soliman.o di Salerno e Ccl /ario contraggono una socielas per commercio che Cellario svolgerà in Genova (25 agosto 1158).,societas,stans: Solimanus de Salerno | tractator: Cellarius,2,lb .. xvm. et,contulit et cum hac societate laborare,lb. Genoese denarii,SalernoJ.,usque unum anp.u:m,"Cellarius pro vianda debet de ~olmu ni percipere, medietatem clebet habere Solimanus et medietatem Cellarius",half of profit to the working party,.NR,.NR,.NR,.NR,.NR,.NR,.NR,.NR,.NR,.NR,not extracted,.NR,yes,yes,in Genoa for a year; profit includes the worker's personal earnings; allowance of 50 s. for food; land-based
SCR-0464-S,Giovanni Scriba I,464,250,246,1158-08-26,Genoa,Giovanni Scriba,Giovanni da Sestri e .4 nsaldo di Corsi contraggono una societas per affari che Ansaldo farà in Sicilia (26 agosto 1158).,societas,stans: Iohannes de Segestri | tractator: Ansaldus de Corsi,2,lb. triginta unam et,"contraxerunt socie·tate,n i,i quam Iohannes lb",lb. Genoese denarii,Sciciliam,-\nsaldus Sciciliam et inde quo velit laboratum,"societatem cuµi alio, in reditu capitali itracto proficuum 1per medium dividere debent",half of profit to the working party,.NR,.NR,.NR,.NR,.NR,.NR,.NR,.NR,.NR,.NR,not extracted,.NR,yes,no,traveller licensed to make a societas with another
SCR-0480-S,Giovanni Scriba I,480,260,256,1158-09-03,Genoa,Giovanni Scriba,Rongiovanni Malfigliastro e Guglielm o fi.glio di Oberto Perdice contraggono una societas per traffici che quest'ultimo farà andando colla nave di Bonvassallo Salsa (3 settembre 1158).,societas,stans: Bonus Iohannes Malfiliaster; W. Aradellus; Rondana | tractator: W. filius Oberti Perdicis,4,not extracted,contulit. Has idem laboralum portare debet,lb. Genoese denarii,Arcem,Has idem laboralum portare debet laboratupì apud Arcem in lignum Boni Vassalli,"iter mutaverit, in reditu capita li tracto profi cuum per medium",half of profit to the working party,.NR,.NR,.NR,.NR,.NR,.NR,pretcrea quod ipsam societatem bona fide profi cuum et capitale reducet in potestatem unius ipsorum nisi sua li centia remanserit,return into the investor's power,.NR,.NR,not extracted,.NR,yes,no,"half the investor's capital is W. Aradellus's, and all of it is from his societas with Rondana; traveller acts by his father's order"
SCR-0487-S,Giovanni Scriba I,487,263,"259, 260",not parsed (no editor heading captured),Genoa,Giovanni Scriba,,societas,stans: Iordanus notarius | tractator: Maraxi,2,lb. clecem et,fecerunt. societatem in quam ut mut uo professi sunL Iordanus lb,lb. Genoese denarii,Denia,"Hanc ~laraxi laboratum apud Den iam , inde :",in 1p0Lesta1em Iorclani lraclo capitali profìcuum per m edium,half of profit to the working party,.NR,.NR,.NR,.NR,.NR,.NR,.NR,.NR,.NR,.NR,not extracted,.NR,yes,no,
SCR-0498-S,Giovanni Scriba I,498,270,266,1158-09-25,Genoa,Giovanni Scriba,S olimano e Culorio contraggono una socielas p<!r affari che Culorio svolgerà a Genova e in Sicilia (25 settembre 1158).,societas,stans: Solimanus de Salerno | tractator: Culorius,2,lb . . xxx. {·. liane,fecerunt societatem in qu a m Solima nus !b,lb. Genoese denarii,Sciciliam,liane Culorius la bo ratum cum Enrico ~iYetella in Ianuam Yel Sciciliam s i bucia ibi iveril,"sui cert i mi ssi , 1tracto cap ita li , proficuum p er medium iuravil et e",half of profit to the working party,.NR,.NR,.NR,.NR,.NR,.NR,.NR,.NR,.NR,.NR,not extracted,.NR,yes,no,
SCR-0503-S,Giovanni Scriba I,503,272,268,1158-09-29,Genoa,Giovanni Scriba,Ogerio :Yocen:io e Ugo Botin contraggon o una socielas per affari elle Ugo svolaerà in Sicilia (29 settembre 1158).,societas,stans: Oger Nocencius | tractator: Ugo Bolin,2,lb .. Yn. et sol. .,con traxerunt societatem in quarn Oger lb,lb. Genoese denarii,.NR,Hanc societatem Jaboratum Scici li am inde Tanuam in polestate Ogerii aut lngonis de Yolta,aut lngonis de Yolta capitali tracio p ro fì cuu m per m ed ium,half of profit to the working party,.NR,.NR,.NR,.NR,.NR,.NR,.NR,.NR,.NR,.NR,not extracted,.NR,yes,no,
SCR-0512-S,Giovanni Scriba I,512,278,274,1158-10-18,Genoa,Giovanni Scriba,Lamberto Gue1·cio e Oger Clarella contraggono un a socielas p er affari che Oger farà fu ori Genova (18 ottobre 1158).,societas,stans: Lambertus Guercius | tractator: Oger Clarella,2,lb .. xx:xxn. et d . .Lxxx. et,contraxerunt societatem in quani (3) Lambertus lb,lb. Genoese denarii,Buçeam,"etate~ Oger Buçeam et quo velit laboratum portare debet, in reditu in potestatem Lamberti Guercii veni",pro fi cuum per m edium dividere debent,half of profit to the working party,.NR,.NR,.NR,.NR,.NR,.NR,.NR,.NR,.NR,.NR,not extracted,.NR,yes,no,
SCR-0526-S,Giovanni Scriba I,526,286,282,1159-03-15,Genoa,Giovanni Scriba,Ardito e Zacaria coritraggono una so cietas per affari che /acaria svolgerà ove v uole (15 marzo 1159).,societas,stans: Larditus | tractator: Iacarias,2,lb. quadraginta et ego,"Testes Lardi ti et IacarieJ. Testes Otobonus mag isler de Clavica, W. Bulla. i'\os Arditus ·et Iacarias profitemur nos h",lb. Genoese denarii,.NR,potest laboratum portare Iacarias ad di visionem lracto capitali libra rum,"parte sua a Lardi1o et sua a Iacaria pro ficuu)D per m edium ,dividere d ebenl",half of profit to the working party,.NR,.NR,.NR,.NR,.NR,.NR,.NR,.NR,.NR,.NR,not extracted,.NR,yes,yes,investor may divide the societas at will through a messenger carrying consular letters
SCR-0559-S,Giovanni Scriba I,559,305,301,1159-10-07,Genoa,Giovanni Scriba,Baldezone Usodimare e Oberto Lucense çontraggono una societas per traffiçi che Oberto farà in Provenza (_7 ottobre 1159).,societas,stans: Baldezon Ususmaris | tractator: Obertus Lucensis,2,not extracted,conlraxerunt in quam composuerunt. capitalis !b,lb. Genoese denarii,Provinci,.NR,o rrine per medium sunt divisuri,half of profit to the working party,.NR,.NR,.NR,.NR,.NR,.NR,.NR,.NR,.NR,.NR,not extracted,.NR,no,no,restatement of an augmented societas; investor may take an equal sum quando voluerit
SCR-0603-S,Giovanni Scriba I,603,331,327,not parsed (no editor heading captured),Genoa,Giovanni Scriba,,societas,stans: Obertus Spinula | tractator: W. q. Oberti de Medolico,2,not extracted,contulit. Cum hac soc~etate laboratum ire,lb. Genoese denarii,.NR,Cum hac soc~etate laboratum ire d ebet Provin cia,In red itu capitali utriusque traclo proficuum per medium divid ere d ebent,half of profit to the working party,.NR,.NR,.NR,.NR,.NR,.NR,.NR,.NR,.NR,.NR,not extracted,.NR,yes,no,
SCR-0612-S,Giovanni Scriba I,612,336,332,1160-02-20,Genoa,Giovanni Scriba,",J nsalrio Doria stipula una societas con Martino De Mari w 1~ trcrffìci in Sarcle:_gna (20 febbraio 1160).",societas,stans: Martinus de Mari | tractator: Ansaldus de Auria,2,lb . denariorum,0,lb. Genoese denarii,Sardineam,"denariorum ianuensium decem quas laboratum portare debco (2) Sardineam ad rrieclietalem pro ficui, omnes","decem quas laboratum portare debco (2) Sardineam ad rrieclietalem pro ficui, omnes autem capitale cL proficuum",half of profit to the working party,.NR,.NR,.NR,.NR,.NR,.NR,.NR,.NR,.NR,.NR,not extracted,.NR,yes,no,unilateral: 10 lb. drafted as societas at half profit; oath
SCR-0619-S,Giovanni Scriba I,619,339,"335, 336",1160-03-21,Genoa,Giovanni Scriba,Josseramis de mari e ]fono Giovann.i Sagonnense contraggono mm· soc ietas per traffici che Bono Giovanni fal'à in Sa.rdeg11a (21 marzo ll60).,societas,stans: Iosseramis de mari | tractator: Bonus Iohannes Sagonensis,2,lb . . xn. et,societatem in quam Iosserrumis lb,lb. Genoese denarii,Sardineam,Hanc Bonus lohann es laboralum Sardineam inde Ianua m in poteslàtem Iosseramis capitale et,capitale et proficuum capitali tracto proficuum divis uri per medium,half of profit to the working party,.NR,.NR,.NR,.NR,.NR,.NR,.NR,.NR,.NR,.NR,not extracted,.NR,no,no,"date: day and month from the editor heading; year OCR-damaged, taken from neighbouring acts"
SCR-0625-S,Giovanni Scriba I,625,343,339,1160-04-07,Genoa,Giovanni Scriba,Eliaclar e Bono l'assallo Cigala contraggono · una societas per affari che Bono Vassallo farà in Spagna (7 aprile 1160).,societas,stans: Eliadar | tractator: Bonus Vassallus Cigala,2,lb. novem contulit. Ras ipse,novem contulit. Ras ipse Bonus Yassallus laboratum,lb. Genoese denarii,Yspaniam,uscine cluos annos,"utr~usqu e capìtali extracto proficuum debent dividere per m edium (2), nec debet ullra morari nisi viderit",half of profit to the working party,.NR,.NR,.NR,.NR,.NR,.NR,.NR,.NR,.NR,.NR,not extracted,.NR,yes,yes,two-year limit; oath not to marry or take residence elsewhere
SCR-0639-S,Giovanni Scriba I,639,350,346,1160-05-08,Genoa,Giovanni Scriba,Blancardo e Bono Giovanni Lercari contrag gono una societas per traffici che Bono Giovann i farà a Bugia (8 maggio 1160).,societas,stans: Blancardus | tractator: Bonus Iohannes Lercarius,2,lb . . cnn. et,socielatem in quàm Bla ncardus contulit lb,lb. Genoese denarii,Buçeam,"ipse Bonus Iob annes (2) debet laboraturri portare Buçeam et inde quo voluerìt preter in devetum, in potestatmn",reducere debet et capitali utriusque ext racto proficuum per medium dividere debcnt,half of profit to the working party,.NR,.NR,.NR,.NR,.NR,.NR,.NR,.NR,.NR,.NR,not extracted,.NR,yes,no,oath secundum tenorem fidei societatis
SCR-0649-S,Giovanni Scriba I,649,354,"350, 351",1160-04-30,Genoa,Giovanni Scriba,.4 n/osso Nata col consenso del padre Guglielmo contrae u na acco mandac io con Blan<'ardo per t raffìci che farà in S icilia e in. Alessand ria (30 apr ile 1160).,societas,stans: Blancardus | tractator: Anfossus Nata,2,lb . centum,0,lb. Genoese denarii,Sciciliam,"Cu:m his om:nibus laboratum ire debet= Sciciliam et inde Al exandriam si voluer1t , in reditu",.NR,.NR,.NR,.NR,.NR,.NR,.NR,.NR,.NR,.NR,.NR,.NR,not extracted,.NR,yes,no,100 lb. beyond 100 lb. held in societatem; quarter; traveller acts by his father's order
SCR-0654-S,Giovanni Scriba I,654,356,352,1160-05-12,Genoa,Giovanni Scriba,Oliverio Nivetella e Giovanni Zirbino contraggono una societas per affari che quest'ultimo fm·à a Palermo ed in Sicilia (12 maggio,societas,stans: Oliverius Nivetella | tractator: Iohannes Zirbinus,2,lb .xxx. et,societatem in quam Oliverius contulit lb,lb. Genoese denarii,"Sciciliani,","lfas ipse Iohannes debet labora1um portare PaIermum et per Sciciliani, inde venire Ianuaim et","iverii vel eius (2) missi, -capital i tracto profìcuum per medium",half of profit to the working party,.NR,.NR,.NR,.NR,.NR,.NR,.NR,.NR,.NR,.NR,not extracted,.NR,no,no,"date: day and month from the editor heading; year OCR-damaged, taken from neighbouring acts"
SCR-0657-S,Giovanni Scriba I,657,357,"353, 354",1160-05-13,Genoa,Giovanni Scriba,Ci0rdano di Mich ele e Giordano di Bellesenda con.traggono una societas per affari che il secondo farà a suo criterio (13 m àggio 1160 ·.,societas,stans: Iordanus de Michaele | tractator: Iordanus de Bellesenda,2,lb .. XL. et ille lb .. xx.,contraxerunl societalem in quam ille lb,lb. Genoese denarii,.NR,"Hanc idem Iordanus laboratum quo velit , in reditu capitali ulriusque tracio proficuum per","velit , in reditu capitali ulriusque tracio proficuum per mecliu):Jl dividere debenl",half of profit to the working party,.NR,.NR,.NR,.NR,.NR,.NR,.NR,.NR,.NR,.NR,not extracted,.NR,yes,no,"date: day and month from the editor heading; year OCR-damaged, taken from neighbouring acts"
SCR-0674-S,Giovanni Scriba I,674,368,364,not parsed (no editor heading captured),Genoa,Giovanni Scriba,,societas,stans: Ingo de Volta; W. Buronus | tractator: W. Piperata; W. filius W. Piperate,4,lb. ccntum,d e quibus societate m fedt \Yuilielmo )fa locelo qui posuil e! ut: clicil lb,lb. Genoese denarii,Romaniam,"societa:em , qua m omnem societat em laboralum portare debet in gale! s Bisacie et deinde quo iverit et lu",:)[aloce lli et d e proficuo earum centu m librarum quartam ha ber c debct,quarter of profit to the working party,in o mn i carn eas sa h ·a f11tu ras el lu c raturas promisil,working party answers for capital,.NR,.NR,.NR,.NR,.NR,.NR,.NR,.NR,not extracted,.NR,yes,yes,"two investors give 100 lb. in societatem to W. Piperata, who forms a further societas with W. Malocellus; a second 100 lb. to his son, whose father promises the capital will be safe in every event"
SCR-0680-S,Giovanni Scriba I,680,371,"367, 368",1160-06-23,Genoa,Giovanni Scriba,"Rilrnldo di Sarafìa e Gio1,a1111i G1·a11cio contragg01rn ana socielas pel' traffici che il secondo svoloerà quo vel il (23 gi ug no 1160).",societas,stans: Ribaldus Saraphie | tractator: Iohannes Grancius,2,lb . .ccLxxn-111. et,contraxernnt soc iela:oon in quam R ibaldu s cont ulit lb,lb. Genoese denarii,.NR,societatem ad m edium proficu i lab oratum portare clebet quo veli,R ane societatem ad m edium proficu i lab oratum portare clebet quo veli,half of profit to the working party,.NR,.NR,.NR,.NR,.NR,.NR,.NR,.NR,.NR,.NR,not extracted,.NR,yes,no,
SCR-0692-S,Giovanni Scriba I,692,378,"374, 375",1160-07-09,Genoa,Giovanni Scriba,Raimnndo banc11iere e Olive1·io de mari çon lragç1on o una soc ielas per traffici ch e Raim ondo farà quo velit JJOl'lando altri clenari proprii ed altrui (9 lug lio 1160).,societas,stans: Raimundus bancherius; W. Ventus | tractator: Oliverius de mari,3,lb .. c . et,Professus autcm est ipse Rai m u nclus ciuocl in ipsis lb,lb. Genoese denarii,.NR,.NR,ut a li e lucrari et expendere debcnt per libram et quartam pro fì cui earurn reverli d ebet in pro,half of profit on the societas; side placements at a quarter,.NR,.NR,.NR,.NR,.NR,.NR,.NR,.NR,.NR,.NR,not extracted,.NR,yes,yes,price-comparison clause adjusts the partner's share by relative sale results
SCR-0705-S,Giovanni Scriba I,705,384,380,heading: i ci in A lessandria (28 h1 ~di o 1160).,Genoa,Giovanni Scriba,"Burone, Tdone ì\lallone, Guglielm otto Ciriolo e Cgone Elie contrr1ggono una accomandacio per traffi ci in A lessandria (28 h1 ~di o 1160).",societas,stans: W. Buron; Ido Mallon; Wuilielmotus Ciriolus | tractator: Ugo Elie,4,lb . . cc:. llgon i Eli e,0,lb. Genoese denarii,Buçeam,"tuli sse fuit p rofessus , quas laboratum portare d eb et Alexà ndri am et inde quo si bi m eli u s vldebì",quisqu e m edi cla lem ded erunt in socielalem ad quartam ipro fi cui lb,half of profit on the societas; side placements at a quarter,.NR,.NR,.NR,.NR,.NR,.NR,.NR,.NR,.NR,.NR,not extracted,.NR,yes,no,unilateral placements in societatem ad quartam; traveller forbidden to lend at usury
SCR-0727-S,Giovanni Scriba I,727,396,392,1160-08-19,Genoa,Giovanni Scriba,Agnese e Grisia stipulan o con Rogerio una societas (19 agosto 1160).,societas,stans: Agnes de Dactilo; Grisia | tractator: Rogerius de Clavica,3,lb. .xL.,Agnes et Grisia contulerunt lb,lb. Genoese denarii,.NR,"Han c societatem Rogerius laboratum quo velit , in reditu in potesta lem i psarum capitali tracto",in potesta lem i psarum capitali tracto profìcuum per niedium,half of profit to the working party,.NR,.NR,.NR,.NR,.NR,.NR,.NR,.NR,.NR,.NR,not extracted,.NR,yes,yes,profit from other societates and accomendationes the traveller takes is to be converted into this societas's profit
SCR-0739-S,Giovanni Scriba I,739,403,399,1160-08-26,Genoa,Giovanni Scriba,"Jngone Della Vol ta e Guglielmo su.o fi,glio stipu lano una societas con Gioele di Bonico (26 agosto 1160).",societas,stans: Ingo de Volta; W. filius Ingonis | tractator: Iohel de Bonico,3,lb . . cm i.,n quam In ~o posuit lb,lb. Genoese denarii,.NR,Cum ipsa societate ire dE>het lahoratum <J110 velit rn ittcncl i etiam Iamrnm ve) lahoralum quo veli!,.NR,.NR,.NR,.NR,sint ad rcsi('um et fortunam soci etati s,shared,.NR,.NR,.NR,.NR,.NR,.NR,not extracted,.NR,yes,yes,goods loaded by Amicus are at the peril and fortune of the societas; any excess at the traveller's own
SCR-0745-S,Giovanni Scriba I,745,405,"401, 402",1160-08-27,Genoa,Giovanni Scriba,Iosseramis e Vassallo figlio di Sibilia de Faxol contraggono una societas (27 agosto 1160).,societas,stans: Iosseramis | tractator: Vassallus filius Sibilie de Faxol,2,lb .. LXXY . quarum due parl'es sunt ipsius,fecerunt sodetatem lb,lb. Genoese denarii,.NR,"c Vassallus laboratu,n quo velit","potest,atepi Iòsseramis, caipitali tracto , proficuum per medium dividere debept",half of profit to the working party,.NR,.NR,.NR,.NR,.NR,.NR,.NR,.NR,.NR,.NR,not extracted,.NR,no,no,
SCR-0751-S,Giovanni Scriba I,751,408,404,1160-08-27,Genoa,Giovanni Scriba,!?!baldo di Sarafia e Oger Peloso contraggono U!la societàs per affari che il secondo svolgerà quo velit (27 agosto 1160).,societas,stans: Ribaldus Saraphie; Stabilis; Ribaldinus; Fredencio | tractator: Oger Pelosus,5,lb .. u xx.,societateJll in quani Ribaldus •posuil lb,lb. Genoese denarii,.NR,"iipsas, quam omnem societatem Oger laboratum por tat quo velit, in poteslateni Stabilis et Ribaldi vel illius","honmi qui lanm1Jll erit, capitali tracto, proficuum per m edium",half of profit to the working party,.NR,.NR,.NR,.NR,.NR,.NR,.NR,.NR,.NR,.NR,not extracted,.NR,no,no,40 lb. of the 60 belong to Stabilis and 20 to Ribaldus's nephews
SCR-0757-S,Giovanni Scriba I,757,411,407,1160-08-30,Genoa,Giovanni Scriba,l osseramis e Boterico contraggono una societas (30 agosto 1160).,societas,stans: Iosseramis | tractator: Botericus,2,lb . LXXX'i'II.,fecerunt societa lem lb,lb. Genoese denarii,.NR,"pendere et lucrari per libram , in reditu in poteslalem Iosseramis, capitali lracto , proficuum per medium","poteslalem Iosseramis, capitali lracto , proficuum per medium",half of profit to the working party,.NR,.NR,.NR,.NR,.NR,.NR,.NR,.NR,.NR,.NR,not extracted,.NR,yes,no,
SCR-0764-S,Giovanni Scriba I,764,414,"410, 411",1160-09-18,Genoa,Giovanni Scriba,"Guglielmo Richerio, Martino de Mari e Villano Gauxono contraggono una societas per lraffìci che i due ultimi faranno a loro criterio (18 seU.embre 1160).",societas,stans: W. Richerius | tractator: Martinus de Mari; Villanus Gauxonus,3,lb. sexcenlas,societatem in qua:m Martinus contulit lb,lb. Genoese denarii,.NR,Curo hac omni soci etate laboratuni ire debenl a mbo ipsi l\fartinus et Vi llanus coniunclim et,c~upi talis et profì cuum eorum preter quartam quam propria debct esse ipsius VilJ,half of profit on the societas; side placements at a quarter,.NR,.NR,.NR,.NR,.NR,.NR,.NR,.NR,.NR,.NR,not extracted,.NR,yes,yes,"two contributing travellers go together; a third party's money inside the contributions; coniunctim et separatim refers to the travellers going together or apart, not to separate investment (checked on the image, p. 410); date: day and month from the editor heading; year OCR-damaged, taken from neighbouring acts"
SCR-0771-S,Giovanni Scriba I,771,418,"414, 415",not parsed (no editor heading captured),Genoa,Giovanni Scriba,,societas,stans: Dondedeus Bocarus; Matilda Bucalfumi | tractator: Botarolius,3,lb . .x:x.v1. ca·p ilalis et a,quas ad eas posuit de suis profìtenle hoc i psum,lb. Genoese denarii,.NR,"1per libram , quam omnem pecuniàm laboralum portare debet apurl Seplaro et inde quo voluerit",Botarolius medietatem hahiturus et illi duo alià,half of profit to the working party,.NR,.NR,.NR,.NR,.NR,.NR,pitale el pro fk uum reducerc in polestatem ipsius nominati Donarlei cL ~uprad i c te,return into the investor's power,.NR,.NR,not extracted,.NR,yes,no,
SCR-0774-S,Giovanni Scriba I,774,420,416,1160-09-28,Genoa,Giovanni Scriba,Picamiglio e Enrico Mazal contraggono una societas per affari che il figlio di Enrico farà a Salerno e altrove (28 s.ettenibre 1160) .,societas,stans: Picamilium | tractator: Enricus Macal,2,lb .. cxi. et,"Maçal, in qua Picamilium contulit lb",lb. Genoese denarii,Salernum,"Ogerius filius ipsius Enrici debet laboratum portare Salernum et quo voluerit , in reditu , capitali tracto","reditu , capitali tracto, proficuum debent divìdere per m edium",half of profit to the working party,.NR,.NR,.NR,.NR,.NR,.NR,.NR,.NR,.NR,.NR,not extracted,.NR,no,no,"the contributing partner's son Ogerius travels; date: day and month from the editor heading; year OCR-damaged, taken from neighbouring acts"
SCR-0781-S,Giovanni Scriba I,781,423,"419, 420",1160-10-08,Genoa,Giovanni Scriba,"Bono Giovanni lfalfì,gliastro e .1nsaldo Pistellerio contraggono una sodetas pe,. affal'i che fal'à il secondo quo voluerit (8 ottobre",societas,stans: Bonus Iohannes Malfiliaster | tractator: Ansaldus Pistellerius,2,lb .. LVI. s .. n . et,contraxerun t,lb. Genoese denarii,.NR,"Cum hac socielate vadit laboratum quo voluerit, in reditu ip potestatem Boni Iohannis vel eius","capitali utriusque extracto, profìcuum debent dividere per medium",half of profit to the working party,.NR,.NR,.NR,.NR,.NR,.NR,.NR,.NR,.NR,.NR,not extracted,.NR,yes,no,"date: day and month from the editor heading; year OCR-damaged, taken from neighbouring acts"
SCR-0803-S,Giovanni Scriba I,803,436,432,1161-02-01,Genoa,Giovanni Scriba,Eustacchio e Bongiovanni di Spezia} contraggono una societas per affari che Bongiovanni farà in Bugia (1ì febbraio 1161).,societas,stans: Eustachius | tractator: Bonus Iohannes de Specia,2,lb . . xxmr. el,"Testes Petrus de -'farino, Gaiardus, lohan nes caramang us, En ricus pensalor , Hodeçon g uardator, Ribald us Xameuellus",lb. Genoese denarii,.NR,"Hanc societa tem laboratuµi, Bonus lohannes Buçearri et inde quo voluerit, in redilu ad divisionem",in redilu ad divisionem capitali extracto proficuum per medium dividere d ebent,half of profit to the working party,.NR,.NR,.NR,.NR,.NR,.NR,.NR,.NR,.NR,.NR,not extracted,.NR,yes,no,"date: day and month from the editor heading; year OCR-damaged, taken from neighbouring acts"
CAS-0029-C,Guglielmo Cassinese I,29,16,14,1191-01,Genoa,Guglielmo Cassinese,"29. A m ic o drappiere e Marchesia Villana regolano una accomendacio, tra di essi contratta, gennaio 1191.",accomendatio,stans: Marchesia Villana | tractator: Amicus draperius,2,lib. .x l .,0,lb. Genoese denarii,.NR,u s q u e ad a n n u m,.NR,.NR,et tu n c dare prom ittit ei capitale,working party answers for capital,.NR,.NR,.NR,.NR,.NR,.NR,.NR,.NR,not extracted,.NR,yes,yes,land-based for a year; profit at the working party's own estimate; the act also records the investor's quittance; land-based
CAS-0041-C,Guglielmo Cassinese I,41,21,19,1191-01,Genoa,Guglielmo Cassinese,"41. G u g lie lm o de Meleto dichiara di portare in accomendacione ad te r c ia m proficui u n a som m a di danaro di Rolando di (maneto, p e r co m m ercia re a Napoli e dove andrà Ogerio. gennaio 1191.",accomendatio,stans: Rolandus de Canneto | tractator: ...lmus de Meleto,2,lib. .xv.,0,lb. Genoese denarii,Napolim,lm u s de Meleto se portare in accomendalione a R olan do de C anneto lib,"causa n e g o c ia n d i, ad terciam proficui",third of profit to the working party,.NR,.NR,.NR,.NR,.NR,.NR,In reditu Januam reducere p r o m ittit i n potestate eius vel sui certi missi proficuum quod,return into the investor's power,.NR,.NR,not extracted,.NR,yes,no,
CAS-0050-C,Guglielmo Cassinese I,50,24,22,1191-01-09,Genoa,Guglielmo Cassinese,"50. Pietro A lbo dichiara di portare in accomendatione una somma di Pietro della Croce e Oberto di Acquabona, da commerciare a M ontpellier. 9 gennaio 1191.",accomendatio,stans: Petrus de Cruce; Obertus de Aquabona | tractator: Petrus Albus,3,not extracted,0,lb. Genoese denarii,"Monlem]pesulanum,",Confìtetur P etrus Albus se portare in accomendatione [a Petro de C ruce et a b Oberto de] Aquabona,"[Monlem]pesulanum, ad quartam proficui,- que debet reverti ad societatem",quarter of profit to the working party,.NR,.NR,.NR,.NR,.NR,.NR,.NR,.NR,.NR,.NR,not extracted,.NR,yes,no,placement beyond the traveller's societas with them; the quarter reverts to the societas
CAS-0058-C,Guglielmo Cassinese I,58,27,25,1191-01,Genoa,Guglielmo Cassinese,"5S. G io v a n n i Strailleira dichiara di portare in accom endatione m e r c i d i A dala sia m o g lie di Falcone di Castello, gen n aio 1191.",accomendatio,stans: Adalaxia uxor Fulconis de Castello | tractator: Iohannes Stralleira,2,lib. .x.,0,lb. Genoese denarii,.NR,onfìtetur Johannes Stralleira se portare in acc o m e n d a t i o n e de rebus A [d a]lax ie uxoris Fulconis,.NR,.NR,.NR,.NR,.NR,.NR,.NR,.NR,In reditu J a n u a m [reducere promittit in po te sta te eius]| vel sui certi m issi profìcuum,return into the investor's power,.NR,.NR,not extracted,.NR,yes,no,investor acts through her missus
CAS-0103-C,Guglielmo Cassinese I,103,45,43,1191-01-21,Genoa,Guglielmo Cassinese,"103. S im o n e Botario contrae una accomendacio con G uglielm o Rataldo, per affari in Tunisi. 21 gennaio 1191.",accomendatio,stans: W. Rataldus | tractator: Simon Botarius,2,lib. . c c c l v i i i | .,0,lb. Genoese denarii,Tunexim,Confitetur Simon Botarius se portare in accom endatione a W ilielmo Rataldo lib,"Tunexim , causa negociandi, bona fide, ad quartam profìcui",quarter of profit to the working party,.NR,.NR,.NR,.NR,.NR,.NR,Inde J a n u a m reducere p ro m ittit in p o state eius vel sui certi missi proficuum quod,return into the investor's power,.NR,.NR,not extracted,.NR,yes,no,oath to work for the good of the accomendatio
CAS-0119-C,Guglielmo Cassinese I,119,51,49,1191-01-23,Genoa,Guglielmo Cassinese,"119. L am berto Fornari porta in accomendatio dal padre, a Napoli, una so m m a di danaro, un usbergo e due gam biere. 23 gennaio 1191.",accomendatio,stans: W. Fornarius | tractator: Lambertus filius W. Fornarii,2,not extracted,0,lb. Genoese denarii,"Napolim,",Confìletur Lam bertus se portare in accomendatione a W ilielm o suo patre lib,.NR,.NR,.NR,.NR,.NR,.NR,.NR,.NR,In reditu Jan u am reducere p ro m ittit in potestate eius vel sui certi missi profìcuum quod,return into the investor's power,.NR,.NR,not extracted,.NR,yes,no,father to son
CAS-0125-C,Guglielmo Cassinese I,125,54,52,1191-01-24,Genoa,Guglielmo Cassinese,"125. Opizone del fu Ugo di Castello contrae una accomendatio per Napoli e altrove, con A nsaldo Fornari e Oliverio Marzoco. 24 gennaio 1191.",societas+accomendatio,stans: Ansaldus Fornarius; Oliverius Marzocus | tractator: Opizo q. Ugonis de Castello,3,lib. .CLiiii. et sol. .ü.,0,lb. Genoese denarii,Napolim,quondam fdius Ugonis de Castello se portare in accom endatione ab Ansaldo Fornario et ab Oliverio Marzoco,"sibi videbitur melius causa negociandi bona fide, ad q u artam proficui et debet facere expensas per lib ram",quarter of profit to the working party,.NR,.NR,.NR,.NR,.NR,.NR,In reditu J a n u a m reducere p ro m ittit in potestatem eius vel sui certi missi p roficuum quod,return into the investor's power,artam proficui et debet facere expensas per lib ram cum aliis,commingled,not extracted,.NR,yes,no,capital from the investors' own societas; carried with consent of the traveller's socius
CAS-0138-C,Guglielmo Cassinese I,138,58,"56, 57",1191-01-24,Genoa,Guglielmo Cassinese,138. Ogerio de Volta contrae una acoomendatio per Napoli e la terra del re di Sicilia con Giordano Ricerio. 24 gennaio 1191.,accomendatio,stans: Iordanus Ricerius | tractator: Ogerius de Volta,2,lib. . c c c c l x x x i . (3),0,lb. Genoese denarii,Napolim,Confitelur Ogerius de Volta (2) se portare in accomendatione a Jordano Ricerio lib,Et debet habere q u arta m proficui,quarter of profit to the working party,.NR,.NR,.NR,.NR,.NR,.NR,In reditu Jan u am reducere p ro m ittit in potestate eius vel sui certi missi proficuum quod,return into the investor's power,.NR,.NR,not extracted,.NR,yes,no,
CAS-0175-C,Guglielmo Cassinese I,175,74,72,1191-02-03,Genoa,Guglielmo Cassinese,175. Baldovino da Terralba e Barbavaria contraggono una accom endacio per affari in Sardegna. A nche G iovanni Pellizzella dò 1. 29. 3 febbraio 1191.,accomendatio,stans: Obertus Barbavaira; Iohannes Pellixella | tractator: Balduinus de Terra Alba,3,lib. . h i .,0,lb. Genoese denarii,"Sardiniam,","Contitetur Balduinus de Terra Alba se portare in accomenda! ione, voluntate Iohannis Pellixelle presentis","in Sardiniam, causa negociand i, ad terciam proficui, et que libre debent lu crali et expendere",third of profit to the working party,.NR,.NR,.NR,.NR,.NR,.NR,Inde Ianuam reducere prom ittit in potestate eius vel sui certi missi proficuum quod,return into the investor's power,et que libre debent lu crali et expendere per libranti cum rebus quas portat,commingled,not extracted,.NR,yes,no,"second placement from the traveller's own socius, similiter"
CAS-0212-C,Guglielmo Cassinese I,212,88,86,1191-02-14,Genoa,Guglielmo Cassinese,"212. G iovanni da Veguli, G iovanni cazaor e G uglielm o calderaio contraggono u n a accomendacio per affari in Napoli e altrove. 14 febbraio 1191.",accomendatio,stans: Iohannes cazaor; W. calderarius | tractator: W. de Veguli,3,not extracted,0,lb. Genoese denarii,Napolim,Gonfìtetur W ilielm us de Veguli se portare in accomendatione a lo h a n n e cazaor sol,"videbitur melius, causa negociandi, bona fide, ad quartam proficui",quarter of profit to the working party,.NR,.NR,.NR,.NR,.NR,.NR,In reditu Ianuam reducere promittiti in potestate eius vel sui certi missi proficuum quod,return into the investor's power,.NR,.NR,not extracted,.NR,yes,no,
CAS-0271-C,Guglielmo Cassinese I,271,112,110,1191-03-07,Genoa,Guglielmo Cassinese,271 Isim bardo da Multedo e Martino Picardo contraggono una 'accom endacio per affari in Tunisia e altrove. 7 m arzo 1191.,accomendatio,stans: Martinus Picardus | tractator: Isimbardus de Mortedo,2,lib. .xxim. T unexim et,0,lb. Genoese denarii,.NR,Confitetur Isim bardus de Mortedo se po rtare in accom endatione a M artino P icardo lib,"sibi videbitur, causa negociandi, bon a,fid e, ad q u arta m proficui",quarter of profit to the working party,.NR,.NR,.NR,.NR,.NR,.NR,In red ìtu Jan u am reducere p ro m ittit in potev a te eius vel sui certi m issi proficuum,return into the investor's power,Et que lib re debent expendere per librarci cum societate,commingled,not extracted,.NR,no,no,
CAS-0290-C,Guglielmo Cassinese I,290,120,118,1191-03-14,Genoa,Guglielmo Cassinese,290. U m berto da Verzastello porta beni di due societales in Francia col consenso dei suoi soci. 14 m arzo 1191.,societas+accomendatio,stans: Ionathas Cavaruncus; Oddo de Melazo | tractator: Imbertus de Verzastello,3,lib . . c c l .,0,lb. Genoese denarii,.NR,oniltetur Im bertus de Verzastello se portare v o lu n tate Rubp,.NR,.NR,.NR,.NR,.NR,.NR,.NR,.NR,.NR,.NR,.NR,.NR,not extracted,.NR,yes,no,"capital from a societas with Ionathas and an accomendatio from Oddo, half of which is Ionathas's"
CAS-0306-C,Guglielmo Cassinese I,306,125,123,1191-03-16,Genoa,Guglielmo Cassinese,"306. O liv iero S e tte lin g u e e L anfranco di Adele Alberici, con i beni di essa A d e le , contraggono u n a accom endacio per la Sicilia e altro ve. 16 m a rz o 1191.",accomendatio,stans: Aidela de Albericis | tractator: Oliverius Septem Lingue,2,lib. . xi.vui.,0,lb. Genoese denarii,.NR,liv e riu s Septem L ingue (2) se portare in accom end a tio n e de re b u s A idele de A lberiois a Lafranco,.NR,.NR,.NR,.NR,.NR,.NR,.NR,.NR,In reditu Ianuam reducere p ro m ittit in p o te sta te eius vel sui certi m issi proficuum quod,return into the investor's power,"expensas preter in furn ire res, et im p lic a re sep aratim",several-accounts,not extracted,.NR,yes,yes,investor acts through her son; no expenses charged except for furnishing goods
CAS-0321-C,Guglielmo Cassinese I,321,134,130,1191-03-20,Genoa,Guglielmo Cassinese,321. G uido Bonaventura porta dei beni di G uglielm o Barbavaira nella societas di cui al doc. 320. 20 marzo 1191.,accomendatio (by reference to no. 322),stans: W. Barbavaira | tractator: Wido Bonaventura,2,lib. . l v i i . et sol. .mi. et,0,lb. Genoese denarii,.NR,.NR,ad q u arta m proficui,quarter of profit to the working party,.NR,.NR,.NR,.NR,.NR,.NR,.NR,.NR,.NR,.NR,not extracted,.NR,yes,no,continuation of no. 320; no. 322 calls these placements accomendatio
CAS-0332-C,Guglielmo Cassinese I,332,137,133,1191-03-21,Genoa,Guglielmo Cassinese,"332. Giosberto dichiara di avere in accom endacione, u n a so m m a e u n quantitativo d'argento da G uglielm o Gallo. 21 m arzo 1191.",accomendatio,stans: W. Gallus | tractator: Iosbertus,2,lib.,0,lb. Genoese denarii,.NR,.NR,.NR,.NR,.NR,.NR,.NR,.NR,.NR,.NR,.NR,.NR,.NR,.NR,not extracted,"su b pena dupli, u sque ad",no,no,"bare acknowledgment in accomendatione, no terms"
CAS-0362-C,Guglielmo Cassinese I,362,147,143,1191-03-27,Genoa,Guglielmo Cassinese,"362. P restito m a rittim o e accom andacio tra Enrico Vitale, Guglielm o M a rtin o , Beltram o Sicardo e Raim ondo di Odo, per affari in M essina, su p eg n o di tessuti. 27 marzo 1191.",accomendatio,stans: W. Martinus; Bertramus Sicardus; Raimundus de Odo | tractator: Enricus Vitalis,4,lib . .cxx.,not extracted,lb. Genoese denarii,Messinas,fite tu r E n ric u s Y italis se portare nom ine pignoris in accom e n d a tio n e a W ilielm o M artino,.NR,.NR,pignus p re d ic tu m d e b e t esse ad fo rtu n am Enrici in tan tu m quod sunt uncie .c .,P,s u p e rflu u m ad fo rtu n am eorum,shared,E n ric u s Y italis se portare nom ine pignoris in accom e n d a tio n e a W,general pledge,.NR,.NR,.NR,.NR,not extracted,.NR,yes,yes,"accomendatio nomine pignoris: cloth held as pledge for 100 ounces the holder is owed, to be sold at Messina; pledge at the holder's fortune up to the debt, surplus at the owners'"
CAS-0375-C,Guglielmo Cassinese I,375,153,149,1191-03-28,Genoa,Guglielmo Cassinese,375. E n r i c o V ita le e P iero N aso contraggono una accomendacio p e r a ff a r i i n S icilia . 28 m a rz o 1191.,accomendatio,stans: Petrus Nasus de Pica | tractator: Enricus Vitalis,2,l i b . .c.,0,lb. Genoese denarii,.NR,e t u r E n r i c u s V italis se portare in accomendatione a Peiro N aso d e P i c a l i b,"in S iciliana, causa negociandi, ad quartana profìc u i",quarter of profit to the working party,.NR,.NR,.NR,.NR,.NR,.NR,I n d e I a n u a m re d u c e re p ro m ittit vel m iltere ciirn testibus in p o te s ta te e i u s v e l su i certi m iss i profìcuum,return into the investor's power,.NR,.NR,not extracted,.NR,yes,no,
CAS-0383-C,Guglielmo Cassinese I,383,156,152,1191-03-29,Genoa,Guglielmo Cassinese,3S3. Vasallo da Molino da Sori (?) e Mobilia di Baltigario contraggono una accomendacio per affari in Maremma. 29 marzo 1191.,accomendatio,stans: Mabilia de Baltigario | tractator: Vasallus de Molino,2,lib. .xvi.,0,lb. Genoese denarii,"Maritimam,",Vasallus de Molino de Sore (1) se portare in accomendatione a Mabilia de Baltigario lib,gratis,gratis (no share to the working party),.NR,.NR,.NR,.NR,.NR,.NR,Inde Ianuam reducere prom ittit in potestate eius ve] sui certi missi proficuum quod,return into the investor's power,Et debet facere expensas per libram cum rebus quas portat,commingled,not extracted,.NR,no,yes,
CAS-0417-C,Guglielmo Cassinese I,417,170,166,1191-04-03,Genoa,Guglielmo Cassinese,417. Amico de Bavali da Seretto porta in Ceuta in accomendacione una somma del prete Giovanni di San D am iano. 3 aprile 1191 (2).,accomendatio,stans: presbyter Iohannes de Sancto Damiano | tractator: Amicus de Bavali,2,lib. .xv.,0,lb. Genoese denarii,Septam,Coniitetur Amicus de Bavali de Cerreto se portare in accomendatione a presbytero Iohanne de Sancto Damiano lib,"cum Oberto Daneso, Gausa negociandi bon a fide, ad quarlam proficui",quarter of profit to the working party,.NR,.NR,.NR,.NR,.NR,.NR,In reditu Ianuam reducere prom ittit in potestate eius vel sui certi missi proficuum quod,return into the investor's power,.NR,.NR,not extracted,.NR,no,no,
CAS-0425-C,Guglielmo Cassinese I,425,173,169,1191-04-04,Genoa,Guglielmo Cassinese,"425. Giacomo de Bombel contrae una accomendacio con Buonovasallo da Cartagena ed Ansuisso di San Genesio, per affari in Ceuta e altrove. 4 aprile 1191.",accomendatio,stans: Bonus Vasallus de Cartagenia; Ansuixus de Sancto Genesio | tractator: Iacomus de Bombel,3,lib. .L.,0,lb. Genoese denarii,Septam,Confitetur Iacomus de Bombel se portare in accomendatione a BonoVasallo de Cartagenia lib,Et debet habere quartam proficui (2),quarter of profit to the working party,.NR,.NR,.NR,.NR,.NR,.NR,In redditu vero lonuam reducere promittit in potestate eorum vel certi missi eorum proficuum quod,return into the investor's power,Et debet tacere expensas per libram cum aliis que portât,commingled,not extracted,.NR,no,no,half of the first investor's money belongs to his nephews
CAS-0430-C,Guglielmo Cassinese I,430,175,171,1191-04-05,Genoa,Guglielmo Cassinese,430. Oliviero di Castello e Ansuisso di San Genesio contraggono una accomendacio per affari in Bugia. 5 aprile 1191.,accomendatio,stans: Ansuixus de Sancto Genesio | tractator: Oliverius de Castello,2,lib. .xvm. et sol. .xix ^.,0,lb. Genoese denarii,Buzeam,"Confitetur Oliverius de Castello se portare in accomendatione, volúntate Bajamontis Barlaire presentís cum",.NR,.NR,.NR,.NR,.NR,.NR,.NR,.NR,Inde Ianuam reducere pro m ittit in potestate eius vel sui cerli missi proficuum quod,return into the investor's power,.NR,.NR,not extracted,.NR,yes,no,
CAS-0438-C,Guglielmo Cassinese I,438,178,174,1191-04-07,Genoa,Guglielmo Cassinese,"438. Enrico Gerundia contrae una accomendacio co n Gionata Cavarunco e Ogerio Scoto, per traffici in Bugia e altrove ad eccezione d'Alessandria d ’Egitto. 7 aprile 1191.",accomendatio,stans: Ionathas Cavaruncus; Ogerius Scotus | tractator: Enricus Gerundia,3,lib. .lv.,0,lb. Genoese denarii,"Alexandriam,",Confìtetur Enricus Gerundia se portare in accom endatione a Tonatila Cavarunco et ab Ogerio Scoto lib,"causa negociandi, bona fide, preter Alexandriam, ad quartam proficui",quarter of profit to the working party,.NR,.NR,.NR,.NR,.NR,.NR,In reditu Ianuam vero reducere promittit in potestate eorum vel certi mi ssi eorum proficuum quod,return into the investor's power,"Ian ua et cum testibus, et facere expensas per libram cum aliis",commingled,not extracted,.NR,yes,no,
CAS-0468-C,Guglielmo Cassinese I,468,190,186,1191-04-18,Genoa,Guglielmo Cassinese,468. Raim oìido Sacco e Gallo del fu Gallo contraggono una sooietas per affari in Messina e Oltremare. 18 aprile 1191 (1).,accomendatio,stans: Gallus q. Galli | tractator: Raimundus Saccus,2,lib. .xv. et sol. .xvi.,0,lb. Genoese denarii,Messinas,Confitetur Raim undus Saccus se portare in accomendatione a Gallo quondam Galli lib,"et inde Ultramare, causa negociandi, bona fide, ad quartam profìcui",quarter of profit to the working party,.NR,.NR,.NR,.NR,.NR,.NR,Inde lariuam reducere promittit in potestate eius vel sui certi missi profìcuum quod,return into the investor's power,.NR,.NR,not extracted,.NR,yes,no,"date: day and month from the editor heading; year OCR-damaged, taken from neighbouring acts"
CAS-0477-C,Guglielmo Cassinese I,477,194,190,1191-04-19,Genoa,Guglielmo Cassinese,477. Federico di Soziglia e Tebaldo Muxeto m a n d a n o beni colio stesso G iovanni Guercio di cui al doc. à76. 19 aprile 1191.,accomendatio (by reference to no. 475),stans: Federicus de Sosilia; Tebaldus Muxetus | tractator: Iohannes Guertius,3,lib. .cxi. et sol. .xn.,0,lb. Genoese denarii,.NR,.NR,"ad quartam proficui, similiter",quarter of profit to the working party,.NR,.NR,.NR,.NR,.NR,.NR,.NR,.NR,Et debet implicare separatim,several-accounts,not extracted,.NR,no,yes,continuation of no. 475
CAS-0483-C,Guglielmo Cassinese I,483,195,"191, 192",1191-04-21,Genoa,Guglielmo Cassinese,483. R u b a ld o d i G ionata C avarunco ed Oddone di Melazo contragg o n o u n a a c c o m e n d a c io per affari in Ceuta e altrove. Rubaldo p o r ta a n c h e m e r c i del padre. 21 aprile 1191.,accomendatio,stans: Oddo de Melazo; Ogerius Scotus | tractator: Rubaldus filius Ionathe Cavarunci,3,lib. .cc.,0,lb. Genoese denarii,Septam,Ionathe Cavarunci iussu tui patris se p o rta r e in a c c o m e n d a i io n e ab Oddone de Melazo lib,"u e r i t e t sibi videbitur, causa negociandi, ad quartam proficui",quarter of profit to the working party,.NR,.NR,.NR,.NR,.NR,.NR,In re d itu Ian u am reducere promittit in potestate eius vel sui c e rti m issi p r o f ìc u,return into the investor's power,.NR,.NR,not extracted,.NR,yes,no,traveller acts by his father's order
CAS-0490-C,Guglielmo Cassinese I,490,199,195,1191-04-02,Genoa,Guglielmo Cassinese,"490. G ia c o m o de B o m b e l, S u zo b o n o e B uonovasallo Zar itola contr a g g o n o u n a a c c o m e n d a c io , co stitu ita di spezie, per affari in C e u ta . 2 2 a p r i l e 1191.",accomendatio,stans: Suzobonus; Bonovasallus Zaritola | tractator: Iacomus de Bombel,3,lib. . l v . im plicatas,0,lb. Genoese denarii,Septam,r I a c o m u s de B o n b e l se p o rta re in accom endatione a S u z o b o n o e t a B o n o v a s a llo,Septam (2) causa negoc i a n d i b o n a fid e ad q u a r t a m pro fìcu j,quarter of profit to the working party,.NR,.NR,.NR,.NR,.NR,.NR,In d e Ia n u a m reducere vel m i l t e r e p r o m i t t i t in p o te sta te e o r u m vel certi m issi eorum profic,return into the investor's power,.NR,.NR,not extracted,.NR,yes,no,
CAS-0500-C,Guglielmo Cassinese I,500,202,198,1191-04-23,Genoa,Guglielmo Cassinese,500. G u g lie lm o Gontardo prende in accomendatione denaro da M artino da A lb a ro e da A rd u in o da Canneto per traffici in Ceuta e a ltro ve. 23 aprile 1191.,accomendatio,stans: Martinus de Albario; Arduinus de Canneto | tractator: W. Gontardus,3,lib. .in. et sol. . v i i .,0,lb. Genoese denarii,Septam,fìtetur W ilie lm u s G ontardus se portare in accom endatione a M artino de A lbario et ab A rduino de,gratis,gratis (no share to the working party),.NR,.NR,.NR,.NR,.NR,.NR,In reditu vero Ia n u a m re d u c e re p ro m ittit in potestate e o ru m vel alterius eorum proficuum q,return into the investor's power,.NR,.NR,not extracted,.NR,yes,yes,
CAS-0546-C,Guglielmo Cassinese I,546,222,218,1191-05-03,Genoa,Guglielmo Cassinese,"546. Guido da Lodi dichiara di a v e re in a c c o m e n d a c i o , d a G u g l i e l m o e Simone M alocello, sette lo c a d i n a v e , f a c e n t i p a r t e d i ciò che Ansaldo M alocello ha p o r ta to a N a p o li; c o n v a r i e p a t t u i zioni relative. 3 m a g g io 1191 (1).",accomendatio,stans: W. Malocellus; Simon Malocellus | tractator: Wido de Laude,3,lib.,"e n • tur quod ^ ido expendit de suis li b . ,x x",lb. Genoese denarii,.NR,.NR,E t de proficuo debebit habere q u a rta m p r o f i c u i,quarter of profit to the working party,.NR,.NR,.NR,.NR,.NR,.NR,I n r e d i t u v e r o I a n u a m reducere promittit in potestate e o r u m v el c e r ti m i s s i e o r,return into the investor's power,.NR,.NR,not extracted,.NR,yes,no,capital is seven loca of a ship
CAS-0573-C,Guglielmo Cassinese I,573,232,228,1191-05-08,Genoa,Guglielmo Cassinese,"573. Ugo Mazali riceve uria s o m m a in a c c o m e n d a c i o n e da P ellegrina, m oglie di G u g lielm o O sta lib o i p e r a ffa r i in Ceuta. 8 maggio 1191.",accomendatio,stans: Pelegrina uxor W. Ostaliboi | tractator: Hugo Mazalis,2,not extracted,0,lb. Genoese denarii,.NR,Confitetur H ugo Mazalis se p o r ta r e in a c c o m e n d a t i o n e a P eleg ri n i uxore W ilielmi,Ad q u arta m proficui,quarter of profit to the working party,.NR,.NR,.NR,.NR,.NR,.NR,In reditu Ian u am r e d u c e re p r o m i t t i t i n p o t e s t a t e eius vel sui certi mìssi proficuum,return into the investor's power,.NR,.NR,not extracted,.NR,yes,no,3 lb. belong to the investor's daughter
CAS-0581-C,Guglielmo Cassinese I,581,235,"231, 232",1191-05-09,Genoa,Guglielmo Cassinese,581. O g e r io V e r r o r ic e v e in accomendatione da Gandulfo barbiere u n a s o m m a p e r a ffari i n B a rb eria e altrove. 9 maggio 1191.,accomendatio,stans: Gandulfus barberius | tractator: Ogerius Verrus,2,lib . .v ia . (3) e t,0,lb. Genoese denarii,Barbariam,Confìtetur Ogerius Verrus se p o r ta r e volúntate in accomendatione a Gandulfo barberio lib,"expensas p e r lib ram et implicare separatim, et habere quartam profìcui",quarter of profit to the working party,.NR,.NR,.NR,.NR,.NR,.NR,In reditu Ian u am reducere prom ittit in potestate eius vel sui ceri missi proficuum quod Deus,return into the investor's power,"Et debet facere expensas p e r lib ram et implicare separatim, et habere",several-accounts,not extracted,.NR,yes,yes,
CAS-0604-C,Guglielmo Cassinese I,604,244,240,1191-05-11,Genoa,Guglielmo Cassinese,"604. Giovanni de Marino riceve da D rogo d i S . L o r e n z o una som ma, da impiegare a Bugia in ragione d i b is a n ti 515 riceve dallo stesso una somma in acc o m e n d a c io n e p e r B ugia; e inoltre Drogo gli manda assieme il figlio G u g lie lm o . 11 maggio 1191.",accomendatio,stans: Drogo de Sancto Laurentio | tractator: Iohannes de Marino,2,lib. den. jan. .cxxv.,0,lb. Genoese denarii,Buzeam,"s Iohannes possit negociari et portare et mittere et la c e r e sicut faciet de suis, causa negociandi",.NR,.NR,.NR,.NR,.NR,.NR,.NR,.NR,In reditu vero I a n u a m r e d u c e r e promittit in potestate eius vel sui certi missi p ro fìcu u m q,return into the investor's power,.NR,.NR,not extracted,.NR,yes,no,
CAS-0609-C,Guglielmo Cassinese I,609,246,242,1191-05-11,Genoa,Guglielmo Cassinese,"609. Tebaldo del fu A g m i de Stam pex porta in accomendatio da G iovanni cognato del fu Carlo una som m a im piegata in rame, a Bugia. 11 m aggio 1191.",accomendatio,stans: Iohannes cognatus q. Carli | tractator: Tebaldus de Stampex,2,lib. .lxvq . et sol. .v. implicatas,0,lb. Genoese denarii,Buzeam,"fìlius quondam Agmi de Stampex se portare, volúntate Im berti de Verzellato presentís cum quo habet societatem","ram o (2) Buzeam, causa negociandi, bon a fide, ad q uartam profìcui",quarter of profit to the working party,.NR,.NR,.NR,.NR,.NR,.NR,Inde Ianu am reducere prom ittit in potestate eius vel sui certi missi profìcuum quod,return into the investor's power,Et debet tacere expensas per librain et implicare separatim,several-accounts,not extracted,.NR,no,yes,
CAS-0662-C,Guglielmo Cassinese I,662,266,262,1191-05-27,Genoa,Guglielmo Cassinese,"662. A nsaldo Barcario porta in accomendatio, da Rolando e Arduino, una som m a, in Barberia e altrove. 27 maggio 1191.",accomendatio,stans: Rolandus de Canneto; Arduinus de Canneto | tractator: Ansaldus Barcarius,3,lib. .xi \ .,0,lb. Genoese denarii,"Barbariam,",Confitetur Ansaldus Barcarius se portare in accomendatione a Rolando et ab Arduino lib,"aliis que portat, causa negociandi, bona lìde, ad quartana proficui",quarter of profit to the working party,.NR,.NR,.NR,.NR,.NR,.NR,In reditu Ianuam reducere prom ittit in potestate eorum vel certi missi prolìcuum quod Deus,return into the investor's power,.NR,.NR,not extracted,.NR,yes,no,
CAS-0706-C,Guglielmo Cassinese I,706,284,280,1191-06-11,Genoa,Guglielmo Cassinese,"706. Ugo Mazali porta a Ceuta, in accom endacione, da A nsuisio di San Genesio, della lacca. 11 g iu g n o 1191.",accomendatio,stans: Ansuixus de Sancto Genesio | tractator: Hugo Mazalis,2,lib . l i . et sol. .xvi.,0,lb. Genoese denarii,Septam,C onfìtetur H ugo Mazalis se portare in accom endatione ab Ansuixo de Sancto Genesio tan tam laccam,"sibi videbitur, causa n eg o cian d i, bona fide, ad q u artam profìcui",quarter of profit to the working party,.NR,.NR,.NR,.NR,.NR,.NR,In red itu vero Ianuam reducere p ro m ittit in potestate eius vel sui certi m issi profìcuum quod,return into the investor's power,Et debet im plicare separatim,several-accounts,not extracted,.NR,yes,yes,
CAS-0716-C,Guglielmo Cassinese I,716,287,283,1191-06-12,Genoa,Guglielmo Cassinese,716. A ic a r d o d i M oneglia contrae societas per Ceuta con Rolando e G r illo . 12 g iu g n o 1191.,accomendatio,stans: Rolandus; Grillus | tractator: Aicardus de Monelia,3,li b . .v n i. et sòl. .v,0,lb. Genoese denarii,Septam,tu r A ic a rd u s de M onelia se portare in accomendatione a B o la n d o li b,"Septam causa n e g o c i a n d i, a d q u a rta m p ro fìcu i",quarter of profit to the working party,.NR,.NR,.NR,.NR,.NR,.NR,Inde Ianuam reducere promittit in p o te s ta te e o r u m vel su i certi missi proficuum,return into the investor's power,.NR,.NR,not extracted,.NR,yes,no,
CAS-0725-C,Guglielmo Cassinese I,725,291,287,1191-06-14,Genoa,Guglielmo Cassinese,"725. G u g lie lm o C aito contrae u n a accom endatio con Bonvassallo de C a rta g e n ia e A n s u ix o de Sancto Genesio, per Tunisi e altrove. 14 g i u g n o 1191.",accomendatio,stans: Bonus Vasallus de Cartagenia; Ansuixus de Sancto Genesio | tractator: W. Caitus,3,lib . . x l .,0,lb. Genoese denarii,.NR,fìte tu r W ilie lm u s C aitus se portare in accom endatione a Bon o V asallo d e C a rta g e n ia lib,"io r u m , c a u sa n eg o cian d i, bona fide, ad quartam profìcui, in re d itu I a n u a m re d u",quarter of profit to the working party,.NR,.NR,.NR,.NR,.NR,.NR,"d i, bona fide, ad quartam profìcui, in re d itu I a n u a m re d u c e re p ro m ittit in potestate eorum vel certi m issi e o r u m p r o f",return into the investor's power,.NR,.NR,not extracted,.NR,yes,no,
CAS-0732-C,Guglielmo Cassinese I,732,294,"290, 291",1191-06-15,Genoa,Guglielmo Cassinese,"732. Ido di Albaro contrae una accom endatio con Ugo Laurei e suo cognato Ugo de Casanova, per Sardegna e Oltremare. 15 giugno 1191.",societas+accomendatio,stans: Hugo Laurel; Hugo de Casanova | tractator: Ido de Albario (his son Vivaldus travels),3,lib . .x.,0,lb. Genoese denarii,Sardiniam,iu s q u e H u g o n is debet p o rtare (3) in Sardiniam et in d e U ltr a m a r e e t in d e q u o,"navis, causa n e g o c ia n d i, b o n a fide, ad q u a rta m proficui",quarter of profit to the working party,.NR,.NR,.NR,.NR,.NR,.NR,.NR,.NR,.NR,.NR,not extracted,.NR,yes,no,"date: day and month from the editor heading; year OCR-damaged, taken from neighbouring acts"
CAS-0745-C,Guglielmo Cassinese I,745,300,296,1191-06-17,Genoa,Guglielmo Cassinese,"745. Genoardo drappiere si associa a ll’affare, anche con una somm a di G iovanni, inserviente di Im berte de Verzellato. 17 giugno 1191.",accomendatio (by reference to no. 744),stans: Genoardus draperius | tractator: Marchesius filius q. Bernardi de Teloso,2,lib. .xv. (5) sim iliter,0,lb. Genoese denarii,.NR,.NR,.NR,.NR,.NR,.NR,.NR,.NR,.NR,.NR,.NR,.NR,.NR,.NR,not extracted,.NR,no,no,continuation of no. 744; part belongs to a servant of Imbertus de Verzellato
CAS-0750-C,Guglielmo Cassinese I,750,302,298,1191-06-18,Genoa,Guglielmo Cassinese,"750. A lberto Pestagalla contrae accomendatio con Marchesio Cap utdu ro , per Marsiglia. 18 giugno 1191.",accomendatio,stans: Marchesius Caputdurus | tractator: Albertus Pestagalla,2,lib. . x v i i . et sol. .v. ad M arsiliam,0,lb. Genoese denarii,.NR,onfìtetur A lbertus Pestagalla se portare in accom endatione a M archesio C aputduro m il,gratis,gratis (no share to the working party),.NR,.NR,.NR,.NR,.NR,.NR,Et inde p ro m ittit reducere p ro m ittit in potestate eius vel sui certi m issi p rofìcu u m quod,return into the investor's power,.NR,.NR,not extracted,.NR,yes,yes,"date: day and month from the editor heading; year OCR-damaged, taken from neighbouring acts"
CAS-0810-C,Guglielmo Cassinese I,810,328,324,1191-07-09,Genoa,Guglielmo Cassinese,810. M archesio di Carignano stipula una accom endatio con Verdelia m o g lie di G uidone Borgognone per com m erciare in Tunisi e altrove. 9 luglio 1191.,accomendatio,stans: Verdilia uxor Widonis Bergognoni | tractator: Marchesius de Calignano,2,not extracted,0,lb. Genoese denarii,.NR,onfìtetur M archesius de C alignano se portare in acc o m en d atio n e a V erdilia uxore W idonis B ergognoni,"im et q u o ie rit cum aliis, causa negociandi, ad quartana p ro fìcui",quarter of profit to the working party,.NR,.NR,.NR,.NR,.NR,.NR,In re d itu vero Ian u am reducere p rom ittit in potestate eius vel sui certi m issi proficuum quod,return into the investor's power,.NR,.NR,not extracted,.NR,yes,no,
CAS-0866-C,Guglielmo Cassinese I,866,351,347,1191-07-29,Genoa,Guglielmo Cassinese,866. G iovanni da P ontrem oli contrae una accom endacio e u n a societas con Matelda m oglie di Rogerono e Mobilia m oglie di N icola M allone. 29 luglio 1191.,accomendatio,stans: Matelda q. uxor Rogeronis; Mabilia uxor Nicole Malloni | tractator: Iohannes de Pontremulo,3,lib. .x.,0,lb. Genoese denarii,.NR,"onfiletur Iohannes de P ontrem ulo se portare, vo lú n tate L airanci M alfiliastri presentís cum quo habet","T unexim , causa negociandi, ad q u arta m proficui",quarter of profit to the working party,.NR,.NR,.NR,.NR,.NR,.NR,Inde Januam red u cere p ro m ittit in potestate earu m vel certi m issi earum pro ficu u,return into the investor's power,.NR,.NR,not extracted,.NR,yes,no,
CAS-0875-C,Guglielmo Cassinese I,875,354,350,1191-08-14,Genoa,Guglielmo Cassinese,875. B ernardo de Soriano contrae una accom endatio con B ustico de A iro lo . 14 agosto 1191.,accomendatio,stans: Rustigus de Airolo | tractator: Bernardus de Soriano,2,lib. .mi. a,not extracted,lb. Genoese denarii,.NR,ad dies .xv. p ró x im as ex quo ipse vel suus m issus quesierit,.NR,.NR,quas ei vel eius m isso dare p ro m ittit,working party answers for capital,.NR,.NR,.NR,.NR,.NR,.NR,.NR,.NR,not extracted,sub pena d u p li,yes,yes,accomendatio as deposit: 4 lb. returnable within 15 days of demand under penalty; no voyage and no profit
CAS-0917-C,Guglielmo Cassinese I,917,368,364,1191-08-28,Genoa,Guglielmo Cassinese,917. O liverio N otula di Quarto contrae una accom endatio con B uonvassallo Barbavaira. 28 agosto 1191.,societas+accomendatio,stans: Bonus Vasallus Barbavaira; Iohannes Lombardus; W. Villani de Castello | tractator: Oliverius Notula de Quarto,4,lib. . c l i i .,0,lb. Genoese denarii,.NR,O liverius N otula de Q uarto se p o rtare in accom endatione a BonoN asallo B arbavaira lib,.NR,.NR,.NR,.NR,.NR,.NR,.NR,.NR,In re d itu vero Ian u am reducere p ro m ittit in potestate eius vel certi m issi p ro ficu u m q u,return into the investor's power,.NR,.NR,not extracted,.NR,yes,no,
CAS-0922-C,Guglielmo Cassinese I,922,369,"365, 366",1191-08-31,Genoa,Guglielmo Cassinese,922. G io v a n n i B albo co n tra e u n a accom endatio con Enrico Mazalc. 31 a g o s to 1191.,accomendatio,stans: Enricus Mazalis | tractator: Iohannes Balbus,2,lib. .xxxi. im plicatas,0,lb. Genoese denarii,.NR,r Io h a n n e s (5) B alb u s se p o rtare in accom endatione ab E nrico Mazali lib,"eg o cian d i q u o sibi videbitu r, bona fide, ad q u arta m proficui (2)",quarter of profit to the working party,.NR,.NR,.NR,.NR,.NR,.NR,In red itu vero lan u am reducere p ro m ittit in potestate eius vel sui certi m issi proficu u m quod,return into the investor's power,.NR,.NR,not extracted,.NR,yes,no,
CAS-0956-C,Guglielmo Cassinese I,956,383,379,1191-09-08,Genoa,Guglielmo Cassinese,956. B la n c a r d o di B ulgaro contrae una accom endatio con Oliviero M a rzo c o . 8 settem b re 1191.,accomendatio,stans: Oliverius Marzocus | tractator: Blancardus de Bulgaro,2,lib . . lxi,0,lb. Genoese denarii,Septam,r B la n card u s de B ulgaro se portare in accom endatione a b O liv e rio M arzoco lib,"lxi Septam , causa negociandi bona fide, a d q u a r ta m p ro fìcu i",quarter of profit to the working party,.NR,.NR,.NR,.NR,.NR,.NR,I n d e Ia n u a m red u cere p ro m ittit in potestate eius vel sui ■certi m is s i p ro fic u,return into the investor's power,.NR,.NR,not extracted,.NR,yes,no,
CAS-1005-C,Guglielmo Cassinese I,1005,401,397,1191-09-15,Genoa,Guglielmo Cassinese,1005. B alduino di Roderico contrae una accomendatio con O berlo Castagna. 15 settembre 1191.,accomendatio,stans: Obertus Castagna | tractator: Balduinus de Roderico,2,lib. .c.,0,lb. Genoese denarii,Constantinopolim,Confitetur Balduinus de Roderico se portare in accomendatione ab Oberto Castagna lib,"Constantinopolim et inde quo sibi videbitur causa negociandi, ad quartam proficui",quarter of profit to the working party,.NR,.NR,.NR,.NR,.NR,.NR,In reditu Ianuam reducere promittit in potestate eius vel sui certi missi profìcuum quod,return into the investor's power,.NR,.NR,not extracted,.NR,no,no,
CAS-1009-C,Guglielmo Cassinese I,1009,403,399,1191-09-16,Genoa,Guglielmo Cassinese,"1009. R ubaldo de Serrino, con il consenso dei soci G uglielm o Forn a n o e Oberto de Aquabona, contrae una accomandatio con A rd u in o de Canneto. 16 settembre 1191.",accomendatio,stans: Arduinus de Canneto | tractator: Rubaldus de Serrino,2,lib. . x l i i i i . et sol. .il.,0,lb. Genoese denarii,U ltram are,"Confìtetur Rubaldus de Serrino se portare, volúntate W ilielm i F o rn arii et Oberti de Aquabona presentium","are et inde quo sibi videbitur causa negociandi, ad q u a rta m profìcuj",quarter of profit to the working party,.NR,.NR,.NR,.NR,.NR,.NR,In reditu Ianu am reducere prom ittit in potestà le eius vel sui certi missi profìcuum quod,return into the investor's power,debet facere expensas per libram et luerari per libram cum rebus societatis,commingled,not extracted,.NR,yes,no,
CAS-1013-C,Guglielmo Cassinese I,1013,405,401,1191-09-16,Genoa,Guglielmo Cassinese,"1013. Giacomo Mazamor, con il consenso del socio G iovanni da Liége contrae una accomandatio con Gualterio, genero di Carlo. 16 settembre 1191.",accomendatio,stans: Gualterius gener Carli | tractator: Iacomus Mazamor,2,lib. . l x v i . et (2) et,0,lb. Genoese denarii,Ultram are,"Confìtetur Iacomus Mazamor se portare, volúntate Iohannis de Leges presentis cum quo habet societatem",Et debet implicare separatim et ad quartam proficuj,quarter of profit to the working party,.NR,.NR,.NR,.NR,.NR,.NR,In reditu Ia n u a m reducere promittit in potestate eius vel sui certi missi profìcuum quod,return into the investor's power,Et debet implicare separatim et ad quartam,several-accounts,not extracted,.NR,yes,yes,"date: day and month from the editor heading; year OCR-damaged, taken from neighbouring acts"
CAS-1017-C,Guglielmo Cassinese I,1017,408,"402, 403",1191-09-16,Genoa,Guglielmo Cassinese,1017. A nsaldo H ospinel contrae u n a accom andatio con G iovanni Boleto e Oberto da Nonatar. 16 settembre 1191.,accomendatio,stans: Iohannes Boletus; Obertus de Nonatar; Bernitio Scotus | tractator: Ansaldus Hospinel,4,lib. .c. U ltram are et quo sibi videbitur,0,lb. Genoese denarii,U ltram are,Confìtetur Ansaldus Hospinel se portare in acc o m en d atio n e a Johanne Boleto et ab Oberto de Nonatar,"ltram are et quo sibi videbitur causa negociandi, ad q uartam profìcuj",quarter of profit to the working party,.NR,.NR,.NR,.NR,.NR,.NR,"In reditu Ianuam reducere prom ittit in potestate e o ru m vel certi missi eorum , vel Bernitionis",return into the investor's power,.NR,.NR,not extracted,.NR,yes,no,
CAS-1021-C,Guglielmo Cassinese I,1021,410,"404, 405",1191-09-16,Genoa,Guglielmo Cassinese,"1021. Onorato di G iovanni Boleto contrae una accom andatio con la societas che B ern itio n Scoto ha con G iovanni Boleto, Baiam o n te Barlaira e P ignolo. 16 settem bre 1191.",accomendatio,stans: Bernitio Scotus; Pignolus; Iohannes Boletus; Bajamons Barlaira | tractator: Honoratus filius Iohannis Boleti,5,lib. . c c l x x x i i i i .,0,lb. Genoese denarii,Ultram are,"n is Boleti, iussu sui patris, se portare in accom endatione lib","invenerit, p o rtet quo sibi videbitur causa negociandi, ad quartam profìcui, et ex> pendat per libram (1)",quarter of profit to the working party,.NR,.NR,.NR,.NR,.NR,.NR,In reditu vero Ianuam reducat in potestate eorum vel certi missi eorum proiicuum quod,return into the investor's power,.NR,.NR,not extracted,.NR,yes,no,
CAS-1028-C,Guglielmo Cassinese I,1028,412,"406, 407",1191-09-17,Genoa,Guglielmo Cassinese,1028. A n su ix o da San Genesio contrae u n a acco m an datio con Merlo da C am ogli. 17 settem bre 1191.,accomendatio,stans: Merlus de Camugi | tractator: Ansuixus de Sancto Genesio,2,lib. . x l cum oxpensis,0,lb. Genoese denarii,Ultram are,Confitetur Ansuixus de Sancto Genesio se p o rta re in accom endatione a Merlo de Camugi petias,"quo sibi videbitur causa n eg o cian d i, (2) et ad quartana proficui",quarter of profit to the working party,.NR,.NR,.NR,.NR,.NR,.NR,In reditu vero Ian u am red u ce re p r o m ittit in potestate eius vel sui certi missi profìcuum quod,return into the investor's power,.NR,.NR,not extracted,.NR,yes,no,"date: day and month from the editor heading; year OCR-damaged, taken from neighbouring acts"
CAS-1040-C,Guglielmo Cassinese I,1040,416,410,1191-09-18,Genoa,Guglielmo Cassinese,1040. E n rico Tosano p ren d e in accom endatione denaro da P elegrina m o g lie di Ugone B ernardi. 18 settem bre 1191.,accomendatio (by reference to no. 1038),stans: Pelegrina uxor Hugonis Bernardi | tractator: Enricus Tosanus,2,lib. .x. et sol. .vm. ad q u arta m profìcui,0,lb. Genoese denarii,.NR,.NR,"ad q u arta m profìcui, et est u t supra",quarter of profit to the working party,.NR,.NR,.NR,.NR,.NR,.NR,.NR,.NR,.NR,.NR,not extracted,.NR,no,no,continuation of no. 1038
CAS-1046-C,Guglielmo Cassinese I,1046,418,412,1191-09-19,Genoa,Guglielmo Cassinese,"1046. ldo Mazalis contrae u n a a c c o m a n d a lo co n M ontanaria, m o glie di E nrico G ontardo. 19 settem bre 1191.",accomendatio,stans: Montanaria uxor Enrici Gontardi | tractator: Ido Mazalis,2,lib. .x. U ltram are et quo sibi v id ebilur,0,lb. Genoese denarii,U ltram are,Confitetur ldo Mazalis se portare in accom endatione a M ontanaria uxore Enrici G ontardi lib,"negociandi, et facere expensas per libranti, et ad q u a rta m profìcui",quarter of profit to the working party,.NR,.NR,.NR,.NR,.NR,.NR,In reditu Ia n u a m reducere p ro m ittit in potestate eius vel sui certi missi profìcuum quod,return into the investor's power,.NR,.NR,not extracted,.NR,yes,no,
CAS-1061-C,Guglielmo Cassinese I,1061,423,417,1191-09-23,Genoa,Guglielmo Cassinese,1061. G iovanni Rapallo prende in accom endatione denaro da Berla per traffici in C ostantinopoli. 23 settembre 1191.,accomendatio,stans: Berta sutrix | tractator: Iohannes Rapallus,2,lib. .x.,0,lb. Genoese denarii,Constantinopolim,Confiletur Iohannes Rapallus se portare in accom endatione a Berta sutrice lib,"negociandi, sine expensis preter in furnire res, ad quartana proficuj",quarter of profit to the working party,.NR,.NR,.NR,.NR,.NR,.NR,In redilu Ian u am reducere prom ittit in potestate eius vel sui certi mi ssi proficuum quod,return into the investor's power,.NR,.NR,not extracted,.NR,yes,no,
CAS-1063-C,Guglielmo Cassinese I,1063,424,418,1191-09-21,Genoa,Guglielmo Cassinese,"1063. O livero M arzoco, p e r vo lo n tà del socio A n sa ld o P o m a rio , prende in acc o m en d atio n e denaro da G u g lie lm o Barbavaira per traffici in O ltrem are. 21 settem bre 1191.",accomendatio,stans: W. Barbavaira | tractator: Oliverius Marzocus,2,lib. . l x x v i i i i . et sol. .vi. et,0,lb. Genoese denarii,U ltram are,"Confitetur Oliverius Marzocus se portare, v o lú n tate A rnaldi Fornarii presentís c u m quo h a b e",.NR,.NR,.NR,.NR,.NR,.NR,.NR,.NR,In re d itu I a n u a m reducere p ro m ittit in potestate eius vel sui certi m issi p ro fìc u u m,return into the investor's power,.NR,.NR,not extracted,.NR,yes,no,
CAS-1078-C,Guglielmo Cassinese I,1078,430,424,1191-09-23,Genoa,Guglielmo Cassinese,"1078. Mazuco di P om ario, p er vo lo n tà dei soci A n tu lo da Croce, Oberto suo nipote, e O berto di A q u a b o n a , p ren d e in a cc o m en da lione deim ro da R o la n d o di C anneto p er traffici in C ostantinopoli e altrove. 23 settem bre 1191.",accomendatio,stans: Rolandus de Canneto | tractator: Mazucus de Pomario,2,not extracted,0,lb. Genoese denarii,Constantinopoli,C o n stan tin o p o lim et in d e in duobu s aliis viaticis,"possit m itlere ei in Ian ua et cu m testibus, et ad q u a rla m proficui",quarter of profit to the working party,.NR,.NR,.NR,.NR,.NR,.NR,Constantinopoli vero vel de aliis duobus viaticis si faciet redu cere p ro m ittit in potestate eius vel certi missi p ro ficu u m quod,return into the investor's power,"Et debet imjiiicare separatim , et facere",several-accounts,not extracted,.NR,yes,yes,three voyages: the value set has no state for a bounded series of ventures
CAS-1082-C,Guglielmo Cassinese I,1082,432,426,1191-09-24,Genoa,Guglielmo Cassinese,"1082. M archisio di Vulpaira, p er vo lo n tà dei soci G io va n n i, cognato di Carlo e D onadío Caldera, p ren d e in acco m endalioiie denaro da G ualterio, genero di Carlo, p er traffici in O ltrem are. 24 settem bre 1191.",societas+accomendatio,stans: Gualterius gener Carli; Guida | tractator: Marchesius de Vulpaira,3,lib. .cv. et sol. .vm.,0,lb. Genoese denarii,U ltram are,"Confìtetur Marchesius de V ulpaira se p ortare in accom en dalion e, volúntate Io h an n is cognato (2) Carli","et inde quo ie rit c u m aliis causa negociandi, ad q u a rta m proficui, que debet pon eré in societate",quarter of profit to the working party,.NR,.NR,.NR,.NR,.NR,.NR,In re d itu Ian u a m reducere p ro m ittit in potestate eius vel sui certi m issi profic u u m quod,return into the investor's power,"ei in I a n u a et cu m testibus, et im p lic a re sep aratin g et facere",several-accounts,not extracted,.NR,yes,yes,
CAS-1087-C,Guglielmo Cassinese I,1087,434,428,1191-09-24,Genoa,Guglielmo Cassinese,"1087. O berto M antello p rende in acco m en datio ne denaro da Sofia m o g lie di Streia, fig lio di Stregiaporco, p er traffici in O ltrem a re. 24 settem bre 1191.",accomendatio,stans: Sophia uxor Streje | tractator: Obertus Mantellus,2,lib. .xv. U ltram are et ind e quo ierit,0,lb. Genoese denarii,U ltram are,C onfìtetur O bertus Mantellus se portare in accom endatione a S ophia u xore Streja fìlii Strejaporci,gratis,gratis (no share to the working party),.NR,.NR,.NR,.NR,.NR,.NR,In rc d ilu I a n u a m reducere p ro m ittit in potestate eius vel sui certi m issi p ro fic u u m,return into the investor's power,.NR,.NR,not extracted,.NR,yes,yes,
CAS-1089-C,Guglielmo Cassinese I,1089,434,428,1191-09-24,Genoa,Guglielmo Cassinese,1089. O tachino p rende in accom endatione denaro da P ietro Granaira p er traffici in C ostantinopoli. 24 settembre 1191.,accomendatio,stans: Petrus Granaira | tractator: Otachinus sartor,2,lib. .ira. im plicatas,0,lb. Genoese denarii,.NR,Confìtetur O tachinus sartior se p ortare in accom endatione a P etro G ranaira lib,"aliis que portai, causa negociandi bon a fide, ad m edietatem proficui",half of profit to the working party,.NR,.NR,.NR,.NR,.NR,.NR,In red itu Ia n u a m reducere p ro m ittit in potestate eius vel sui certi missi p ro ficu u m quod,return into the investor's power,.NR,.NR,not extracted,.NR,yes,no,
CAS-1093-C,Guglielmo Cassinese I,1093,436,430,1191-09-24,Genoa,Guglielmo Cassinese,1093. M archisio Zurlo p ren d e in acc o m en d atio n e denaro da A n suiso di San Genesio p er traffici in C o sta n tin o p o li. 24 settem bre 1191.,accomendatio,stans: Ansuixus de Sancto Genesio | tractator: Marchesius Zurlus,2,lib. .c. C o n stan tin o p o lim et,0,lb. Genoese denarii,.NR,Confìtetur Marchesius Z urlus se po rtare in a c c o m en d atio n e ab Ansuixo de Sancto Genesio lib,"ierit cu m suis causa n ego eia n di b o n a fide, ad q u a r tam proficuj",quarter of profit to the working party,.NR,.NR,.NR,.NR,.NR,.NR,In reditu Ia n u a m reducere p ro m ittit in potestate eius vel sui certi m issi proficuum quod,return into the investor's power,.NR,.NR,not extracted,.NR,yes,no,traveller may not lend except to a merchant on good pledge; carries 200 lb. of his own invested together
CAS-0012-S,Guglielmo Cassinese I,12,8,8,1190-12-29,Genoa,Guglielmo Cassinese,"12. Pietro de Silo contrae u n a societas e altro affare di commercio con S ilo de Burgo, R ainaldo Bocheto, Balduino de Silo e Gug lielm o Parvo di Canneto, p er Napoli e altrove. 29 dicembre 1190.",societas,stans: Sylus de Burgo; Rainaldus Bochetus | tractator: Petrus de Svio,3,lib. .l. et a R ainaldo,"et de suis lib. . L . , Napolim",lb. Genoese denarii,Napolim,Confitetur Petrus de Svio se p o rtare in societate a Sylo de Burgo lib,"ad quartam proficui, que debet reverti ad societatem",half of profit on the societas; side placements at a quarter,.NR,.NR,.NR,.NR,.NR,.NR,In reditu vero J a n u a m reducere p ro m ittit in potestate eorum vel certi missi eorum p ro ficu u,return into the investor's power,.NR,.NR,not extracted,.NR,yes,no,
CAS-0020-S,Guglielmo Cassinese I,20,11,"11, 12",1191-01,Genoa,Guglielmo Cassinese,"20. Im b erto de Vezastello rilascia una dichiarazione circa la sccietas, di cui a ll’atto precedente, che è stata aum entata. Porta a trafficare u n anello con zaffiro, per conto di O ddone de Melazo. g ennaio 1191.",societas,stans: Ionathas Cavaruncus; Oddo de Melazo | tractator: Imbertus de Vezastello,3,lib. .cl .,not extracted,lb. Genoese denarii,.NR,Gonfìtetur idem Im bertus portare has lib,.NR,.NR,.NR,.NR,.NR,.NR,.NR,.NR,.NR,.NR,.NR,.NR,not extracted,.NR,yes,no,restatement of an augmented societas
CAS-0032-S,Guglielmo Cassinese I,32,17,15,1191-01-05,Genoa,Guglielmo Cassinese,"32. O liverio Oregono contrae una societas, per traffico in Tunisi e altro ve, con A gnese vedova di Oliverio Malfiliastro. 5 gennaio 1191.",societas,stans: Agnes uxor q. Oliverii Malfiliastri | tractator: Oliverius Oregonus,2,lib. .mi. et d e n ........,not extracted,lb. Genoese denarii,Tunexim,n iìte tu r Oliverius Oregonus se portare in società te ab Agnete uxore q u o n d a m Oliverii Malfìliastri,"Et salvo capitali, prof ìcu u m p er m ed iu m debet partiri",half of profit to the working party,.NR,.NR,.NR,.NR,.NR,.NR,"videbitur causa negociandi, bona fide In reditu J a n u a m reducere p rom ittit in potestate eius vel sui [certi missi p r o f i] c u",return into the investor's power,.NR,.NR,not extracted,.NR,yes,no,lacuna where the traveller's contribution would stand
CAS-0038-S,Guglielmo Cassinese I,38,20,18,1191-01-07,Genoa,Guglielmo Cassinese,"38. G iovanni di Castello contrae una societas con Vassallo Straileire, per com m erciare in Sicilia e altrove. 7 gennaio 1191.",societas,stans: Vasallus Stralleira | tractator: Iohannes de Castello,2,lib. .cxx. et,et de suis lib. . l x . in Siciliam et ind e quo,lb. Genoese denarii,Siciliam,Confitetur Jo hannes de Castello se portare in societate a Vasallo Strai [leire] lib,"que debent lucrali et expendere per libram , ad [q u a rta m proficui], que debet reverti ad societatem (4)",half of profit on the societas; side placements at a quarter,.NR,.NR,.NR,.NR,.NR,.NR,In reditu J a n u a m reducere p ro m ittit in potestate eius vel sui certi missi pro ficu u m quod,return into the investor's power,.NR,.NR,not extracted,.NR,yes,no,
CAS-0053-S,Guglielmo Cassinese I,53,25,23,1191-01-10,Genoa,Guglielmo Cassinese,53. P aolo dra p erio contrae u n a societas con Giovanni Grita e Gug lie lm o F o rn a rio de Clavica. 10 gennaio 1191.,societas,stans: Iohannes Grita; W. Fornarius de Clavica | tractator: Paulus draperius,3,lib. . l x . [et,"[et de suis] lib. . l x . , causa",lb. Genoese denarii,.NR,usque ad kalen das j a n u a r i i proxim i,"a n u a r i i proxim i, et tu n c dare prom ittit te[rciam ] proficui q u o d D eu s dederit, bona fide, et",third of profit to the working party,"dare prom ittit te[rciam ] proficui q u o d D eu s dederit, bona fide, et capitale, sub pena dupli",working party answers for capital,.NR,.NR,"eu s dederit, bona fide, et capitale, sub pena dupli stip u la ta in suis bonis [que om nia eis p i]gno ri obligat",general pledge,.NR,.NR,.NR,.NR,not extracted,sub pena dupli stip u la,yes,yes,shop; to 1 January; capital and a third of profit promised under penalty and general pledge; land-based
CAS-0074-S,Guglielmo Cassinese I,74,33,31,1191-01-16,Genoa,Guglielmo Cassinese,"74. O liv e r io O regano d ic h ia ra di portare a T unisi in societale, u n a s o m m a d i F ilip p o de L eva n t. 16 g enn aio 1191.",societas,stans: Rubaldus nepos Philippi de Levant; Agnes uxor q. Oliverii Malfiliastri | tractator: Oliverius Oreganus,3,lib. .xxxvi. et,"et de suis lib. .xvm., in quib",lb. Genoese denarii,.NR,r O liv e riu s O re g a n u s se p ortare in societate a Rubaldo n e p o t e P h i l i p p i de L e v,"a d q u a r t a n a p ro fic u i, q u e debet reverti a d societatem",half of profit on the societas; side placements at a quarter,.NR,.NR,.NR,.NR,.NR,.NR,Inde reducere p r o m i t l i t i n po te state eius vel sui certi missi proficuum quod,return into the investor's power,.NR,.NR,not extracted,.NR,yes,no,6 lb. of the traveller's contribution come from his societas with Agnes
CAS-0093-S,Guglielmo Cassinese I,93,41,39,1191-01-19,Genoa,Guglielmo Cassinese,93. R aim ondo Unaldo contrae una societas con Corso de Palazolo. 19 gennaio 1191.,societas,stans: Corsus de Palazolo | tractator: Raimundus Unaldus,2,lib. . c x l . et,"et de suis lib. . c l x v t . , causa",lb. Genoese denarii,.NR,usque ad a n n u m,"capite an n i ( 1 ) prom ittit dare ei capitale et medietalem proficui quod Deus dederit, sub pena dupli",half of profit to the working party,"prom ittit dare ei capitale et medietalem proficui quod Deus dederit, sub pena dupli",working party answers for capital,.NR,.NR,.NR,.NR,.NR,.NR,.NR,.NR,not extracted,sub pena dupli,yes,yes,in terra for a year; land-based
CAS-0106-S,Guglielmo Cassinese I,106,46,"44, 45",1191-01-22,Genoa,Guglielmo Cassinese,"106. G u g lielm o caldem rio contrae una societas con Guglielmo fratello di G iovanni Parvo, Ottone de Langasco e Grillo, per affari « in botea ». 22 gennaio 1191.",societas,stans: W. frater Iohannis Parvi; Otto de Langasco; Grillus | tractator: W. calderarius,4,lib. *c. et [de suis] lib. .ix x .,"et [de suis] lib. .ix x ., causa",lb. Genoese denarii,.NR,usque ad sanctum Andream,"in d u m en ta uxori, proficuum quod Deus dederil per m edium debebit, dividi",half of profit to the working party,.NR,.NR,.NR,.NR,.NR,.NR,.NR,.NR,.NR,.NR,not extracted,.NR,yes,yes,shop for a year; profit after expenses; land-based
CAS-0112-S,Guglielmo Cassinese I,112,49,47,1191-01-23,Genoa,Guglielmo Cassinese,"112. Rogerio da Pegli e B ertolino de Porcellis contraggono una societas, per la Sardegna, Bugia, e altro viaggio. 23 g en n aio 119L.",societas,stans: Bertolinus de Porcellis | tractator: Rogerius de Pelio,2,lib. .mi. et,"et de suis lib. .i i ., in Sardiniam",lb. Genoese denarii,Sardiniam,et inde in u n o alio viatico quo maluerit,"Et salvo capitali, profìcuum per m ed ium debet partiri",half of profit to the working party,.NR,.NR,.NR,.NR,.NR,.NR,Inde n u llo alio viatico m utato reducere p ro m ittit J a n u a m in potestale eius vel sui certi missi profìcuum quod,return into the investor's power,.NR,.NR,not extracted,.NR,yes,yes,"a bounded series of voyages: the value set has no state for it; date: day and month from the editor heading; year OCR-damaged, taken from neighbouring acts"
CAS-0123-S,Guglielmo Cassinese I,123,53,51,1191-01-24,Genoa,Guglielmo Cassinese,"123. O pizone del fu Ugo di Castello contrae una societas con G u g lielm o Malfigliastro, per Napoli e altrove. 24 gennaio 1191.",societas,stans: W. Malfiliaster | tractator: Opizo q. Ugonis de Castello,2,lib. .ccxxxi. et,et de suis lib . .cxv N apolim et inde quo sibi,lb. Genoese denarii,.NR,quondam filius Ugonis de Castello se p o rta re in societate a Wilielmo Malfiliastro lib,"ad quarlam proficui, que debet revertí ad societatem",half of profit on the societas; side placements at a quarter,.NR,.NR,.NR,.NR,.NR,.NR,In reditu vero Januam reducere p ro m ittit in potestate eius vel sui certi missi proficuum quod,return into the investor's power,.NR,.NR,not extracted,.NR,yes,no,part of the capital is a societas made by the consuls from the goods of the sons of Bauditio Vescontus
CAS-0143-S,Guglielmo Cassinese I,143,61,59,1191-01-26,Genoa,Guglielmo Cassinese,"143. Vassallo di Albaro contrae una soeietas con G iovanni da Liégc e Vassallo Rapailino, per la Sardegna. 26 g enn aio 1191.",societas,stans: Iohannes de Leges; Vasallus Rapallinus | tractator: Vasallus de Albario,3,lib. .l .,"et de suis lib. . l ., in Sardiniam",lb. Genoese denarii,Sardiniam,Confitetur Vasallus de Albario se portare in societate a Jo h a n n e de Leges lib,"ad quartam profìcui, et que debet reverti ad societatem",half of profit on the societas; side placements at a quarter,.NR,.NR,.NR,.NR,.NR,.NR,In reditu J an u am reducere prom ittit in potestate eorum vel certi missi e o ru m proficuum,return into the investor's power,.NR,.NR,not extracted,.NR,yes,no,
CAS-0150-S,Guglielmo Cassinese I,150,63,61,1191-01-27,Genoa,Guglielmo Cassinese,150. G iovanni Matus di Chiavari contrae una societas con A lda del fu B alduino de Campo per affari in Riviera ligure. 27 gennaio 1191.,societas,stans: Alda filia q. Ralduini de Campo | tractator: Iohannes Matus de Clavari,2,lib. .mi. et [de suis] sol. . i l .,et [de suis] sol. . i l . causa negociandi usque,lb. Genoese denarii,Riveriam,usque ad kalendas augusti proxim i,"fide, et tu nc dare p ro m ittit dare ei capitale et medietatem proficui quad Deus dederit, sub pena dupli",half of profit to the working party,"dare p ro m ittit dare ei capitale et medietatem proficui quad Deus dederit, sub pena dupli in suis bonis",working party answers for capital,.NR,.NR,"medietatem proficui quad Deus dederit, sub pena dupli in suis bonis",general pledge,.NR,.NR,.NR,.NR,not extracted,sub pena dupli in suis bonis,yes,yes,along the Genoese Riviera until 1 August; land-based
CAS-0184-S,Guglielmo Cassinese I,184,77,"75, 76",1191-02-05,Genoa,Guglielmo Cassinese,184. O liviero da Sestri Ponente del fu Marufio e G uglielm o da Sestri P onente contraggono una societas per affari in Sardegna e altrove. 5 febbraio 1191.,societas,stans: W. de Sexto; W. Zirbinus | tractator: Oliverius de Sexto,3,lib. . x i i . et,"et de suis lib. .vi. in Sardin iam , causa",lb. Genoese denarii,Sardin,Sexto fìlius Marufì q u o n d a m se p o rtare in societate a W ilielmo de Sexto lib,"m Ianue cum capitali et salvo capitali, proficuum per m e d iu m debet partiri",half of profit to the working party,.NR,.NR,.NR,.NR,.NR,.NR,Inde Ianuam reducere prom ittit in poteslate eius \ e l sui certi missi proficuum quod,return into the investor's power,.NR,.NR,not extracted,.NR,yes,no,half of the investor's 12 lb. belongs to W. Zirbinus
CAS-0207-S,Guglielmo Cassinese I,207,86,84,1191-02-12,Genoa,Guglielmo Cassinese,207. Oberto Rosso e M artino Corto contraggono una societas per affari d o vu n q u e voglia Oberto. 12 febbraio 1191.,societas,stans: Martinus Curtus | tractator: Obertus Rubeus,2,lib. .c. et,"et de suis lib. . l . , causa",lb. Genoese denarii,.NR,In reditu vero J a n u a m reducere prom ittit in potestate eius vel sui,"E t salvo capitali, profìcuum per m edium debet partiri",half of profit to the working party,.NR,.NR,.NR,.NR,.NR,.NR,In reditu vero J a n u a m reducere prom ittit in potestate eius vel sui certi missi profìcuum quod,return into the investor's power,.NR,.NR,not extracted,.NR,yes,no,"date: day and month from the editor heading; year OCR-damaged, taken from neighbouring acts"
CAS-0218-S,Guglielmo Cassinese I,218,90,88,1191-02-16,Genoa,Guglielmo Cassinese,218. Villano A xa xin o e G uglielm o Rataldo contraggono una societas per affari in Catalogna e altrove. 16 febbraio 1191.,societas,stans: W. Rataldus | tractator: Villanus Axaxinus,2,lib. . l x . et,"et de suis lib. .xxx. in Catalognam, et inde",lb. Genoese denarii,"Catalognam,",Confitetur Villanus Axaxinus se portare in società te a Wilieuno Rataldo lib,"ad quartam proficui, que sit p ro pria (2) Villani",half of profit on the societas; side placements at a quarter,.NR,.NR,.NR,.NR,.NR,.NR,.NR,.NR,.NR,.NR,not extracted,.NR,yes,no,traveller may borrow on the societas and accomendatio if needed for the ship's cargo
CAS-0249-S,Guglielmo Cassinese I,249,103,101,1191-02-28,Genoa,Guglielmo Cassinese,249. G io v a n n i Usura e G uglielm o Ponzio contraggono una societa s i n c o m u n e con la societas di cui al doc. 2U8. 28 febbraio 1191.,societas,stans: W. Pontius | tractator: Iohannes Usura,2,lib . . l x x i i .,"et d e suis lib . .xxxvi., in Sicdiam",lb. Genoese denarii,.NR,ìte tu r Io h a n n e s U sura se portare in societate a W ilielmo Pontio lib,a d q u a r ta m p ro fìcu i,half of profit on the societas; side placements at a quarter,.NR,.NR,.NR,.NR,.NR,.NR,(1) In d e Ia n u a m red u cere p ro m ittit in potestate eius vel sui c e rti m is s i p ro fìc u,return into the investor's power,.NR,.NR,not extracted,.NR,yes,no,
CAS-0263-S,Guglielmo Cassinese I,263,109,107,1191-03-06,Genoa,Guglielmo Cassinese,263. O tto C a lc h erio e O gerio• da Cartagenia contraggono una societas p e r a ffa ri O ltrem are e altrove. 6 m arzo 1191.,societas,stans: Ogerius de Cartagenia | tractator: Otto Calcherius,2,lib . . l x i i . (3),"(3), et de suis lib. .xxxi. (4), Ultram",lb. Genoese denarii,Ultram are,fìte tu r O tto C alch eriu s se p o rtare in societate ab Ogerio de C a rta g e n ia lib,"lue ra ri et e x p e n d e r e p er lib ra m , et ad q u artam profìcui que debet revertí a d so c ie ta te",half of profit on the societas; side placements at a quarter,.NR,.NR,.NR,.NR,.NR,.NR,In reditu Ia n u a m r e d u c e re p ro m ittit in potestate eius vel sui certi m issi proficu u m q,return into the investor's power,.NR,.NR,not extracted,.NR,yes,no,
CAS-0273-S,Guglielmo Cassinese I,273,113,111,1191-03-08,Genoa,Guglielmo Cassinese,"273. M a n fr e d o da R o vereto da San Donato, usa parte del capitale d i u n a società® c h ’egli ha con Oberto da Acquabona, per contra rre u n a n u o va societas con tre donne, per affari in Tunisia. 8 m a rz o 1191.",societas,stans: Aida uxor q. Ottonis Guercii; Ermelina de Turri; Sibilia de Poma; Obertus de Aquabona | tractator: Manfredus de Rovereto,5,lib. .xn.,0,lb. Genoese denarii,.NR,d e Rovereto de Sancto Donato se portare in so cietate d e re b u s /Vide uxoris quondam Ottonis Guercii,"Et salvo capitali, profìc u u m p e r m e d iu m debet p a rtiri",half of profit to the working party,.NR,.NR,.NR,.NR,.NR,.NR,Inde J a n u a m r e d u c e re p ro m ittit in potestate earum vel certi missi earum p ro fìc u u,return into the investor's power,.NR,.NR,not extracted,.NR,yes,no,no contribution by the traveller stated
CAS-0289-S,Guglielmo Cassinese I,289,119,"117, 118",1191-03-14,Genoa,Guglielmo Cassinese,"289. G io v a n n i de D edo, Piero, A n tu lo e Oberto della Croce contra g g o n o u n a societas p e r affari in Provenza fino a Montpellier. G io v a n n i p o rta anche altra m erce data da terzi in consegna ai della C roce. 14 m arzo 1191.",societas,stans: Petrus de Cruce; Antulus de Cruce; Obertus de Cruce | tractator: Iohannes de Dedo,4,lib . .xxx. et,et de suis lib. .xv. in Provintiam et u s q u,lb. Genoese denarii,Provintiam,fite tu r Io h a n n e s de Dedo se po rtare in societate a Petro et Antu lo et O b e rto de C ruce lib,"ad quartam p ro fìcu i, e t q u e lib re d eb en t",half of profit on the societas; side placements at a quarter,.NR,.NR,.NR,.NR,.NR,.NR,Inde lan u a m re d u c e re p ro m ittit in potestate eorum vel certi missi eorum p ro fic u u,return into the investor's power,e lib re d eb en t expendere et lu erari per libram cum societate,commingled,not extracted,.NR,yes,no,
CAS-0303-S,Guglielmo Cassinese I,303,124,122,1191-03-16,Genoa,Guglielmo Cassinese,303. Ogerio Porco e D onnice madre di Sozzobuono contraggono una societas p er affari in Sicilia e altrove. La parale di Donnice è costituita da beni di Sozzobuono. 16 marzo' 1191.,societas,stans: Donnica mater Suzuboni | tractator: Ogerius Porcus,2,lib. . l x . et,et de suis lib. .xxx. in S iciliam et in d e quo,lb. Genoese denarii,.NR,"C onfìtetur O gerius Porcus se porlare in societate de rebus Suzub o n i a D onnice, m atre Suzuboni,'","Et salvo capitali, profìcuum per m edium d eb et p a rtiri",half of profit to the working party,.NR,.NR,.NR,.NR,.NR,.NR,In reditu vero Ianuam reducere proni ittit in potestà te (1) Suzuboni vel eius certi missi profìcuum,return into the investor's power,Et debet im p licare separatim,several-accounts,not extracted,.NR,yes,yes,"oath; not to defraud beyond 40 s.; date: day and month from the editor heading; year OCR-damaged, taken from neighbouring acts"
CAS-0310-S,Guglielmo Cassinese I,310,127,125,1191-03-18,Genoa,Guglielmo Cassinese,310. (1) Guarnerio de Verzellato e Martino Corto contraggono u n a societas per due anni per affari dovunque voglia Guarniero.. 18 m arzo 1191.,societas,stans: Martinus Curtus | tractator: Guarnerius de Verzellato,2,lib. . x x i i i i . et,"et de suis lib. . x i i ., causa",lb. Genoese denarii,.NR,usque ad annos. .n.,et tunc p ro m ittit dare ei capitale et medietatem proficui quod Deus dederit sibi habere aliquo,half of profit to the working party,p ro m ittit dare ei capitale et medietatem proficui quod Deus dederit sibi habere aliquo modo sub pena dupli,working party answers for capital,.NR,.NR,.NR,.NR,.NR,.NR,.NR,.NR,not extracted,sub pena dupli (-3),yes,yes,shop (statio) for two years; investor to provide food; land-based
CAS-0317-S,Guglielmo Cassinese I,317,132,128,1191-03-20,Genoa,Guglielmo Cassinese,"317. Ogerio porla, com e sopra, dei beni di Ogerio Scolo. 20 marzo 1191.",societas (by reference to no. 316),stans: Ogerius Scotus | tractator: Ogerius Porcus,2,lib. .xxvm .,"et de suis lib. . xiiii ., voluntate",lb. Genoese denarii,.NR,.NR,.NR,.NR,.NR,.NR,.NR,.NR,.NR,.NR,.NR,.NR,.NR,.NR,not extracted,.NR,yes,no,"continuation of no. 316, ut supra"
CAS-0327-S,Guglielmo Cassinese I,327,135,131,1191-03-20,Genoa,Guglielmo Cassinese,327. B aldovino Scoto e R ubaldo D iotisalvi contraggono u n a societas per affari in Sicilia e altrove. 20 m arzo 1191.,societas,stans: Rubaldus Detesalvus | tractator: Balduinus Scotus,2,lib . .ccc. et,et de suis lib. . c l . in Siciliana et in d e,lb. Genoese denarii,Siciliana,fìtetu r B a ld u in u s Scotus se p o rtare in societate a R ubaldo D etesalvo lib,"Et salvo capitali, pro ficu u m per m e d iu m debet p a rtiri",half of profit to the working party,.NR,.NR,.NR,.NR,.NR,.NR,In re d itu v ero J a n u a m red u cere prom ittit in potestate eius vel sui certi m issi p ro ficu u m,return into the investor's power,.NR,.NR,not extracted,.NR,yes,no,
CAS-0333-S,Guglielmo Cassinese I,333,137,133,1191-03-21,Genoa,Guglielmo Cassinese,333. A rd u in o Judeco da Rapallo ed Ingone della Volta co n tra g g o no una societas per affari in M arem ma ed in Sardegna. D ue a m ici pro m etto n o piena restituzione in caso di d a n n i causati da A rduino. 21 m arzo 1191.,societas,stans: Ingo de Volta | tractator: Arduinus Iudeus de Rapallo,2,lib. . x x v i i i . et,et de suis lib. .xim . in Marjtim am vel in S,lb. Genoese denarii,.NR,A rduinus Judeco de R ap allo se p o rta re m societale ab In g o n e de Volta lib,"Et salvo cap itali, profìcuum p e r m ed iu m debet p a rtiri",half of profit to the working party,.NR,.NR,.NR,.NR,.NR,.NR,In red ilu vero Jan u am reducere p ro m ittit in potestale eius vel sui certi m issi p roficuum quod,return into the investor's power,.NR,.NR,not extracted,"sub p en a d u pli, ab ren u",yes,yes,sureties answer for loss caused by the traveller's default or fault
CAS-0337-S,Guglielmo Cassinese I,337,139,135,1191-03-22,Genoa,Guglielmo Cassinese,337. Otto calch eriu s ed Ogerio da Cartagena contraggono u n a societas per affari in Soria e altrove. 22 m arzo 1191.,societas,stans: Ogerius de Cartagenia | tractator: Otto Calcherius,2,lib. x x ii . et,et de suis lib. .xxxi. U ltram are et in d e quo,lb. Genoese denarii,U ltram are,C onfìtetur Otto calcherius se p o rtare in societate ab O gerio de Cartagenia lib,"ad q u a rta m p r o fìcui, que debet reverti ad societatem , et",half of profit on the societas; side placements at a quarter,.NR,.NR,.NR,.NR,.NR,.NR,"In red itu Ja n u a m vero reducere, p ro m ittit in potestate eius vel sui certi m issi profìcuum quod",return into the investor's power,.NR,.NR,not extracted,.NR,yes,no,the traveller's contribution (31 lb.) exceeds the investor's (22 lb.)
CAS-0379-S,Guglielmo Cassinese I,379,154,150,1191-03-28,Genoa,Guglielmo Cassinese,379. Raim ondo Dodo e Beltramo Sicardo (?) contraggono una societas per affari in Sicilia. 28 marzo 1191.,societas,stans: Raimundus Dodus; Bertramus Sicardus | tractator: Raimundus Dodus; Bertramus Sicardus,2,lib. . c l .,not extracted,lb. Genoese denarii,Siciliani,.NR,"Et salvo capitali cuisque, profìcuum quod fuerit per mediu m debebit dividi",half of profit to the working party,.NR,.NR,.NR,.NR,.NR,.NR,.NR,.NR,.NR,.NR,not extracted,.NR,yes,yes,both contribute and carry in common
CAS-0382-S,Guglielmo Cassinese I,382,155,151,1191-03-08,Genoa,Guglielmo Cassinese,382. G u g l i e l m o da S a n G iorgio deve portare in Sicilia e altrove una p a r t e d i s o c ie ta s che ha co n Ansuisso di San Genesio. Il resto r i m a n e n e l l e in a n i d ’A n su isso per affari dovunque voglia e<so A n s u i s s o . 2 8 m a rz o 1191.,societas,stans: Ansuixus de Sancto Genesio | tractator: W. de Sancto Georgio,2,not extracted,not extracted,lb. Genoese denarii,.NR,ilie lm u s de Sancto Georgio se portare de societa te q u a m h a b e t c u m A n su ix o de Sancto,.NR,.NR,.NR,.NR,ad fortunam utriusq u e t a r n e n,shared,.NR,.NR,In red itu Ianuam reducere promittit in p o t e s t a t e e i u s v e l sui certi m is s i profìcuum,return into the investor's power,.NR,.NR,not extracted,.NR,yes,no,carried from an existing societas; traveller may not lend except to a merchant on good pledge
CAS-0387-S,Guglielmo Cassinese I,387,157,"153, 154",1191-03-09,Genoa,Guglielmo Cassinese,"387. B o n o v a s a llo d i B o n ifa z io da Piazzalunga, Rubaldo ed Enrico D io ti s a l v i c o n tr a g g o n o u n a societas per affari in Bugia ed altr o v e . 2 9 m a r z o 1191.",societas,stans: Rubaldus Detesalvus; Enricus Detesalvus | tractator: Bonus Vasallus filius Bonefacii de Platea Longa,3,lib. .xl . et ab,"e t d e s u i s lib. . x l ., B uzeam",lb. Genoese denarii,.NR,filius Bonefacii de PlateaLonga se porta r e i n s o c i e t a t e a R u b a ld o Detesalvo lib,"Et salvo capitali, proiicuum per medium debet partiri",half of profit to the working party,.NR,.NR,.NR,.NR,.NR,.NR,In reditu vero Ianuam reducere p r o m i t t i t i n p o te state e o r u m vel certi missi profìcuum quod,return into the investor's power,.NR,.NR,not extracted,.NR,yes,no,
CAS-0407-S,Guglielmo Cassinese I,407,166,162,1191-04-01,Genoa,Guglielmo Cassinese,407. Martino di Carro e Giovanni di Criva contraggono una societas coi della Croce per affari in Sardegrva. 1 aprile 119.1.,societas,stans: Antulus de Cruce; Obertus de Cruce | tractator: Martinus de Carro; Iohannes de Criva,4,lib. .xx j . et ab,"xx et de suis lib. .xx in Sardiniam, causa",lb. Genoese denarii,"Sardiniam,",de Carro et Iohannes de Criva se portare in societate ab Antulo de Cruce de societate sua et Petri et,"Et salvo capitali, profìcuum per m edium debet partiri (3)",half of profit to the working party,.NR,.NR,.NR,.NR,.NR,.NR,Inde J an u am reducere reducere promittit vel mittere cum testibus in potestate eorum vel certi missi eorum profìcuum quod,return into the investor's power,.NR,.NR,not extracted,.NR,yes,no,two travellers bound in solidum; date: editor heading (OCR normalised)
CAS-0412-S,Guglielmo Cassinese I,412,168,164,1191-04-03,Genoa,Guglielmo Cassinese,"412. Pietro del fu Gaiardo contrae una societas, portando beni di Cita, sorella di Ugo da Recco per affari in Bugia. 3 aprile 1191.",societas,stans: Cita soror Ugonis de Reco | tractator: Petrus filius q. Gaiardi,2,lib. .xxxi. et,"et de suis lib. .xv \ . Ruzeam, causa",lb. Genoese denarii,.NR,Petrus filius quondam Gaiardi (2) se portare in societate de rebus Cite sororis Ugonis de Reco lib,"Et salvo capitali, proficuum per m e d iu m debet partiri",half of profit to the working party,.NR,.NR,.NR,.NR,.NR,.NR,Inde Ian u am reducere promittit in potestate Cite vel sui certi missi proficuum quod,return into the investor's power,Et debet facere expensas per libram cum aliis,commingled,not extracted,.NR,yes,no,
CAS-0445-S,Guglielmo Cassinese I,445,181,177,1191-04-08,Genoa,Guglielmo Cassinese,"445. A nsaldo da Pavia, Anseim o di Castello e Giordano Clerico contraggono una societas per affari in Ceuta o dove voglia A n saldo. 8 aprile 1191.",societas,stans: Anselmus de Castello; Iordanus Clericus | tractator: Ansaldus de Papia,3,lib. .x.,"et de suis lib. .x., Septam",lb. Genoese denarii,Septam,Confìtetur Ansaldus de Papia se portare in societate ab Anselmo de Castello lib,"ad quartam proficui, que debet esse propria Ansaldi",half of profit on the societas; side placements at a quarter,.NR,.NR,.NR,.NR,.NR,.NR,Inde lanu am red ucere promittit (4) in potestate eorum vel certi missi eorum p ro fìe u u,return into the investor's power,.NR,.NR,not extracted,.NR,yes,no,
CAS-0469-S,Guglielmo Cassinese I,469,190,186,1191-04-18,Genoa,Guglielmo Cassinese,"469. G uglielm o da Fontaneggi del fu Pietro e Biliardo, coniugi, prendono una som m a in societate per trafficare in bottega, da Giordano notaio. 18 aprile 1191.",societas,stans: Iordanus notarius | tractator: W. de Fontanejo; Biliarda,3,lib. .in.,0,lb. Genoese denarii,.NR,ad dies .xv. ex quo eis (3) petierit (4) ipse vel eius certus missus,"vel eius certus missus dare p rom ittunt capitale et medietatem profìcui quod Deus dederit eis, bona fide",half of profit to the working party,"dare p rom ittunt capitale et medietatem profìcui quod Deus dederit eis, bona fide, sub pena dupli",working party answers for capital,.NR,.NR,.NR,.NR,.NR,.NR,.NR,.NR,not extracted,"sub pena dupli, in solidum",no,yes,shop; capital returnable within 15 days of demand; renewal of an earlier carta; land-based
CAS-0493-S,Guglielmo Cassinese I,493,200,196,1191-04-23,Genoa,Guglielmo Cassinese,493. B aud izzo n e di Borzoli e Gionata Cavam nco contraggono una societas p er affari in Ceuta e nella Tunisia. 23 aprile 1191 (2).,societas,stans: Ionathas Cavaruncus | tractator: Bauditio de Borzolo,2,lib. .Lxviri. et,"et de suis lib. .xxxnn., Septam",lb. Genoese denarii,Septam,fitetu r B auditio de Eorzolo se portare in societate a Ionatha C a v a ru n c o lib,"Et salvo capitali, p rofìcuum per m e d iu m debet p a rtiri",half of profit to the working party,.NR,.NR,.NR,.NR,.NR,.NR,Inde vero ah a ìiq u o illo r u m lo c o ru m prom ittit reducere in potestate eius vel sui certi m issi p ro fìc u u m,return into the investor's power,.NR,.NR,not extracted,.NR,yes,no,
CAS-0502-S,Guglielmo Cassinese I,502,203,199,1191-04-24,Genoa,Guglielmo Cassinese,"502. G a n d o lfo d e l f u M a rin o da Q uinto, O berto da S ottoripa e Sig im b a ld o d a Q u in to c o n tra g g o n o u n a societas p er traffici che G a n d o lfo fa r à in S ic ilia o in Barberia. 24 aprile 1191.",societas,stans: Obertus de Subriva; Sigimbaldus de Quinto | tractator: Gandulfus de Quinto,3,lib. .vi.,not extracted,lb. Genoese denarii,.NR,u o n d a m M arini de Quinto se portare in so cietate a b O b e r to de S u b r iv a lib,"E t si n o n p o s u e r it, liabeat de bis q u a rta m proficui",half of profit on the societas; side placements at a quarter,.NR,.NR,.NR,.NR,.NR,.NR,In r e d it u I a n u a m re d u c e re p r o m i tti t in potestate eo rum vel certi missi e o r u m p r o f,return into the investor's power,.NR,.NR,not extracted,.NR,yes,no,if the traveller does not put in his 6 lb. he takes a quarter instead of half
CAS-0529-S,Guglielmo Cassinese I,529,216,212,1191-04-30,Genoa,Guglielmo Cassinese,"529. Alberlo da Casanova ed il p r e te P ie tr o , c a n o v a i o d e ll'a r c ivescovo, contraggono u n a so cietas p e r a ffa r i n e l l a b o tte g a d 'A l berto. Il denaro del prete a p p a rtie n e a i su o i j ì i p o t i . 3 0 a p r i l e 1191.",societas,stans: presbyter Petrus canavarius | tractator: Albertus de Casanova,2,lib . .x.,"et d e s u i s l i b . .v ., causa",lb. Genoese denarii,.NR,u s q u e a d a n n u m p r o x i m u m,"x i m u m , et lune dare prom ittit ei capitale et m e d ie ta te m p r o f i c u i q u o d D eus dederit, bona",half of profit to the working party,"dare prom ittit ei capitale et m e d ie ta te m p r o f i c u i q u o d D eus dederit, bona fide, sub p en a d u p li i n su is b o n is",working party answers for capital,.NR,.NR,"i q u o d D eus dederit, bona fide, sub p en a d u p li i n su is b o n is",general pledge,.NR,.NR,.NR,.NR,not extracted,sub p en a d u p li i n su is,yes,yes,"shop for a year; the money belongs to the investor's nieces; land-based; date: day and month from the editor heading; year OCR-damaged, taken from neighbouring acts"
CAS-0548-S,Guglielmo Cassinese I,548,223,219,1191-05-04,Genoa,Guglielmo Cassinese,"548. E n r i c o d e B o n ja n d e l, d i R a p a llo , dichiara di avere una somm a i n s o c i e t a s da O b erto B o leto , im piegata in due loca e noi c a r ic o d i u n a n a ve p e l c o m m e rc io in Barberia. 4 maggio 1191 (1).",societas,stans: Obertus Boletus; Lafrancus Ventus | tractator: Enricus de Bonfandel,3,l i b . .xxv. e t sol. .xvm. et a,et de s u is lib . .xxv. (2) et sol. .xvm,lb. Genoese denarii,.NR,In reditu Ianuam r e d u c e r e p r o m i t t i t in p o te sta te e,"Et salvo capitali, proficuum p e r m e d i u m d e b e t p a r tir i",half of profit to the working party,.NR,.NR,.NR,.NR,.NR,.NR,In reditu Ianuam r e d u c e r e p r o m i t t i t in p o te sta te e o r u m vel certi mis^i eorum profic,return into the investor's power,.NR,.NR,not extracted,.NR,yes,no,
CAS-0583-S,Guglielmo Cassinese I,583,236,232,1191-05-09,Genoa,Guglielmo Cassinese,"583. M artino di Quinto contrae una societas con Pietro, Antuh> c Oberto della Croce, e Sofia vedova di Bonvassallo Mongasilvani, per affari in Bugia e altrove per u n anno. 9 maggio 1191.",societas,stans: Petrus de Cruce; Sophia q. uxor Bonivasalli Mongasilvani | tractator: Martinus de Quinto,3,lib. .xxxim. et sol. .xv.,"et de suis lib. .xxxim. et sol. .xv., Buzeam",lb. Genoese denarii,Buzeam,usque ad annum quo sibi videbitur,"Et calvo capitali, proficuum per m edium debet partiri inter se et eos",half of profit to the working party,.NR,.NR,.NR,.NR,.NR,.NR,ab aliquo viatico ru m quod fecerit usque ad annum promittit reducere in potestate eorum vel certi missi eorum proficuum quod,return into the investor's power,.NR,.NR,not extracted,.NR,no,yes,voyages for a year
CAS-0606-S,Guglielmo Cassinese I,606,245,241,1191-05-11,Genoa,Guglielmo Cassinese,606. G u g l i e l m o C a s s in a co n tra e u n a societas per Bugia con Boriv a s s a llo R e s p e i t o . 11 m a g g i o 1191.,societas,stans: Bonus Vasallus Respeitus | tractator: W. Caxina,2,l i b . . l x x x i . et sol. . x i i . et,et de suis lib. . x l . et sol. .xvi. B u z e,lb. Genoese denarii,.NR,r W i l i e l m u s C a x in a se portare in societate a BonoVasallo R e s p e i t o l i b,"vili, ad quartam proficui, que debet r e v e r t i a d s",half of profit on the societas; side placements at a quarter,.NR,.NR,.NR,.NR,.NR,.NR,In reditu la n u a m r e d u c e r e p r o m i t t i t i n p otestate eius vel sui certi missi prof ìc u u m q,return into the investor's power,.NR,.NR,not extracted,.NR,yes,no,
CAS-0655-S,Guglielmo Cassinese I,655,263,259,1191-05-16,Genoa,Guglielmo Cassinese,"<>55. G io v a n n i di L o n d ra e N icola figlio di E nrico di Londra cos titu is c o n o u n a societas, p er com m ercio, conferendo ciascuno il c a p ita le; la società sarà sciolta se Nicola andrà Oltremare. 16 m a g g i o 1191.",societas,stans: Iohannes de Lundrex; Nicola filius Enrici de Lundrex | tractator: Iohannes de Lundrex; Nicola filius Enrici de Lundrex,2,not extracted,not extracted,lb. Genoese denarii,.NR,usque ad pasca r e s u r r e c t i ò n i s p r o x im a m,"Et salvo capitali utriusque, profìcuum per m e d i u m d e b e t p a rtiri",half of profit to the working party,.NR,.NR,.NR,.NR,.NR,.NR,.NR,.NR,.NR,.NR,not extracted,sub pena dupli vicissim s,yes,yes,"equal contributions, working in common; date: day and month from the editor heading; year OCR-damaged, taken from neighbouring acts"
CAS-0708-S,Guglielmo Cassinese I,708,284,"280, 281",1191-06-11,Genoa,Guglielmo Cassinese,"708. Vivaldo di Portovenere contrae una, societas con Sibilia, m o glie di A m elio e con beni di costui, e con O ddone de Melazo, p e r C e u t a e a ltr o v e n e l G arbo; e potrà recarsi oltremare con c a r ic o d i g r a n o . 11 giugno 1191.",societas,stans: Amelius; Sibilia uxor eius; Oddo de Melazo | tractator: Vivaldus de Portu Veneri,4,lib . l . e t,"e t de suis lib. x . , Septam",lb. Genoese denarii,Septam,tu r V ivaldus de Portu Veneri se porta r e i n s o c i e t a t e d e re b u s (1) A m elìj a Sibilia uxore,"E t s a l v o c a p ita li, p ro fic u u m per m edium debet partiri",half of profit to the working party,.NR,.NR,.NR,.NR,.NR,.NR,In d e v e ro a b aliq u o prediclorum locorum reduc e re p r o m i t t l t i n p o te s ta te e o r u m vel certi m issi eorum proficuum,return into the investor's power,.NR,.NR,not extracted,.NR,yes,no,"date: day and month from the editor heading; year OCR-damaged, taken from neighbouring acts"
CAS-0726-S,Guglielmo Cassinese I,726,291,"287, 288",1191-06-15,Genoa,Guglielmo Cassinese,"726. M ich ele N a c a ru s contrac una societas con Lamberto de Dom o c o lta , p e r c o m m e r c io m a rittim o . 15 g iugno 1191.",societas,stans: Lambertus de Domo Colta | tractator: Michel Nacarus (Daniel Nacarus travels),2,lib . .c x x x v . e t,"e t de suis lib . .jlxvii causa negociandi, quo",lb. Genoese denarii,.NR,.NR,"Et salvo capitali, proficu u m per m ed iu m debet p artiri",half of profit to the working party,.NR,.NR,.NR,.NR,"quod Daniel attendet, et inde sua b o n a p ig n o ri obligat, sub pena dupli, abren",general pledge,"hos, et ita q u o d M ic h e l p ro m ittit q u o d Daniel inde reducet in potestate eius vel sui certi m issi p roficuum quod",return into the investor's power,.NR,.NR,not extracted,"sub pena dupli, abren u n",yes,yes,"on the image (p. 288): Et Daniel possit mutuare et facere que opus fuerint pro carrico navis -- licence to borrow for the ship's cargo; noted, not coded (the borrower's liability is not stated); date: day and month from the editor heading; year OCR-damaged, taken from neighbouring acts"
CAS-0732-S,Guglielmo Cassinese I,732,294,"290, 291",1191-06-15,Genoa,Guglielmo Cassinese,"732. Ido di Albaro contrae una accom endatio con Ugo Laurei e suo cognato Ugo de Casanova, per Sardegna e Oltremare. 15 giugno 1191.",societas+accomendatio,stans: Hugo Laurel; Hugo de Casanova | tractator: Ido de Albario (his son Vivaldus travels),3,lib . .x.,0,lb. Genoese denarii,Sardiniam,iu s q u e H u g o n is debet p o rtare (3) in Sardiniam et in d e U ltr a m a r e e t in d e q u o,"navis, causa n e g o c ia n d i, b o n a fide, ad q u a rta m proficui",quarter of profit to the working party,.NR,.NR,.NR,.NR,.NR,.NR,.NR,.NR,.NR,.NR,not extracted,.NR,yes,no,"date: day and month from the editor heading; year OCR-damaged, taken from neighbouring acts"
CAS-0751-S,Guglielmo Cassinese I,751,302,"298, 299",1191-06-19,Genoa,Guglielmo Cassinese,"751. In g o P ignolo dichiara le aggiunte alla soeietas con Ogerio de Cartagenia, per Bugia e altrove, se la nave non sarà ivi venduta. 19 g iugno 1191.",societas,stans: Ogerius de Cartagenia | tractator: Ingo Pignolus,2,lib. (]),e t de s u is l i b . . l x . u ltra societatem q,lb. Genoese denarii,Buzeam,.NR,.NR,.NR,.NR,.NR,.NR,.NR,.NR,.NR,Et inde Ianuam reducere promittit in p o te s ta te eiu s vel su i certi m issi proiicuum,return into the investor's power,.NR,.NR,not extracted,.NR,yes,no,
CAS-0772-S,Guglielmo Cassinese I,772,312,308,1191-06-24,Genoa,Guglielmo Cassinese,772. G iordano da Sori contrae una societas con W idone tornaor. 24 g iu g n o 1191.,societas,stans: Wido tornaor | tractator: Iordanus de Sori,2,lib. .m i. et,et de suis lib. .n. in Sardiniam . Et inde Ianuam,lb. Genoese denarii,Sardiniam,Confitetui* Io rd a n u s de Sori se portare in societate a W idone torn a o r lib,"Et salvo capitali, proficuum per m e d iu m debet p a rtiri",half of profit to the working party,.NR,.NR,.NR,.NR,.NR,.NR,Et inde Ianuam red u c e re p ro m ittit in potestate eius vel sui certi missi proficuum q u o,return into the investor's power,.NR,.NR,not extracted,.NR,yes,no,
CAS-0777-S,Guglielmo Cassinese I,777,313,"309, 310",1191-06-26,Genoa,Guglielmo Cassinese,">77. L afranco d i Ceranesi contrae una, societas con Pietro Grasso per affari in Sardegna. 26 g iugno 1191.",societas,stans: Petrus Grassus | tractator: Lafrancus de Celanexi,2,lib. .vi. et,et de suis lib. .in. in Sardiniam et quo ierit,lb. Genoese denarii,Sardiniam,onfìtetur Lafrancus de Celanexi se portare in societate a P etro Grasso lib,"Et salvo capitali, profìcuum p er m ed iu m debel p s r tir i",half of profit to the working party,.NR,.NR,.NR,.NR,.NR,.NR,Inde vero Ian u am red u cere p ro m ititt in potestate eius vel sui certi m issi p rofìcuum quod,return into the investor's power,.NR,.NR,not extracted,.NR,yes,no,
CAS-0817-S,Guglielmo Cassinese I,817,330,"326, 327",1191-07-05,Genoa,Guglielmo Cassinese,"817. B ern icio n Scoto contrae una societas con Giovanni Boleto, P ig n o lo e B aiam onte Barlaira per affari in Oltremare. 5 luglio 1191.",societas,stans: Iohannes Boletus; Pignolus; Bajamons Barlaira | tractator: Bernicion Scotus,4,lib. . c c x x i i . et a,et de suis lib. .cccxxxm . U ltram are et inde,lb. Genoese denarii,U ltram are,o n fitetu r B ernicion Scotus se portare in societate a Iohanne Boleto lib,"E t salvo capitali, proficuum p er m ed iu m d e b e t p a rtiri",half of profit to the working party,.NR,.NR,.NR,.NR,.NR,.NR,In reditu Tanuam reducere p ro m i Hit in potestate eorum vel certi m issi eorum proficuum quod,return into the investor's power,.NR,.NR,not extracted,.NR,yes,no,
CAS-0832-S,Guglielmo Cassinese I,832,337,333,1191-07-13,Genoa,Guglielmo Cassinese,832. Salim b en c di Santa Fede contrae una societas con G uglielm o Loorengo. 13 luglio 1191.,societas,stans: W. Loorengus | tractator: Sajeimbene de Sancta Fide,2,lib. .vili,"vili, et de suis lib. .m i. causa negociandi per R iveriam",lb. Genoese denarii,.NR,onfitetur Sajeimbene de Sancta Fide se portare in societate a 'W ilielm o Loorengo lib,"Et salvo capitali, proficuum per m edium debet partiri",half of profit to the working party,.NR,.NR,.NR,.NR,.NR,.NR,Inde Ianuam reducere prom ittit in potestate eius vel sui certi m issi proficuum quod,return into the investor's power,.NR,.NR,not extracted,.NR,no,no,
CAS-0878-S,Guglielmo Cassinese I,878,355,351,1191-08-14,Genoa,Guglielmo Cassinese,878. Pietro de Cruce e Oberto suo nipote contraggono u n a societas con B onadie di S a n t’A m brogio. 14 agosto 1191.,societas,stans: Petrus de Cruce; Obertus nepos eius; Antulus de Cruce | tractator: Bonusdies de Sancto Ambroxio,4,lib. .c. et B onusD ies,not extracted,lb. Genoese denarii,.NR,usq u e du m p lacu erit eis,"capitali c u iu sq u e eorum , BonusDies debebit habere m edietatem p roficui et ipsi aliam m edietatem",half of profit to the working party,.NR,.NR,.NR,.NR,.NR,.NR,.NR,.NR,.NR,.NR,not extracted,.NR,yes,yes,
CAS-0905-S,Guglielmo Cassinese I,905,363,"359, 360",1191-08-24,Genoa,Guglielmo Cassinese,"905. Variazione nelle som m e apportate nella societas stipulata da S im o n e di Bulgaro, con Gionata Cavaranco e O ddone Melazo. 24 agosto 1191.",societas,stans: Ionathas Cavaruncus; Oddo de Melazo | tractator: Simon de Bulgaro,3,lib. .cccx.,not extracted,lb. Genoese denarii,Siciliani,et alias confitetur se p o rtare v o lú n tate O ddonis de Melazo p er se et m issi Ionathe,.NR,.NR,.NR,.NR,.NR,.NR,.NR,.NR,In red itu Ia n u a m red u cere p ro m ittit in potestate eorum vel certi m issi eo ru in p ro ficu,return into the investor's power,.NR,.NR,not extracted,.NR,yes,no,restatement of an augmented societas; division as in the earlier carta
CAS-0943-S,Guglielmo Cassinese I,943,378,"374, 375",1191-09-06,Genoa,Guglielmo Cassinese,943. A lb erto pellicciaro di Vesim e contrae u n a societas con Ogerio di Cartagena. 6 settem bre 1191.,societas,stans: Ogerius de Cartagenia | tractator: Albertus pellizarius de Vexemo,2,lib. .vini,"a kalendis m adii Iransactis, et de suis lib. .m i. et sol. .xn causa ten en",lb. Genoese denarii,.NR,u sque ad k a le n d a s m a d ij p ro x im i,i tti t d are et co n sig n are ei (1) capitale et m edietatem p ro fìcu i q u o d D eus d e d e rit sib,half of profit to the working party,"p r o m i tti t d are et co n sig n are ei (1) capitale et m edietatem p ro fìcu i q u o d D eus d e d e rit sib i, bona fide, sub pena dupli",working party answers for capital,.NR,.NR,.NR,.NR,.NR,.NR,.NR,.NR,not extracted,sub pena dupli,yes,yes,in terra for a year; land-based
CAS-0952-S,Guglielmo Cassinese I,952,382,378,1191-09-07,Genoa,Guglielmo Cassinese,952. G io va n n i cazaor contrae u n a societas con M artino di Albaro e G u g lielm o Gallo. 7 settem b re 1191.,societas,stans: Martinus de Albario; W. Gallus | tractator: Iohannes cazaor,3,lib. x . et a W ilielm o,et de suis lib. x . causa te n e n d i et n eg,lb. Genoese denarii,.NR,u sq u e d u m eis p lacuerit,"eis p la cu erit, p ro m ittit dare eis capitale et medietatem proficui quod Deus d ederit, bona fide",half of profit to the working party,"p ro m ittit dare eis capitale et medietatem proficui quod Deus d ederit, bona fide, sub pen a d u p li",working party answers for capital,.NR,.NR,.NR,.NR,.NR,.NR,.NR,.NR,not extracted,sub pen a d u p li,yes,yes,shop at will; expenses and a servant's wage taken first; oath; land-based
CAS-0972-S,Guglielmo Cassinese I,972,389,"385, 386","heading:  u n a societas, per Oltremare, con Gio-",Genoa,Guglielmo Cassinese,"972. N ic o la G o lin o contrae u n a societas, per Oltremare, con Gio-",societas,stans: Iohannes Grita; Vasallus Stralleira | tractator: Nicola Golinus,3,lib. .c. et a,et de suis lib. .cl . Ultramyrc et inde quo sibi,lb. Genoese denarii,.NR,t e t u r N ic o l a G olinus se portare in societate a Iohanne Grita lib,"Et salvo capitali, profìcuum per m e d iu m debet p a rtiri",half of profit to the working party,.NR,.NR,.NR,.NR,.NR,.NR,In reditu vero J a n u a m reducere p ro m ittit in potestate eorum vel certi m issi eorum p ro fìcu u,return into the investor's power,.NR,.NR,not extracted,.NR,yes,no,
CAS-0984-S,Guglielmo Cassinese I,984,393,389,heading: contrae una societas per Oltremare e al-,Genoa,Guglielmo Cassinese,984. S t a b i l i n o d e M eleda contrae una societas per Oltremare e al-,societas,stans: Rolandus de Canneto | tractator: Stabilinus de Meleda,2,l i b . .x. et sol. .vni. et,"et de suis lib. .v. et sol. .mi., Ultram",lb. Genoese denarii,.NR,S t a b i l i n u s d e Meleda se portare in societate a Rolando d e C a n n e t o l i b,"Et salvo capitali, profìcuum p e r m e d i u m d e b e t p a rtiri",half of profit to the working party,.NR,.NR,.NR,.NR,.NR,.NR,In reditu I a n u a m r e d u c e r e p r o m ittit in potestate eius vel sui certi missi prof i c u u m,return into the investor's power,.NR,.NR,not extracted,.NR,yes,no,
CAS-1004-S,Guglielmo Cassinese I,1004,400,"396, 397",1191-09-15,Genoa,Guglielmo Cassinese,1004. B u b a ld o de Serrino contrae una societas con G uglielm o P a ritari e O berto de A quabona. 15 settembre 1191.,societas,stans: W. Fornarius; Obertus de Aquabona | tractator: Rubaldus de Serrino,3,lib. . x l i i i i . et ab,et de suis l i b . . x l i i i i . U ltram are,lb. Genoese denarii,U ltram are,Confìtetur R ubaldus de Serrino se portare in societate a Wilielm o F o rn a rio lib,ad quartam proficui,half of profit on the societas; side placements at a quarter,.NR,.NR,.NR,.NR,.NR,.NR,In reditu Ia n u a m reducere prom ittit in potestate eo ru m vel certi missi eo rum pro ficu,return into the investor's power,.NR,.NR,not extracted,.NR,yes,no,
CAS-1011-S,Guglielmo Cassinese I,1011,404,400,1191-09-16,Genoa,Guglielmo Cassinese,1011. G uidone B o n a ven tu ra e R ogerio N oxentio contraggono una societas per affari in O ltrem are. 16 settem bre 1191.,societas,stans: Rogerius Noxentius | tractator: Wido Bonaventura,2,lib. .cc. et,et de suis lib. .c. U ltram are et inde quo sibi,lb. Genoese denarii,U ltram are,Confìtetur W id o B o naventura se p ortare in societate a Rogerio Noxentio lib,"a d q u a rta m profìcuj, que debet reverti ad societatem",half of profit on the societas; side placements at a quarter,.NR,.NR,.NR,.NR,.NR,.NR,In red itu I a n u a m reducere p ro m ittit in potestate eius vel sui certi missi profìcuum quod,return into the investor's power,ad q u a rta m p r o fìcuj et im plicare separatim et facere,several-accounts,not extracted,.NR,yes,yes,"date: day and month from the editor heading; year OCR-damaged, taken from neighbouring acts"
CAS-1031-S,Guglielmo Cassinese I,1031,413,"407, 408",1191-09-18,Genoa,Guglielmo Cassinese,1031. Enrico Tosano e Ruggero N oxentio contraggono u n a societas per affari in Costantinopoli. 18 settembre 1191.,societas,stans: Rogerius Noxentius | tractator: Enricus Tosanus,2,lib. . l x y i i . et sol. . 11.,Et de suis lib. .cxvi. et sol. .vim. In reditu,lb. Genoese denarii,.NR,Confilelur Enricus Tosanus se p ortare in socielate a Rogerio Noxentio lib,"ad q u a rta m profìcui, que debet reverfi ad societatem et",half of profit on the societas; side placements at a quarter,.NR,.NR,.NR,.NR,.NR,.NR,In reditu vero Ia n u a m reducere p ro m ittit in potestate eius vel su: certi m issi p ro ficu u m,return into the investor's power,.NR,.NR,not extracted,.NR,yes,no,
CAS-1059-S,Guglielmo Cassinese I,1059,422,"416, 417",1191-09-21,Genoa,Guglielmo Cassinese,1059. Fulco Sartior di Piacenza e G uglielm o co n tra g g o n o u n a societas per traffici in O ltrem are. 21 settem bre 1191.,societas,stans: W. filius q. Opizonis de Castello | tractator: Fulco sartor de Placentia,2,lib. . x x x i i . et,"et de suis lib. .xvi., U ltram",lb. Genoese denarii,U ltram are,Confìtetur Fulco sartior de Placentia se p o rtare in societate a V\ ilielmo eodem lib,"Et salvo capitali, p ro ficu u m per m e d iu m debet partiri",half of profit to the working party,.NR,.NR,.NR,.NR,.NR,.NR,De U ltram are vero vel a Sepia vel a Buzea reducere p rom ittit in potestate eius vel sui certi inissi proficuum quod,return into the investor's power,.NR,.NR,not extracted,.NR,yes,no,
CAS-1067-S,Guglielmo Cassinese I,1067,425,"419, 420",1191-09-01,Genoa,Guglielmo Cassinese,1067. Mazuco di Pomario dichiara il capitale di altre societates che porta nel viaggio di cui al doc. 1066. 21 settem bre 1191.,societas (by reference to no. 1066),stans: Antulus de Cruce; Petrus de Cruce; Obertus nepos; W. de Faxaplana; Obertus de Aquabona | tractator: Mazucus de Pomario,6,lib. .l .,"et de suis lib. .c., similiter",lb. Genoese denarii,.NR,.NR,Et profìcuum per m e d iu m debet p a r tir,half of profit to the working party,.NR,.NR,.NR,.NR,.NR,.NR,.NR,.NR,.NR,.NR,not extracted,.NR,yes,no,"continuation of no. 1066, similiter"
CAS-1079-S,Guglielmo Cassinese I,1079,430,"424, 425",1191-09-24,Genoa,Guglielmo Cassinese,1079. Im b erto di Vezastello e g li eredi di G ionata C avarunco co n ven g o n o circa Z’a u g m e n tu m di u n a societas tra loro esistente. 24 settem bre 1191.,societas,stans: Adalaxia uxor q. Ionathe Cavarunci | tractator: Imbertus de Vezastello,2,lib. . c c l x v i .,not extracted,lb. Genoese denarii,Septam,quas om nes libras coniìletur p ortare Im b e rtu s de Vezastello ab Adalaxia uxore q u o n d a m Io,"ad q uarlam profìcui, que debet reverti ad societatem",quarter of profit to the working party,.NR,.NR,.NR,.NR,.NR,.NR,slantinopoli vero vel a Septa vel a Garbo reducere p r o m ittit in potestate eius vel sui cerli missi profìcuu m quod,return into the investor's power,.NR,.NR,not extracted,.NR,yes,no,restatement of an augmented societas; as in the carta societatis
CAS-1091-S,Guglielmo Cassinese I,1091,435,429,1191-09-24,Genoa,Guglielmo Cassinese,"1091. G u g lie lm o Bava, Ogerio Galleta e Oddone di Milazzo contra g g o n o u n a societas per ragioni di com m ercio. 24 settembre 1191.",societas,stans: Ogerius Galleta; Oddo de Melazo | tractator: W. Rava,3,lib. .xxxiii. et ab,"et de suis lib. -xxxiii. S ep tam , causa",lb. Genoese denarii,.NR,n fite tu r W ilielm u s Rava se portare in societate ab Ogerio Galleta lib,"ad quartam proficuj, que debet rev erti ad societatem",half of profit on the societas; side placements at a quarter,.NR,.NR,.NR,.NR,.NR,.NR,Inde Ianuam reducere promittit in potestate (2) eorum vel certi missi eorum proficuum,return into the investor's power,.NR,.NR,not extracted,.NR,yes,no,
AMA-0007-C,Amalric 1248 (Blancard),7,,"t. I, p. 263",1248-03-14,Marseille,Giraud Amalric,,accomendatio,stans: Petrus Bertolomeus de Nemauso | tractator: Petrus Tomasius,2,xxxiii 1. et xv s. monete miscue modo curribilis in Massili,0,"see capital clause (Marseille money, tournois, melgorien, bezants)",Neapolim,"cuin qua comanda ibo, Deo dante, primo viagio in quod facturus sum apud Neapolim et ubicunque Deus miebi ordinaverit",.NR,.NR,.NR,.NR,.NR,.NR,.NR,.NR,.NR,.NR,.NR,.NR,not extracted,.NR,no,no (Blancard text file; no page images in sources/),profit clause not printed; Blancard abridges formulae with etc.
AMA-0016-C,Amalric 1248 (Blancard),16,,"t. I, p. 269",1248-03-14,Marseille,Giraud Amalric,,accomendatio,stans: Willelmus Cepede | tractator: Bonifacius Gilius,2,xm 1. et x s. monete miscue modo cuvribiiis in Massili,0,"see capital clause (Marseille money, tournois, melgorien, bezants)",Neapolim,"cum qua comanda ibo, Deo dante, in",.NR,.NR,.NR,.NR,"Sanctus-Nicbolaus, ad fortu- nara Dei. Testes . Amiens Cialla , Petrns Piuelli Guigo Ligacor.",fortuna-only,.NR,.NR,.NR,.NR,.NR,.NR,not extracted,.NR,no,no (Blancard text file; no page images in sources/),
AMA-0029-C,Amalric 1248 (Blancard),29,,"t. I, p. 274",1248-03-17,Marseille,Giraud Amalric,,accomendatio,stans: Petrus de Molinis | tractator: Stephanus Bedocius,2,xxv 1. monete miscue modo curribilis in Massili,0,"see capital clause (Marseille money, tournois, melgorien, bezants)",Acconem vel terra Surie,"in , draparia, renuncians etc cum qua comanda ibo, Deo","ad fortunam Dei et usum maris et tuum resegum, ad qtiartam partem lucri quam debeo habere de cccc 1",quarter of profit to the working party,.NR,.NR,"alia, ad fortunam Dei et usum maris et tuum resegum, ad qtiartam partem lucri quam debeo habere de cccc 1. dicte summe tan- tum quam comandam promito tibiper stipulationem",investor,obligans tibi etc,abridged (obligans etc.),"negociari prout melius poterô vel scivero, & totum capitale & lucrum reducere in posse tuo vel tuorum, in reditu meo dicti viagii",return into the investor's power,.NR,.NR,not extracted,.NR,no,no (Blancard text file; no page images in sources/),quarter applies only to 400 l. of the 925 l.; traveller to pay 100 bezants at Acre to the investor's own creditor Petrus Trumpator out of the comanda
AMA-0036-C,Amalric 1248 (Blancard),36,,"t. I, p. 278",1248-03-17,Marseille,Giraud Amalric,,accomendatio,stans: Alazacia de Carcassona | tractator: Arnaudus Gascus,2,xliii 1. monete miscue modo curribilis in Massili,0,"see capital clause (Marseille money, tournois, melgorien, bezants)",Septam,"manda ibo, Deo dante, in proximo viagio quod factu- rus sura apud Septam in nave mea que dicitur , Bonaventura",.NR,.NR,.NR,.NR,.NR,.NR,.NR,.NR,.NR,.NR,.NR,.NR,not extracted,.NR,no,no (Blancard text file; no page images in sources/),profit clause not printed; Blancard abridges formulae with etc.
AMA-0041-C,Amalric 1248 (Blancard),41,,"t. I, p. 280",1248-03-17,Marseille,Giraud Amalric,,accomendatio/societas-alt,stans: W. de Balneolis; Agnes | tractator: W. Bornhe; Dulcia,4,xl 1. regalium coronatorum vel alterius mo- ne,0,"see capital clause (Marseille money, tournois, melgorien, bezants)",infra Massiliam (land),hinc ad unum annum continuum et com- pletum,"debemus tenere salvas in terra, infra Massiliam, ad medietatem lucri quam nos habere debemus et vos aliam",half of profit to the working party,totum capitale cum me- dietate lucri reducere in posse vestri,working party answers for capital,.NR,.NR,obligantes etc,abridged (obligans etc.),"sciverimus infra Massiliam, et totum capitale cum me- dietate lucri reducere in posse vestri et vestrorurn",return into the investor's power,.NR,.NR,not extracted,.NR,no,no (Blancard text file; no page images in sources/),drafted ex causa comande vel societatis; two agents bound jointly and severally; capital to be kept salvas in terra within Marseille; half profit to agents; unconditional promise to return totum capitale; currency-substitution clause; land-based
AMA-0050-C,Amalric 1248 (Blancard),50,,"t. I, p. 283",1248-03-17,Marseille,Giraud Amalric,,accomendatio,stans: Matheus Franciscus | tractator: Petrus de Rupeforti,2,li 1. monete miscue modo curribilis in Massili,0,"see capital clause (Marseille money, tournois, melgorien, bezants)",Septam,"cum qua comanda ibo, Deo dante, in proximo viagio quod facturus sum apud Septam",.NR,.NR,.NR,.NR,.NR,.NR,.NR,.NR,.NR,.NR,.NR,.NR,not extracted,.NR,no,no (Blancard text file; no page images in sources/),profit clause not printed; Blancard abridges formulae with etc.
AMA-0061-C,Amalric 1248 (Blancard),61,,"t. I, p. 288",1248-03-17,Marseille,Giraud Amalric,,accomendatio,stans: W. de Bella-Aqua | tractator: Nicolas Marinerius,2,c 1. monete miscue nunc curribilis in Massili,0,"see capital clause (Marseille money, tournois, melgorien, bezants)",Messanam,"qua comanda ibo, Deo dante, in proximo viagio quod fac- turus sum apud Messanam et ubicumque Deus michi ordinaverit",.NR,.NR,.NR,.NR,.NR,.NR,.NR,.NR,.NR,.NR,.NR,.NR,not extracted,.NR,no,no (Blancard text file; no page images in sources/),profit clause not printed; Blancard abridges formulae with etc.
AMA-0083-C,Amalric 1248 (Blancard),83,,"t. I, p. 294",1248-03-17,Marseille,Giraud Amalric,,accomendatio,stans: Gausbertus Civate | tractator: Johannes Bairanus,2,not extracted,0,"see capital clause (Marseille money, tournois, melgorien, bezants)",Acconem,"in proximo viagio quod facturus sum apud Acconem, in nave Rairaundi Sifredi que",.NR,.NR,.NR,.NR,.NR,.NR,.NR,.NR,.NR,.NR,.NR,.NR,not extracted,.NR,no,no (Blancard text file; no page images in sources/),profit clause not printed; Blancard abridges formulae with etc.
AMA-0087-C,Amalric 1248 (Blancard),87,,"t. I, p. 296",1248-03-17,Marseille,Giraud Amalric,,accomendatio,stans: Matheus Franciscus | tractator: Petrus Tomasius,2,xv 1. dicte monete implicatas in cornu nibus i,0,"see capital clause (Marseille money, tournois, melgorien, bezants)",Neapolim,"cum qua comanda ibo, Deo",.NR,.NR,.NR,.NR,.NR,.NR,.NR,.NR,.NR,.NR,.NR,.NR,not extracted,.NR,no,no (Blancard text file; no page images in sources/),profit clause not printed; Blancard abridges formulae with etc.
AMA-0098-C,Amalric 1248 (Blancard),98,,"t. I, p. 301",1248-03-23,Marseille,Giraud Amalric,,accomendatio,stans: W. Bernardus; Petrus Bartolomeus de Nemauso | tractator: Chautardus de Ponte,3,ccc 1. proviniensium [p. 302] quos michi débet,0,"see capital clause (Marseille money, tournois, melgorien, bezants)",nundinas de Bari (fair),.NR,.NR,.NR,.NR,.NR,.NR,.NR,.NR,.NR,.NR,.NR,.NR,.NR,not extracted,.NR,no,no (Blancard text file; no page images in sources/),capital consists of receivables payable to the traveller at the Bari fairs plus a horse; land-based; profit clause not printed; Blancard abridges formulae with etc.
AMA-0125-C,Amalric 1248 (Blancard),125,,"t. I, p. 316",1248-03-23,Marseille,Giraud Amalric,,accomendatio,stans: Vidaletus filius Mosse | tractator: Astruguelus filius Samuelis,2,not extracted,0,"see capital clause (Marseille money, tournois, melgorien, bezants)",Bogiam,"ibo, Deo dante, in proximo viagio quod facturus sum apud Bogiam, in bucio nave Bertrandi que dicitur",ad fortunam Dei et usum maris et tuum resegum et ad quartam partem lucri,quarter of profit to the working party,.NR,.NR,"alia, ad fortunam Dei et usum maris et tuum resegum et ad quartam partem lucri",investor,obligans etc,abridged (obligans etc.),.NR,.NR,.NR,.NR,not extracted,.NR,no,no (Blancard text file; no page images in sources/),
AMA-0141-C,Amalric 1248 (Blancard),141,,"t. I, p. 322",1248-03-23,Marseille,Giraud Amalric,,accomendatio,stans: W. Sazius | tractator: Petrus de Bella Aqua,2,l 1. Masstlia,0,"see capital clause (Marseille money, tournois, melgorien, bezants)",Acconem,"in communibus implicitis ineis, cum qua comanda ibo, Deo renuncians etc",.NR,.NR,.NR,.NR,"tus-Spiritus, ad fortunam Dei etc. quam comandam",abridged,obligans etc,abridged (obligans etc.),.NR,.NR,"323] raimundensium, implicatas in communibus implicitis ineis, cum qua comanda ibo, Deo",commingled,not extracted,.NR,yes,no (Blancard text file; no page images in sources/),traveller acts on his father's authority; father stands surety for defects arising from the son's fault; profit clause not printed; Blancard abridges formulae with etc.
AMA-0161-C,Amalric 1248 (Blancard),161,,"t. I, p. 331",1248-03-26,Marseille,Giraud Amalric,,accomendatio,stans: Giraudus Civate; Stephanus Civate | tractator: R. Boquerius,3,not extracted,0,"see capital clause (Marseille money, tournois, melgorien, bezants)",Acconem,"cum qua comanda ibo, Deo dante , in",.NR,.NR,.NR,.NR,.NR,.NR,.NR,.NR,.NR,.NR,.NR,.NR,not extracted,.NR,no,no (Blancard text file; no page images in sources/),profit clause not printed; Blancard abridges formulae with etc.
AMA-0182-C,Amalric 1248 (Blancard),182,,"t. I, p. 340",1248-03-26,Marseille,Giraud Amalric,,accomendatio,stans: Bernardus de Sancto Laurencio | tractator: Johannes de Vertacisono,2,xx 1. monete miscue modo curribilis in Massili,0,"see capital clause (Marseille money, tournois, melgorien, bezants)",Acconem,"cum qua comanda ibo, Deo",.NR,.NR,.NR,.NR,.NR,.NR,.NR,.NR,.NR,.NR,"raimundensium, implicatas in comunibus implicitis meis, renuncians etc",commingled,not extracted,.NR,no,no (Blancard text file; no page images in sources/),profit clause not printed; Blancard abridges formulae with etc.
AMA-0194-C,Amalric 1248 (Blancard),194,,"t. I, p. 346",1248-03-26,Marseille,Giraud Amalric,,accomendatio,stans: Martinus Gascus | tractator: Petrus de Bel la Aqua,2,not extracted,0,"see capital clause (Marseille money, tournois, melgorien, bezants)",Acconem,"qua comanda ibo, Deo dante, in proximo viagio quod facturus sum apud Acconem, in nave Raimundi Sifredi que",.NR,.NR,.NR,.NR,.NR,.NR,constituo et obligo me tibi dicto [p. 347] Martino debitorem et paccatorem in omni defectu quem invenires culpa dicti filii mei,surety,.NR,.NR,.NR,.NR,not extracted,.NR,no,no (Blancard text file; no page images in sources/),profit clause not printed; Blancard abridges formulae with etc.
AMA-0204-C,Amalric 1248 (Blancard),204,,"t. I, p. 349",1248-03-26,Marseille,Giraud Amalric,,societas+accomendatio,stans: Berengarius Eguizerius; Petrus Boquerius | tractator: R. de Nercio,3,xxv 1. monete miscue modo curribilis in Massili,0,"see capital clause (Marseille money, tournois, melgorien, bezants)",.NR,.NR,.NR,.NR,.NR,.NR,.NR,.NR,.NR,.NR,.NR,.NR,"curribilis in Massilia, impli- catas in comunibus implicitis meis, renuncians etc",commingled,not extracted,.NR,yes,no (Blancard text file; no page images in sources/),profit clause not printed; Blancard abridges formulae with etc.
AMA-0212-C,Amalric 1248 (Blancard),212,,"t. I, p. 352",1248-03-26,Marseille,Giraud Amalric,,accomendatio,stans: Stephanus Gaschetus de Podio | tractator: Petrus Cambafort,2,lvi 1. turonensium,0,"see capital clause (Marseille money, tournois, melgorien, bezants)",Acconem,"cum qua comanda ibo, Deo dante, in proximo viagio quod facturas sum apud Acconem",.NR,.NR,.NR,.NR,.NR,.NR,.NR,.NR,.NR,.NR,.NR,.NR,not extracted,.NR,no,no (Blancard text file; no page images in sources/),profit clause not printed; Blancard abridges formulae with etc.
AMA-0225-C,Amalric 1248 (Blancard),225,,"t. I, p. 358",1248-03-28,Marseille,Giraud Amalric,,accomendatio,stans: Gausbertus de Podio Bressono | tractator: Stephanus Faber de Pena d'Aianes,2,ccviii 1. nionete miscue modo curribilis in Mas- s,0,"see capital clause (Marseille money, tournois, melgorien, bezants)",nundinas de Bari (fair),.NR,.NR,.NR,.NR,.NR,.NR,.NR,.NR,.NR,.NR,.NR,.NR,.NR,not extracted,.NR,no,no (Blancard text file; no page images in sources/),; land-based; profit clause not printed; Blancard abridges formulae with etc.
AMA-0228-C,Amalric 1248 (Blancard),228,,"t. I, p. 360",1248-03-28,Marseille,Giraud Amalric,,accomendatio,stans: Augerius Johannes | tractator: R. de Cadro,2,clviii 1. monete miscue modo curribilis in Massili,0,"see capital clause (Marseille money, tournois, melgorien, bezants)",Acconem,"cum qua comanda ibo,; Deo dante, in proximo viagio quod facturus sum apud Acconem",.NR,.NR,.NR,.NR,.NR,.NR,.NR,.NR,.NR,.NR,.NR,.NR,not extracted,.NR,yes,no (Blancard text file; no page images in sources/),profit clause not printed; Blancard abridges formulae with etc.
AMA-0247-C,Amalric 1248 (Blancard),247,,"t. I, p. 367",1248-03-28,Marseille,Giraud Amalric,,accomendatio,stans: Raimundus del Condedor | tractator: Bernardus Scurolus,2,cxl 1. et xiiii s. monete miscue modo curribilis in Massili,0,"see capital clause (Marseille money, tournois, melgorien, bezants)",Acconem,"cura qua dante, in proximo viagio quod facturus sura apud Acconem, innave Raimundi Sifredi que",.NR,.NR,.NR,.NR,"tus-Spiritus, ad fortunam Dei etc.",abridged,.NR,.NR,.NR,.NR,.NR,.NR,not extracted,.NR,no,no (Blancard text file; no page images in sources/),profit clause not printed; Blancard abridges formulae with etc.
AMA-0260-C,Amalric 1248 (Blancard),260,,"t. I, p. 372",1248-03-28,Marseille,Giraud Amalric,,accomendatio,stans: W. Jordanus | tractator: Poncius Bonifacius junior,2,xlviii 1. et x s. monete miscue modo curribilis in Massili,0,"see capital clause (Marseille money, tournois, melgorien, bezants)",Acconem,cum qua comanda ibo,.NR,.NR,.NR,.NR,.NR,.NR,.NR,.NR,.NR,.NR,.NR,.NR,not extracted,.NR,no,no (Blancard text file; no page images in sources/),profit clause not printed; Blancard abridges formulae with etc.
AMA-0269-C,Amalric 1248 (Blancard),269,,"t. I, p. 375",1248-03-28,Marseille,Giraud Amalric,,accomendatio,stans: Augerius Johannes | tractator: Arnaudus Guillelmi,2,xxvim 1. monete miscue modo et v s. curribilis in,0,"see capital clause (Marseille money, tournois, melgorien, bezants)",Acconem,"renuncians comanda ibo, Deo dante, in proximo viagio quod facturus sum apud Acconem, in nave Raimundi Sifredi que",.NR,.NR,.NR,.NR,.NR,.NR,.NR,.NR,.NR,.NR,.NR,.NR,not extracted,.NR,no,no (Blancard text file; no page images in sources/),profit clause not printed; Blancard abridges formulae with etc.
AMA-0273-C,Amalric 1248 (Blancard),273,,"t. I, p. 377",1248-03-28,Marseille,Giraud Amalric,,accomendatio,stans: Berengarius Eguezerius | tractator: Bertrandus Eguezerius,2,xx 1. monete miscue modo curribilis in Massili,0,"see capital clause (Marseille money, tournois, melgorien, bezants)",Acconem,"cum qua comanda ibo, Deo dante, in proximo viagio quod facturais sum apud Acconem",.NR,.NR,.NR,.NR,.NR,.NR,.NR,.NR,.NR,.NR,.NR,.NR,not extracted,.NR,no,no (Blancard text file; no page images in sources/),profit clause not printed; Blancard abridges formulae with etc.
AMA-0286-C,Amalric 1248 (Blancard),286,,"t. I, p. 381",1248-03-28,Marseille,Giraud Amalric,,accomendatio,stans: Bernardus Lauberius | tractator: Lauberius de Pena d'Ajanes,2,lxx 1. melgorensium implicatas in commu- nibus,0,"see capital clause (Marseille money, tournois, melgorien, bezants)",Acconem,"cum qua comanda ibo, Deo dante, in proximo viag-io quod facturus sum apud Acconem",.NR,.NR,.NR,.NR,.NR,.NR,"obligans, etc",abridged (obligans etc.),.NR,.NR,.NR,.NR,not extracted,.NR,no,no (Blancard text file; no page images in sources/),investor acts through his procurator Bertrandus de Porta; profit clause not printed; Blancard abridges formulae with etc.
AMA-0291-C,Amalric 1248 (Blancard),291,,"t. I, p. 383",1248-03-28,Marseille,Giraud Amalric,,accomendatio,stans: Hugo Boverius | tractator: W. Daniel,2,xvi 1. et dimidiam monete miscue modo curribili,0,"see capital clause (Marseille money, tournois, melgorien, bezants)",Acconem,"cum qua comanda ibo, Deo dante, in",.NR,.NR,.NR,.NR,.NR,.NR,.NR,.NR,.NR,.NR,.NR,.NR,not extracted,.NR,no,no (Blancard text file; no page images in sources/),profit clause not printed; Blancard abridges formulae with etc.
AMA-0304-C,Amalric 1248 (Blancard),304,,"t. I, p. 387",1248-03-31,Marseille,Giraud Amalric,,accomendatio,stans: W. Bermundus | tractator: Gandulfus Deude,2,x 1. monete miscue modo curribilis in Massili,0,"see capital clause (Marseille money, tournois, melgorien, bezants)",Acconem,"qua comanda ibo, Deo danle, in proxirno viag'io quod facturas sum apud Acconem, in nave Raimundi Sifredi, que",.NR,.NR,.NR,.NR,.NR,.NR,.NR,.NR,.NR,.NR,.NR,.NR,not extracted,.NR,no,no (Blancard text file; no page images in sources/),profit clause not printed; Blancard abridges formulae with etc.
AMA-0314-C,Amalric 1248 (Blancard),314,,"t. I, p. 392",1248-03-31,Marseille,Giraud Amalric,,accomendatio,stans: Bonushomo filius Vitalis; Bonetus judeus medicus; Bonus Ysaac | tractator: W. Albinus junior,4,not extracted,0,"see capital clause (Marseille money, tournois, melgorien, bezants)",Sicilia,"cum qua comanda ibo Deo dante, in",.NR,.NR,.NR,.NR,.NR,.NR,.NR,.NR,.NR,.NR,.NR,.NR,not extracted,.NR,no,no (Blancard text file; no page images in sources/),profit clause not printed; Blancard abridges formulae with etc.
AMA-0329-C,Amalric 1248 (Blancard),329,,"t. I, p. 399",1248-03-31,Marseille,Giraud Amalric,,accomendatio,stans: Bernardus Bodinus | tractator: Garinus Faber,2,xx 1. melgoriensium implicatas in pan- nis,0,"see capital clause (Marseille money, tournois, melgorien, bezants)",Sicilia,"cum qua comanda ibo, Deo",.NR,.NR,.NR,.NR,.NR,.NR,.NR,.NR,.NR,.NR,.NR,.NR,not extracted,.NR,no,no (Blancard text file; no page images in sources/),profit clause not printed; Blancard abridges formulae with etc.
AMA-0342-C,Amalric 1248 (Blancard),342,,"t. I, p. 402",1248-03-31,Marseille,Giraud Amalric,,accomendatio,stans: Nicolaus Gastavinus de Auria | tractator: Daniel de Auria,2,not extracted,0,"see capital clause (Marseille money, tournois, melgorien, bezants)",Sicilia,"cum qua comanda ibo, Deo dante, in prôximo viagio quod facturus sum in Sicilia, in",.NR,.NR,.NR,.NR,.NR,.NR,.NR,.NR,.NR,.NR,"bisancios sarra- cenatos Acconis, implicatas in comunibus implicitis ineis, renuncians etc",commingled,not extracted,.NR,no,no (Blancard text file; no page images in sources/),investor acts through his procurator W. de Pessanho; profit clause not printed; Blancard abridges formulae with etc.
AMA-0364-C,Amalric 1248 (Blancard),364,,"t. I, p. 413",1248-03-31,Marseille,Giraud Amalric,,accomendatio,stans: Guisbertus de Portu; W. Petrus de Portu | tractator: Nicolaus de Casis,3,clxx 1. turonensium,0,"see capital clause (Marseille money, tournois, melgorien, bezants)",Acconem,"cum qua comanda ibo, Deo dante, in","reseguni predic- torum quorum tu es procurator, et ad quartam partem quod possim inde expendere in lucri",quarter of profit to the working party,.NR,.NR,"mercadarie, ad fortunam Dei et usum maris et ad reseguni predic- torum quorum tu es procurator, et ad quartam partem quod possim inde expendere in lucri, et libra et expensis",investor,obligans etc,abridged (obligans etc.),.NR,.NR,"expendere in lucri, et libra et expensis meis tanquam de aliis comandis",commingled,not extracted,.NR,no,no (Blancard text file; no page images in sources/),
AMA-0371-C,Amalric 1248 (Blancard),371,,"t. I, p. 417",1248-03-31,Marseille,Giraud Amalric,,accomendatio,stans: Senhorandus de Belmosco | tractator: W. Musso de Pello,2,xi I. inonete miscue modo curri- bilis in Mass,0,"see capital clause (Marseille money, tournois, melgorien, bezants)",Januam per mare vel per terram,"ibo, Deo dante, in proximo viagio quod facturus sum apud Januam, per mare vel per terram, ad fortunam",.NR,.NR,.NR,.NR,"terram, ad fortunam Dei et usum maris et terre, et ad tuum resegum",investor,obligans etc,abridged (obligans etc.),.NR,.NR,"fideliter portare, tenere et custodire et expendere comuniter, scilicet me de meo, et cum eo",commingled,not extracted,.NR,no,no (Blancard text file; no page images in sources/),profit clause not printed; Blancard abridges formulae with etc.
AMA-0402-C,Amalric 1248 (Blancard),402,,"t. II, p. 22",1248-04-08,Marseille,Giraud Amalric,,accomendatio,stans: Raimundus del Condedor | tractator: Nicolaus de Casis,2,Lxxxx 1. turonensium implicatas in pannis de Chal,0,"see capital clause (Marseille money, tournois, melgorien, bezants)",Acconem,"cum qua comanda ibo, Deo dante, in proximo viagio quod facturus sum apud Acconem",.NR,.NR,.NR,.NR,"nave , ad fortunam Dei, etc. , et debeo inde expendere sicut de aliis comandis et meo proprio",abridged,"obligans, etc",abridged (obligans etc.),.NR,.NR,et debeo inde expendere sicut de aliis comandis et meo proprio,commingled,not extracted,.NR,no,no (Blancard text file; no page images in sources/),profit clause not printed; Blancard abridges formulae with etc.
AMA-0412-C,Amalric 1248 (Blancard),412,,"t. II, p. 27",1248-04-08,Marseille,Giraud Amalric,,accomendatio,stans: Durantus Sarranus (pater) | tractator: Durantus Sarranus,2,xx l. monete miscue modo curribilis in Massili,0,"see capital clause (Marseille money, tournois, melgorien, bezants)",Acconem,"cum qua comanda ibo , Deo dante , in proximo viagio quod facturus sum apud Acconem",.NR,.NR,.NR,.NR,.NR,.NR,"obligans , etc",abridged (obligans etc.),.NR,.NR,.NR,.NR,not extracted,.NR,no,no (Blancard text file; no page images in sources/),profit clause not printed; Blancard abridges formulae with etc.
AMA-0443-C,Amalric 1248 (Blancard),443,,"t. II, p. 40",1248-04-10,Marseille,Giraud Amalric,,accomendatio,stans: Tizonus de Maresma | tractator: R. de Gironda,2,xxxIII 1. et vIIII s. et vi d . monete miscue modo curribilis,0,"see capital clause (Marseille money, tournois, melgorien, bezants)",Cataluenia,"cum qua comanda ibo , Deo dante, in proximo viagio quod facturus sum in Cataluenia",.NR,.NR,.NR,.NR,.NR,.NR,.NR,.NR,.NR,.NR,.NR,.NR,not extracted,.NR,no,no (Blancard text file; no page images in sources/),profit clause not printed; Blancard abridges formulae with etc.
AMA-0451-C,Amalric 1248 (Blancard),451,,"t. II, p. 44",1248-04-11,Marseille,Giraud Amalric,,accomendatio,stans: Bertrandus de Sancto Marcello | tractator: Giraudus Medicus,2,XL 1. monete miscue modo curribilis in Massili,0,"see capital clause (Marseille money, tournois, melgorien, bezants)",Bogiam,"cum qua comanda ibo, Deo dante , in proximo viagio quod facturus sum apud Bogiam",.NR,.NR,.NR,.NR,.NR,.NR,.NR,.NR,.NR,.NR,.NR,.NR,not extracted,.NR,no,no (Blancard text file; no page images in sources/),profit clause not printed; Blancard abridges formulae with etc.
AMA-0466-C,Amalric 1248 (Blancard),466,,"t. II, p. 51",1248-04-11,Marseille,Giraud Amalric,,accomendatio,stans: W. Manent | tractator: Crescas Ferrusolus,2,xm 1. & VIIII s . monete miscue modo curribili,0,"see capital clause (Marseille money, tournois, melgorien, bezants)",Bogiam,"cum qua comanda ibo, Deo dante , in proximo viagio quod facturus sum apud Bogiam",.NR,.NR,.NR,.NR,"Nicholaus , ad fortunam Dei, etc.",abridged,.NR,.NR,.NR,.NR,.NR,.NR,not extracted,.NR,no,no (Blancard text file; no page images in sources/),profit clause not printed; Blancard abridges formulae with etc.
AMA-0473-C,Amalric 1248 (Blancard),473,,"t. II, p. 54",1248-04-11,Marseille,Giraud Amalric,,accomendatio,stans: Martinus Magnus | tractator: Johannes Sequerius,2,not extracted,0,"see capital clause (Marseille money, tournois, melgorien, bezants)",Avinionem (river),.NR,.NR,.NR,.NR,.NR,.NR,.NR,.NR,.NR,.NR,.NR,.NR,.NR,not extracted,.NR,no,no (Blancard text file; no page images in sources/),; land-based; profit clause not printed; Blancard abridges formulae with etc.
AMA-0479-C,Amalric 1248 (Blancard),479,,"t. II, p. 57",1248-04-11,Marseille,Giraud Amalric,,accomendatio,stans: W. de Pessanho | tractator: Musa de Claro,2,vi 1. januensium,0,"see capital clause (Marseille money, tournois, melgorien, bezants)",Messanam,"cum qua comanda ibo , Deo dante, in proximo viagio quod facturus sum apud Messanam",.NR,.NR,.NR,.NR,.NR,.NR,.NR,.NR,.NR,.NR,.NR,.NR,not extracted,.NR,no,no (Blancard text file; no page images in sources/),profit clause not printed; Blancard abridges formulae with etc.
AMA-0492-C,Amalric 1248 (Blancard),492,,"t. II, p. 64",1248-04-14,Marseille,Giraud Amalric,,accomendatio,stans: W. de Lodieva | tractator: Petrus de Villaforte,2,vi l. et xv s. melgoriensium implicatas in uno panno de,0,"see capital clause (Marseille money, tournois, melgorien, bezants)",Acconem,"cum qua commanda ibo , Deo dante, in proximo viagio quod facturus sum 65 - apud Acconem",.NR,.NR,.NR,.NR,.NR,.NR,.NR,.NR,.NR,.NR,.NR,.NR,not extracted,.NR,no,no (Blancard text file; no page images in sources/),investor acts through his procurator Johannes Azemarus; profit clause not printed; Blancard abridges formulae with etc.
AMA-0505-C,Amalric 1248 (Blancard),505,,"t. II, p. 70",1248-04-14,Marseille,Giraud Amalric,,accomendatio,stans: Petrus Martinus | tractator: Durantus Juvenis,2,xxxm l. & x s. monete miscue modo curribilis in,0,"see capital clause (Marseille money, tournois, melgorien, bezants)",Januam,"cum qua comanda ibo Deo dante, in proximo viagio quod facturus sum apud Januam",.NR,.NR,.NR,.NR,.NR,.NR,.NR,.NR,.NR,.NR,.NR,.NR,not extracted,.NR,yes,no (Blancard text file; no page images in sources/),profit clause not printed; Blancard abridges formulae with etc.
AMA-0519-C,Amalric 1248 (Blancard),519,,"t. II, p. 77",1248-04-15,Marseille,Giraud Amalric,,accomendatio,stans: W. Berengarius | tractator: Augerius Grossus,2,x 1. monete miscue modo curribilis in Massili,0,"see capital clause (Marseille money, tournois, melgorien, bezants)",Neapolim,"cum qua comanda ibo , Deo dante, in proximo viagio quod facturus sum apud Neapolim",.NR,.NR,.NR,.NR,.NR,.NR,.NR,.NR,.NR,.NR,.NR,.NR,not extracted,.NR,no,no (Blancard text file; no page images in sources/),profit clause not printed; Blancard abridges formulae with etc.
AMA-0530-C,Amalric 1248 (Blancard),530,,"t. II, p. 82",1248-04-16,Marseille,Giraud Amalric,,accomendatio,stans: Raimundus de Narbona | tractator: W. Giraudi,2,cl. monete miscue modo curribilis in Massili,0,"see capital clause (Marseille money, tournois, melgorien, bezants)",Januam,"cum qua comanda ibo, Deo dante, in proximo viagio quod facturus sum apud Januam",.NR,.NR,.NR,.NR,.NR,.NR,.NR,.NR,.NR,.NR,.NR,.NR,not extracted,.NR,no,no (Blancard text file; no page images in sources/),profit clause not printed; Blancard abridges formulae with etc.
AMA-0538-C,Amalric 1248 (Blancard),538,,"t. II, p. 85",1248-04-16,Marseille,Giraud Amalric,,accomendatio,stans: Aicardus de Templo | tractator: W. Giraudi,2,not extracted,0,"see capital clause (Marseille money, tournois, melgorien, bezants)",Januam,"cum qua comanda ibo, Deo dante , in proximo viagio quod facturus sum apud Januam",.NR,.NR,.NR,.NR,.NR,.NR,.NR,.NR,.NR,.NR,.NR,.NR,not extracted,.NR,no,no (Blancard text file; no page images in sources/),profit clause not printed; Blancard abridges formulae with etc.
AMA-0542-C,Amalric 1248 (Blancard),542,,"t. II, p. 87",1248-04-16,Marseille,Giraud Amalric,,accomendatio,stans: W. de Taradello | tractator: Petrus Cresteng,2,xxxvm l. & XVI s. monete miscue modo curribilis i,0,"see capital clause (Marseille money, tournois, melgorien, bezants)",Sicilia,"cum qua comanda ibo, Deo dante, in proximo viagio quod facturus sum in Sicilia",.NR,.NR,.NR,.NR,.NR,.NR,.NR,.NR,.NR,.NR,.NR,.NR,not extracted,.NR,no,no (Blancard text file; no page images in sources/),profit clause not printed; Blancard abridges formulae with etc.
AMA-0559-C,Amalric 1248 (Blancard),559,,"t. II, p. 97",1248-04-18,Marseille,Giraud Amalric,,accomendatio,stans: W. de Balneolis | tractator: Petrus Raimundi,2,LVII 1. et XII s. monete miscue,0,"see capital clause (Marseille money, tournois, melgorien, bezants)",Sicilia,"cum qua comanda ibo, Deo dante, 7 98 - in proxime viagio quod facturus sum in Sicilia",.NR,.NR,.NR,.NR,"alia, ad fortunam Dei etc.",abridged,obligans etc,abridged (obligans etc.),.NR,.NR,.NR,.NR,not extracted,.NR,no,no (Blancard text file; no page images in sources/),profit clause not printed; Blancard abridges formulae with etc.
AMA-0577-C,Amalric 1248 (Blancard),577,,"t. II, p. 105",1248-04-23,Marseille,Giraud Amalric,,accomendatio,stans: Petrus Cresteng | tractator: Mosse de Accone,2,not extracted,0,"see capital clause (Marseille money, tournois, melgorien, bezants)",Bogiam,"cum qua comanda ibo, Deo dante, in proximo viagio quod facturus sum, apud Bogiam",.NR,.NR,.NR,.NR,.NR,.NR,.NR,.NR,.NR,.NR,.NR,.NR,not extracted,.NR,no,no (Blancard text file; no page images in sources/),profit clause not printed; Blancard abridges formulae with etc.
AMA-0582-C,Amalric 1248 (Blancard),582,,"t. II, p. 107",1248-04-24,Marseille,Giraud Amalric,,accomendatio,stans: W. de Sancto Victore | tractator: Hugo de Massilia,2,XI 1. et VIIII s . monete miscue modo curribilis in Massi,0,"see capital clause (Marseille money, tournois, melgorien, bezants)",.NR (text defective),"cum qua comanda ibo , Deo dante, in proximo viagio quod facturus sum in bucio nave",.NR,.NR,.NR,.NR,.NR,.NR,.NR,.NR,.NR,.NR,.NR,.NR,not extracted,.NR,no,no (Blancard text file; no page images in sources/),profit clause not printed; Blancard abridges formulae with etc.
AMA-0594-C,Amalric 1248 (Blancard),594,,"t. II, p. 113",1248-04-26,Marseille,Giraud Amalric,,accomendatio,stans: Bonisaac Ferrerius | tractator: Modafar,2,xvII 1. III S. VI d. monete miscue modo curribil,0,"see capital clause (Marseille money, tournois, melgorien, bezants)",Bogiam,"cum qua comanda ibo , Deo dante, in proximo viagio quod facturus sum apud Bogiam",.NR,.NR,.NR,.NR,.NR,.NR,.NR,.NR,.NR,.NR,.NR,.NR,not extracted,.NR,no,no (Blancard text file; no page images in sources/),profit clause not printed; Blancard abridges formulae with etc.
AMA-0603-C,Amalric 1248 (Blancard),603,,"t. II, p. 116",1248-04-26,Marseille,Giraud Amalric,,accomendatio,stans: Marssellesius Costantinus | tractator: Leonetus Ferrusolus,2,not extracted,0,"see capital clause (Marseille money, tournois, melgorien, bezants)",Bogiam,"cum qua comanda ibo , Deo dante, in proximo viagio quod facturus sum apud Bogiam",.NR,.NR,.NR,.NR,.NR,.NR,.NR,.NR,.NR,.NR,.NR,.NR,not extracted,.NR,no,no (Blancard text file; no page images in sources/),profit clause not printed; Blancard abridges formulae with etc.
AMA-0613-C,Amalric 1248 (Blancard),613,,"t. II, p. 119",1248-04-28,Marseille,Giraud Amalric,,accomendatio,stans: Ansaretus | tractator: Crescas Ferrusolus filius Jacob,2,not extracted,0,"see capital clause (Marseille money, tournois, melgorien, bezants)",Bogiam,"cum qua comanda ibo , Deo dante, in proximo viagio quod facturus sum apud Bogiam",.NR,.NR,.NR,.NR,.NR,.NR,.NR,.NR,.NR,.NR,.NR,.NR,not extracted,.NR,no,no (Blancard text file; no page images in sources/),profit clause not printed; Blancard abridges formulae with etc.
AMA-0623-C,Amalric 1248 (Blancard),623,,"t. II, p. 123",1248-04-29,Marseille,Giraud Amalric,,accomendatio,stans: Alazacia uxor Laurencii Michelis | tractator: Petrus de Cauz,2,not extracted,0,"see capital clause (Marseille money, tournois, melgorien, bezants)",Bogiam,"cum qua comanda ibo, Deo dante, in proximo viagio quod facturus sum apud Bogiam",.NR,.NR,.NR,.NR,.NR,.NR,.NR,.NR,.NR,.NR,.NR,.NR,not extracted,.NR,no,no (Blancard text file; no page images in sources/),profit clause not printed; Blancard abridges formulae with etc.
AMA-0650-C,Amalric 1248 (Blancard),650,,"t. II, p. 134",1248-05-02,Marseille,Giraud Amalric,,accomendatio,stans: Johannes Arnaudus | tractator: Bertolomeus de Manuasca,2,LXIIII 1. & IIII s. & VIII d. monete miscue modo c,0,"see capital clause (Marseille money, tournois, melgorien, bezants)",Montempessulanum,"135 - comanda ibo, Deo dante, in proximo viagio quod facturus sum apud Montempessulanum in galea Petri Bonifacii",.NR,.NR,.NR,.NR,.NR,.NR,.NR,.NR,.NR,.NR,.NR,.NR,not extracted,.NR,no,no (Blancard text file; no page images in sources/),profit clause not printed; Blancard abridges formulae with etc.
AMA-0671-C,Amalric 1248 (Blancard),671,,"t. II, p. 141",1248-05-08,Marseille,Giraud Amalric,,accomendatio,stans: Noe Prepositus | tractator: W. de Riperiis,2,L 1. et IIII S. -- 142 - monete miscue modo c,0,"see capital clause (Marseille money, tournois, melgorien, bezants)",Bogiam,"cum qua comanda ibo, Deo dante, in pro- ximo viagio quod facturus sum apud Bogiam",.NR,.NR,.NR,.NR,.NR,.NR,obligans etc,abridged (obligans etc.),.NR,.NR,.NR,.NR,not extracted,.NR,no,no (Blancard text file; no page images in sources/),profit clause not printed; Blancard abridges formulae with etc.
AMA-0678-C,Amalric 1248 (Blancard),678,,"t. II, p. 144",1248-05-08,Marseille,Giraud Amalric,,accomendatio,stans: Hugo Boverius | tractator: Givaudus Nizes,2,xv 1. monete miscue modo curribilis in Massili,0,"see capital clause (Marseille money, tournois, melgorien, bezants)",Bogiam,"145 - comanda ibo, Deo dante, in proximo viagio quod facturus sum apud Bogiam, in nave Raimundi de Mossono et",.NR,.NR,.NR,.NR,.NR,.NR,.NR,.NR,.NR,.NR,.NR,.NR,not extracted,.NR,no,no (Blancard text file; no page images in sources/),profit clause not printed; Blancard abridges formulae with etc.
AMA-0687-C,Amalric 1248 (Blancard),687,,"t. II, p. 150",1248-04-27,Marseille,Giraud Amalric,,accomendatio,stans: W. Boletus | tractator: Bonusinfans; Bonusdominus; Bonafossus,4,not extracted,0,"see capital clause (Marseille money, tournois, melgorien, bezants)",Valenciam,"cum qua comanda ibimus, Deo dante, in proximo viagio quod facturi sumus apud Valenciam",.NR,.NR,.NR,.NR,.NR,.NR,"obligantes , etc",abridged (obligans etc.),.NR,.NR,.NR,.NR,not extracted,.NR,no,no (Blancard text file; no page images in sources/),three travellers take the comanda jointly; profit clause not printed; Blancard abridges formulae with etc.
AMA-0705-C,Amalric 1248 (Blancard),705,,"t. II, p. 157",1248-04-27,Marseille,Giraud Amalric,,accomendatio,stans: W. de Cadeneto | tractator: Bonusinfans; Bonusdominus; Bonafos,4,x 1. monete miscue modo curribilis in Massili,0,"see capital clause (Marseille money, tournois, melgorien, bezants)",Valentiam,"cum qua comanda ibimus, Deo dante, in proximo viagio quod facturi sumus apud Valentiam",.NR,.NR,.NR,.NR,.NR,.NR,.NR,.NR,.NR,.NR,.NR,.NR,not extracted,.NR,no,no (Blancard text file; no page images in sources/),three travellers take the comanda jointly; profit clause not printed; Blancard abridges formulae with etc.
AMA-0718-C,Amalric 1248 (Blancard),718,,"t. II, p. 162",1248-05-13,Marseille,Giraud Amalric,,accomendatio,stans: Simon Marinerius | tractator: Silvester de Biteri,2,LIII 1. & XVI s. monete miscue modo curribilis i,0,"see capital clause (Marseille money, tournois, melgorien, bezants)",Acconem,"cum qua comanda ibo , Deo dante, in proximo viagio quod facturus sum apud Acconem",.NR,.NR,.NR,.NR,.NR,.NR,.NR,.NR,.NR,.NR,.NR,.NR,not extracted,.NR,no,no (Blancard text file; no page images in sources/),profit clause not printed; Blancard abridges formulae with etc.
AMA-0740-C,Amalric 1248 (Blancard),740,,"t. II, p. 172",1248-05-20,Marseille,Giraud Amalric,,accomendatio,stans: Johannes de Ulmo | tractator: R. Cornutus,2,LXXIIII 1. et vs. monete miscue modo curribilis in Mas- si,0,"see capital clause (Marseille money, tournois, melgorien, bezants)",Pisis,"cum qua comanda ibo , Deo dante, in proximo viagio quod facturus sum apud Pisis",.NR,.NR,.NR,.NR,.NR,.NR,.NR,.NR,.NR,.NR,.NR,.NR,not extracted,.NR,no,no (Blancard text file; no page images in sources/),profit clause not printed; Blancard abridges formulae with etc.
AMA-0810-C,Amalric 1248 (Blancard),810,,"t. II, p. 205",1248-05-27,Marseille,Giraud Amalric,,accomendatio,stans: Petrus Imbertus de Aquis | tractator: Bonusisaac Ferrusolus,2,XXVIIII 1. x s. monete miscue modo curribilis in Ma,0,"see capital clause (Marseille money, tournois, melgorien, bezants)",Mayoricas vel Gigiam vel Tenes,"cum qua comanda ibo , Deo dante, in proximo viagio quod fac- turus sum apud Mayoricas",.NR,.NR,.NR,.NR,.NR,.NR,.NR,.NR,.NR,.NR,.NR,.NR,not extracted,.NR,no,no (Blancard text file; no page images in sources/),profit clause not printed; Blancard abridges formulae with etc.
AMA-0931-C,Amalric 1248 (Blancard),931,,"t. II, p. 261",1248-06-30,Marseille,Giraud Amalric,,accomendatio,stans: Johaninus de Clavari | tractator: W. Cogorda,2,CCL 1. monete miscue modo curribilis in Massili,0,"see capital clause (Marseille money, tournois, melgorien, bezants)",sale in Massilia or any voyage,"Massilia vel cum ea ire in quocunque viagio Deus michi ordinaverit, causa mercadarie , ad fortunam Dei et","fortunam Dei et usum maris & terre et tuum resegum, et ad quartam partem lucri",quarter of profit to the working party,.NR,.NR,"mercadarie , ad fortunam Dei et usum maris & terre et tuum resegum, et ad quartam partem lucri",investor,obligans etc,abridged (obligans etc.),.NR,.NR,.NR,.NR,not extracted,.NR,no,no (Blancard text file; no page images in sources/),traveller may sell the pitch in Marseille or carry it on any voyage
AMA-0041-S,Amalric 1248 (Blancard),41,,"t. I, p. 280",1248-03-17,Marseille,Giraud Amalric,,accomendatio/societas-alt,stans: W. de Balneolis; Agnes | tractator: W. Bornhe; Dulcia,4,xl 1. regalium coronatorum vel alterius mo- ne,0,"see capital clause (Marseille money, tournois, melgorien, bezants)",infra Massiliam (land),hinc ad unum annum continuum et com- pletum,"debemus tenere salvas in terra, infra Massiliam, ad medietatem lucri quam nos habere debemus et vos aliam",half of profit to the working party,totum capitale cum me- dietate lucri reducere in posse vestri,working party answers for capital,.NR,.NR,obligantes etc,abridged (obligans etc.),"sciverimus infra Massiliam, et totum capitale cum me- dietate lucri reducere in posse vestri et vestrorurn",return into the investor's power,.NR,.NR,not extracted,.NR,no,no (Blancard text file; no page images in sources/),drafted ex causa comande vel societatis; two agents bound jointly and severally; capital to be kept salvas in terra within Marseille; half profit to agents; unconditional promise to return totum capitale; currency-substitution clause; land-based
AMA-0112-S,Amalric 1248 (Blancard),112,,"t. I, p. 310",1248-03-23,Marseille,Giraud Amalric,,societas+accomendatio,stans: Petrus Cambafort (patruus) | tractator: Petrus Cambafort filius Giraudi,2,xx 1. turoncnsium implicatas in pannis et teli,"qua companhia debeo adjungere lx I. turonensium de meo, et debeo habere medietalem hicri et tu","see capital clause (Marseille money, tournois, melgorien, bezants)",Acconem,"et companhia ibo, Deo dante, in proximo viagio quod facturus sum apud Acconem, in nave Raimundi Sifredi que","resegum, et meum pro porcione mea dicte companhie, et ad quartam partem lucri dlcti commande, que quarta",half of profit on the societas; side placements at a quarter,.NR,.NR,"ad fortunam Dei et usum maris et tuum resegum, et meum pro porcione mea dicte companhie",shared,.NR,.NR,.NR,.NR,.NR,.NR,not extracted,.NR,yes,no (Blancard text file; no page images in sources/),"companhia of 120 l. tur. plus 60 l. of the traveller's own, half profit; a separate comanda of 180 l. at a quarter which falls into the companhia"
AMA-0164-S,Amalric 1248 (Blancard),164,,"t. I, p. 332",1248-03-26,Marseille,Giraud Amalric,,societas,stans: Petrus Pellerius | tractator: Petrus Anglicus,2,xv 1. regalium coronatorum,0,"see capital clause (Marseille money, tournois, melgorien, bezants)",infra Massiliam (land),hinc ad festum S. Michaelis proxime venturum,"Michaelis proxime venturum, ad medietatem lucri quam inde babere debeo, et tu aliam",half of profit to the working party,"totum capitale, scilicet xv I. pre- dictas regalium vel xviiii 1. monete miscue, si tune tempore esset curribilis in Massilia, reducereinposse tuo",working party answers for capital,.NR,.NR,obligans etc,abridged (obligans etc.),"monete miscue, si tune tempore esset curribilis in Massilia, reducereinposse tuo cum medietate lucri quod Deus cum dicta",return into the investor's power,.NR,.NR,not extracted,.NR,no,no (Blancard text file; no page images in sources/),kept salvam in terra within Marseille; takings deposited daily in a chest at the investor's house; oath; land-based
AMA-0204-S,Amalric 1248 (Blancard),204,,"t. I, p. 349",1248-03-26,Marseille,Giraud Amalric,,societas+accomendatio,stans: Berengarius Eguizerius; Petrus Boquerius | tractator: R. de Nercio,3,xxv 1. monete miscue modo curribilis in Massili,0,"see capital clause (Marseille money, tournois, melgorien, bezants)",.NR,.NR,.NR,.NR,.NR,.NR,.NR,.NR,.NR,.NR,.NR,.NR,"curribilis in Massilia, impli- catas in comunibus implicitis meis, renuncians etc",commingled,not extracted,.NR,yes,no (Blancard text file; no page images in sources/),profit clause not printed; Blancard abridges formulae with etc.
AMA-0236-S,Amalric 1248 (Blancard),236,,"t. I, p. 364",1248-03-28,Marseille,Giraud Amalric,,societas,stans: W. de Crusolis | tractator: Durantus Johannes de Montepessulano,2,x 1. dicte monete,debeo ego adjungere de meo x 1,"see capital clause (Marseille money, tournois, melgorien, bezants)",Acconem,"conpanliia ibo, Deo dante, in proximo viagio quod facturus sum apud Acconem in nave Raimundi Sifredi que","dicti \Y et meî, proportio- nibus supradictis, et ad medietatem lucri quod ego debeo habere et dictus W",half of profit to the working party,.NR,.NR,"ad fortunam Dei et usum maris, et reseguin dicti \Y et meî, proportio- nibus supradictis",shared,obligans etc,abridged (obligans etc.),.NR,.NR,.NR,.NR,not extracted,.NR,yes,no (Blancard text file; no page images in sources/),investor acts through his procurator; 40 l. and 10 l. own; half profit; oath
AMA-0239-S,Amalric 1248 (Blancard),239,,"t. I, p. 365",1248-03-28,Marseille,Giraud Amalric,,societas,stans: Petrus de Beteria | tractator: Hugo de Beteria,2,lxx 1.turonensium,debeo adjungere de meo xxxv 1,"see capital clause (Marseille money, tournois, melgorien, bezants)",Acconem,"qua conpanhia ibo, Deo dante, in proximo viagio quod facturus sum apud Acconera, in nave Raimundi Sifredi que",et ad medietatem lucri etc,half of profit to the working party,.NR,.NR,"Sanctus-Spiritus, ad fortunam Dei etc., et ad medietatem lucri etc. \ quam companhiain promito tibi per stipulationem bene etfideliterportafe, tenere et custodire et cuin ea",abridged,.NR,.NR,.NR,.NR,.NR,.NR,not extracted,.NR,yes,no (Blancard text file; no page images in sources/),70 l. tur. and 35 l. own; half profit
AMA-0348-S,Amalric 1248 (Blancard),348,,"t. I, p. 405",1248-03-31,Marseille,Giraud Amalric,,societas,stans: Aicardus de Templo | tractator: Hugo de Templo,2,lxiii 1. monete miscue modo curribilis in Massili,not extracted,"see capital clause (Marseille money, tournois, melgorien, bezants)",Sicilia,"implicatas in comunibus impli- citis cum qua conpanhia ibo, mcis, ronuncians, etc","maris, et tuum reseg-um et meum pro medietate, et ad medietatem lucri quam compahiam promito tibi per",half of profit to the working party,.NR,.NR,tuum reseg-um et meum pro medietate,shared,obligans etc,abridged (obligans etc.),.NR,.NR,"modo curribilis in Massilia, implicatas in comunibus impli- citis cum qua conpanhia ibo, mcis",commingled,not extracted,.NR,no,no (Blancard text file; no page images in sources/),"brothers; no contribution of the traveller stated, yet the peril clause puts half on him"
AMA-0429-S,Amalric 1248 (Blancard),429,,"t. II, p. 35",1248-04-09,Marseille,Giraud Amalric,,societas,stans: Bernardus de Porta; Johannes de Casis; Bernardus Lauberius | tractator: Durandus Clericus,4,CLXXIIII 1. monete miscue modo curribilis in Massili,"com- panhia , ego debeo adjungere de meo LxxxvII 1","see capital clause (Marseille money, tournois, melgorien, bezants)",Acconem vel Sicilia,"quas habuero, ibo , Deo dante, in proximo viagio quod facturus sum apud Acconem vel in Sicilia vel ubicunque","36 - et tuum resegum et meum , et ad medietatem lucri quod inde habere debeo, et tu aliam",half of profit to the working party,.NR,.NR,tuum resegum et meum,shared,"obligans, etc",abridged (obligans etc.),"melius potero vel scivero, et totum capitale cum medietate lucri reducere in posse tui vel tuorum & veritatem inde tibi dicere",return into the investor's power,.NR,.NR,not extracted,.NR,no,no (Blancard text file; no page images in sources/),174 l. and 87 l. own; two thirds of the investor's share held by two others
AMA-0442-S,Amalric 1248 (Blancard),442,,"t. II, p. 40",1248-04-10,Marseille,Giraud Amalric,,societas,stans: Augerius Vaidenuecgz | tractator: Petrus Ebrardi junior,2,not extracted,in qua ego adjunxi de meo alias ccxx l,"see capital clause (Marseille money, tournois, melgorien, bezants)",Pisis,"com- panhia ibo, Deo dante , in proximo viagio quod factu- rus sum apud Pisis vel alibi , causa mercadarie","fortunam Dei & usum maris et tuum resegum et meum, & ad medietatem lucri quod inde debeo habere, et tu aliam",half of profit to the working party,.NR,.NR,tuum resegum et meum,shared,.NR,.NR,.NR,.NR,.NR,.NR,not extracted,.NR,no,no (Blancard text file; no page images in sources/),equal contributions (220 l. 8 s. each); half profit
AMA-0467-S,Amalric 1248 (Blancard),467,,"t. II, p. 51",1248-04-11,Marseille,Giraud Amalric,,societas,stans: W. de Banco | tractator: W. Saillenbarcha,2,XXXVII 1. monete miscue modo curribilis in Massili,"qua con- panhia ego adjunxi de meo tantundem corralli , renuncians, etc","see capital clause (Marseille money, tournois, melgorien, bezants)",Messanam,"cum qua conpanhia ibo , Deo dante, in proximo viagio quod facturus sum apud Messanam",Dei & usum maris et resegum dicti W' de Banco et ad medietatem lucri,half of profit to the working party,.NR,.NR,"alia, ad fortunam Dei & usum maris et resegum dicti W' de Banco et ad medietatem lucri. Testes :",investor,.NR,.NR,.NR,.NR,.NR,.NR,not extracted,.NR,no,no (Blancard text file; no page images in sources/),coral valued 37 l. and as much of his own; peril clause names only the investor's peril
AMA-0486-S,Amalric 1248 (Blancard),486,,"t. II, p. 62",1248-04-11,Marseille,Giraud Amalric,,societas,stans: R. Azemarus; Hugo Aimericus | tractator: R. Azemarus; Hugo Aimericus,2,XLVI 1. melgoriensium in data companhia,Hugoni quod idem Hugo ministrat XLVI 1,"see capital clause (Marseille money, tournois, melgorien, bezants)",Acconem,"sibi ad invicem per stipulacionem ire apud Acconem in nave que dicitur Sicarda, ad fortu- nam Dei et usum","resegum ipsorum pro por- cionibus predictis, & ad medietatem lucri quod debent habere dictus R",half of profit to the working party,.NR,.NR,resegum ipsorum pro por- cionibus predictis,shared,.NR,.NR,.NR,.NR,.NR,.NR,not extracted,.NR,no,no (Blancard text file; no page images in sources/),both contribute (150 l. and 46 l.) and both go; half profit each
AMA-0512-S,Amalric 1248 (Blancard),512,,"t. II, p. 74",1248-04-15,Marseille,Giraud Amalric,,societas,stans: Raimundus de Limars; Raimundus Dalani; Ricardus de Sancto Johanne | tractator: Arnaudus Salvator,4,xxv 1. ab antedicto Ricardo,0,"see capital clause (Marseille money, tournois, melgorien, bezants)","Januam, to buy a ship","cum qua comanda ibo , Deo dante, in proximo viagio quod facturus sum apud Januam","nave vel lignum seu ligna vos tres debetis habere medietatem indiviso, solutis a vobis illud quod navis",half of profit to the working party,.NR,.NR,.NR,.NR,.NR,.NR,.NR,.NR,.NR,.NR,not extracted,.NR,no,no (Blancard text file; no page images in sources/),"capital to buy a ship, of which the investors hold half pro indiviso"
AMA-0611-S,Amalric 1248 (Blancard),611,,"t. II, p. 118",1248-04-26,Marseille,Giraud Amalric,,societas+accomendatio,stans: Johannes de Casis; Bernardus Lauberius; Bertrandus de Porta | tractator: Durantus Clericus,4,XVI 1. et I s . monete miscue modo curribilis in Massi,0,"see capital clause (Marseille money, tournois, melgorien, bezants)",ubicunque,"cum qua comanda ibo, Deo dante, ubicunque Deus michi ordinaverit causa mercaderie",.NR,.NR,.NR,.NR,.NR,.NR,.NR,.NR,.NR,.NR,.NR,.NR,not extracted,.NR,no,no (Blancard text file; no page images in sources/),payment of freight on goods held in conpahia; also called comanda; profit clause not printed; Blancard abridges formulae with etc.
AMA-0697-S,Amalric 1248 (Blancard),697,,"t. II, p. 153",1248-04-27,Marseille,Giraud Amalric,,societas,stans: Bonusinfans; Bonusdominus; Bonafossus | tractator: Bonusinfans; Bonusdominus; Bonafossus,3,not extracted,not extracted,"see capital clause (Marseille money, tournois, melgorien, bezants)",Valencie,"Vitalis quondam, volentes ire in viagio Valencie in ligno Bertrandi Belpel quod dicitur Leopardus","alteri ipsorum, quot cunque sunt, sint eis communes equis porcionibus in viagio supra dicto , et omnes implicite",half of profit to the working party,.NR,.NR,.NR,.NR,obligantes sibi ad invicem etc,abridged (obligans etc.),.NR,.NR,.NR,.NR,not extracted,.NR,no,no (Blancard text file; no page images in sources/),"three travellers pool the profit of every comanda any of them holds, on one voyage in one vessel; own excess capital shares pro solido et libra; oath on the Law of Moses"
AMA-0755-S,Amalric 1248 (Blancard),755,,"t. II, p. 179",1248-05-21,Marseille,Giraud Amalric,,accomendatio/societas-alt,stans: Johannes Marinus | tractator: Giraudus Ruffus,2,LXIIII 1. monete miscue modo curribilis in Massili,0,"see capital clause (Marseille money, tournois, melgorien, bezants)",salvas in terra (land),per tantum temporis quantum tu & dictus Johan- nes volueritis,"temporis quantum tu & dictus Johan- nes volueritis , ad medietatem lucri quod inde habere debes, & dictus Johannes",half of profit to the working party,dictas LXIIII 1. cum medietate lucri tibi vel dicto Johanni reddere,working party answers for capital,.NR,.NR,obligans etc,abridged (obligans etc.),.NR,.NR,.NR,.NR,not extracted,.NR,no,no (Blancard text file; no page images in sources/),drafted in comanda seu societate; kept salvas in terra as long as the investor wishes; half profit; account quandocunque volueritis; land-based
AMA-0760-S,Amalric 1248 (Blancard),760,,"t. II, p. 182",1248-05-22,Marseille,Giraud Amalric,,societas,stans: W. de Sancto Siro | tractator: Bernardus de Sancto Victore,2,cxxv 1. monete miscue modo curribilis in Massili,conpanhia ego debeo adjungere de meo L 1,"see capital clause (Marseille money, tournois, melgorien, bezants)",ad tabulam cambii (land),in duos annos continuos & completos,"venturo in duos annos continuos & completos, & habere medietatem lucri quod Deus cum dicta companhia michi",half of profit to the working party,"dictas cxxv 1. cum medietate lucri, ut dictum est, tibi dare et solvere in fine dictorum duorum annorum",working party answers for capital,.NR,.NR,obligans etc,abridged (obligans etc.),.NR,.NR,.NR,.NR,not extracted,.NR,no,no (Blancard text file; no page images in sources/),money-changer's table for two years; 125 l. and 50 l. own; half profit plus 50 s. a year; father stands surety; land-based
AMA-0774-S,Amalric 1248 (Blancard),774,,"t. II, p. 189",1248-05-23,Marseille,Giraud Amalric,,societas,stans: Hugo Boverius | tractator: Aicardus de Templo,2,L 1. monete miscue modo curribilis in Massili,societate ego debeo adjungere de meo alias L1,"see capital clause (Marseille money, tournois, melgorien, bezants)","Pisis, to buy a ship","debeo ire apud Pisis, vel ubicunque Deus michi ordinaverit, causa mercadarie","usum maris & tuum resegum & meum, & tu debes habere medietatem in nave, vel navibus , seu lignis, seu in",half of profit to the working party,.NR,.NR,tuum resegum & meum,shared,obligans etc,abridged (obligans etc.),et implicitas dicte conpanhie reducere in posse tuo vel tuorum etc,return into the investor's power,.NR,.NR,not extracted,.NR,no,no (Blancard text file; no page images in sources/),"equal contributions to buy a ship, held half and half; investor licenses the traveller to borrow for the purchase and promises to repay him half the sum"
AMA-0829-S,Amalric 1248 (Blancard),829,,"t. II, p. 213",1248-05-30,Marseille,Giraud Amalric,,societas,stans: Dulcianus de Sancto Victore | tractator: Bernardus de Sancto Victore,2,L 1. monete miscue modo curribilis in Massili,0,"see capital clause (Marseille money, tournois, melgorien, bezants)",ad tabulam campsorie (land),.NR,secundum quod Deus michi ordinaverit et debes habere medietatem lucri quod cum ea Deus michi facere permiserit,half of profit to the working party,.NR,.NR,.NR,.NR,obligans etc,abridged (obligans etc.),.NR,.NR,.NR,.NR,not extracted,.NR,no,no (Blancard text file; no page images in sources/),brothers; kept at the traveller's money-changing table with another companhia; may be sent at peril per mare vel per terram; land-based
AMA-0838-S,Amalric 1248 (Blancard),838,,"t. II, p. 217",1248-05-30,Marseille,Giraud Amalric,,societas+accomendatio,stans: Raimundus Jacobus | tractator: Astruga; Giraudus Oliverius; W. Oliverius,4,xl. monete miscue modo curri - 218 - bilis i,0,"see capital clause (Marseille money, tournois, melgorien, bezants)",in operatorio (workshop),a festo Pente- coste proxime venturo in unum annum,"coste proxime venturo in unum annum, et debemus habere medietatem lucri quod Deus cum dicta comanda nobis",half of profit to the working party,.NR,.NR,.NR,.NR,obligantes etc,abridged (obligans etc.),.NR,.NR,.NR,.NR,not extracted,.NR,no,no (Blancard text file; no page images in sources/),drafted in comanda seu in societate; workshop for a year; three agents in solidum; half profit; land-based
AMA-0870-S,Amalric 1248 (Blancard),870,,"t. II, p. 231",1248-05-29,Marseille,Giraud Amalric,,societas,stans: Bartolomeus filius Benedicti de Luca | tractator: Rollandus Vendemia,2,XVI 1. monete miscue modo curribilis in Massili,qua conpanhia debeo adjungere de meo alias XVI 1,"see capital clause (Marseille money, tournois, melgorien, bezants)",Mayoricas,"cum qua conpahia ibo, Deo dante , in proximo viagio quod facturus sum apud Mayoricas",& debeo inde habere - 232 medietatem lucri de dicta conpahia & de loquerio meo,half of profit to the working party,.NR,.NR,.NR,.NR,.NR,.NR,.NR,.NR,.NR,.NR,not extracted,.NR,no,no (Blancard text file; no page images in sources/),equal contributions (16 l.); half the profit of the conpanhia and of his hire
AMA-0948-S,Amalric 1248 (Blancard),948,,"t. II, p. 269",1248-07-06,Marseille,Giraud Amalric,,societas,stans: Maria de Valencia | tractator: Bernardus Ambuletus,2,not extracted,not extracted,"see capital clause (Marseille money, tournois, melgorien, bezants)",apud Insulas Massilie (land),.NR,"debet eidem Bernardo et dicte Marie esse commune, equis portionibus",half of profit to the working party,.NR,.NR,.NR,.NR,.NR,.NR,.NR,.NR,.NR,.NR,not extracted,.NR,no,no (Blancard text file; no page images in sources/),provisioning partnership at the Islands of Marseille for the August season; profit shared equally after capital; land-based
AMA-1015-S,Amalric 1248 (Blancard),1015,,"t. II, p. 301",1248-07-25,Marseille,Giraud Amalric,,accomendatio/societas-alt,stans: Maria Bastonale | tractator: Bertrandus Barracius,2,xxv 1. monete miscue modo curribilis in Massili,0,"see capital clause (Marseille money, tournois, melgorien, bezants)",infra Massiliam (workshop),hinc ad unum annum conti- nuum & completum,"salvas in terra, in ope- ratorio meo pelliparie, ad medietatem lucri quam inde habere debeo, et tu aliam",half of profit to the working party,totum capitale cum medietate lucri tibi portare & solvere in termino supradicto,working party answers for capital,.NR,.NR,obligans etc,abridged (obligans etc.),.NR,.NR,.NR,.NR,not extracted,.NR,no,no (Blancard text file; no page images in sources/),drafted in comanda seu ex causa societatis; salvas in terra in his furrier's workshop for a year; land-based
