corpus,act_no,pdf_page_extract,printed_page,date,act_type_latin,editor_heading
Giovanni Scriba I,1,1,1,.NR,dowry,
Giovanni Scriba I,2,1,1,.NR,other:quittance,"I consoli di Ccnot•a assn!Mnn cnn senl,,n-:ri (;nfsrarrlo Gallo, A nsC'fmo di (;utizone e r.aremone da ogni domanda proposta crmtro di rs.~ i dalla mogfir de l fu A rnaldo redisino (dicembre"
Giovanni Scriba I,3,2,2,heading: d icembre 115-l),other,"Guglielmo !I radrflo si obblioa cli pagare a Bono Vassallo Di Castello una somma di clcnarn an·a,.rivo di un o dei suoi fìgli enll'o il 1° giugno 1J:j5 (d icembre 115-l)."
Giovanni Scriba I,4,2,2,.NR,other,"si obbli ga di (l(l(/a re a Bono r assal/n Di Casl<'llrJ w w somma di dcn(lro al I"" T11glio 11 5.; (clicemhre 115-n."
Giovanni Scriba I,5,3,3,heading: dicembre 115.j.,other,"Olo d e Brixa dichiara a Bono l""assallo Di Castello d i ave1·e denaro e m erci di proprietà del m edesim o pe1· cont m erciarli in Lombardia (dicembre 115.J.)."
Giovanni Scriba I,6,3,3,heading: dicembre 115-1),other,(Balduin o) cli ln gelfreclo si obbliga di pagare una somma ad A mica cli Cunizon e al 24 giugno 1155 per m erci ricevute dal m ed esf.m o (dicembre 115-1).
Giovanni Scriba I,7,4,4,1155-01,other,"Arnaldo di ..... si obbliga cli dare una somma di dena ro a Guglielmo Tornello il 24 giugno 1155, colla pignorazione del suo podere in Bisagno (gen naio 1155)."
Giovanni Scriba I,8,4,4,1155-01,other,"Hainoldo de Beni2onr .~i nhl1liga di drr,.e a (;11alir/nlr) 811.ronc una snmma in denam . () l'rqtii1Jalenl e in rwre. n ell 'n ffava della prossima Pasqua (gennaio 1155)."
Giovanni Scriba I,9,5,5,1155-02,other,"A lbertono di Primo, si ob bliga di pagare a Bonifacio Bucucio quanto il m edesimo pagherà per lui ai consoli di Gen ova (febbraio 1155)."
Giovanni Scriba I,10,5,5,1155-05-01,mutuum,Balduino di Ing el/redo si obbliga di pagare il 1 m aggio 1155 al
Giovanni Scriba I,11,6,6,1155-03,societas,Pietro di Tolosa dichiara d'aver ricevuto da Otone Bono lb. 127 in societatem per traffici eh' esso svolgerà a Sai emo e poi in Sicilia (marzo 1155).
Giovanni Scriba I,12,6,6,1155-03,societas,"Otobono e A ucello del fu Giovanni Menagu,crra stipulan o una societas per traffi ci che Ancello svolgerèt a Salem o e in Sicilia (marzo 1155)."
Giovanni Scriba I,13,6,6,.NR,sale,
Giovanni Scriba I,14,7,7,1155-04-10,sale,G'.u ido del fu Alinerio in pal'le fa donazi one e in parte vende ai nipoti Balduino e Guglielm o una casa con t erreno in porta (10 a prile 1155).
Giovanni Scriba I,15,7,7,heading: 10 aprile 115:)),sale,"Baldu.ino Di Caste77o per i suoi nipoti Balduino e Gualielmo p1·om elte di vendere ad A lin eria le case di proprietà cli essi, cioè quelle pervenute loro con la convenzione di cui al doc. XIV (10 aprile 115:))."
Giovanni Scriba I,16,8,8,.NR,sale,"Alinerio per sè e per il fratello prom ette di tiende1·e a Balduino Di Castello per i su,oi nipoti Balduino e Gug lielmo qHa nto egli possiede in Manzano donatogli da Guidone .-1 linerio (10 aprile"
Giovanni Scriba I,17,9,9,1156-06-13,other,Oberto fi glio di si obb liga di pagare ad A mbra m oglie clel fu ! clon e Contardo una som m a di d enaro porle a 1'.·atale e pari.e a Pasqtta (13 giug no 1156).
Giovanni Scriba I,18,9,9,1155-06-08,other,Guglielmo Porco don a alla chiesa cli S. Benigno de capite far i gli immobili iv i esistenti a lui pervenuti dall'avo v isdomino (8 giugno 1155).
Giovanni Scriba I,19,10,10,1155-06-01,other,"Merlo di Falesana si obbliga di dare una som m a in denaro o il lantumdem in pepe, a Ribaldo f ralelln di Lamberto Guercio per pepe ell e '1a ricevuto (2-1 giugno 1155)."
Giovanni Scriba I,20,10,10,.NR,other,"Giovanni .\lalorcllo dil'hia ra di aver rice1·ulo da Guglidmo Zublann mw snmma rii d l'n<rrn, da qnesl ' nltimn dm>ula al genero suo Giovanni Toxico (10 g iug-no 1156)."
Giovanni Scriba I,21,11,11,1155-07,sale,Ben figlia dP.l fu .... vende a Oberto Cancelliere una casa nel borgo di Rapallo (luglio 1155).
Giovanni Scriba I,22,11,11,1155-07,other,"Tdone Pulpario prom ette a LambC'rlo .Grillo di in dennizzarlo cli quanto pC1gherà per la manuJe,·acio da lui fatta verso R aulfo (lug lio 1155)."
Giovanni Scriba I,23,12,12,.NR,other:no-term trade capital,"Oberto Cancelliere si obbliga di pagare a titolo di mutuo a Guidone cla Lodi una somma o il tanlumdem in pepe che il 1nedesimo aveva J)(l(J(ll O per esso ad Archibaudo e Donioto fl u ""'liO 115-) )."
Giovanni Scriba I,24,12,12,.NR,other,1ldalas:a figli a clrl fu /)olce de Predi si obl>liga di pagare una somma di <f<>naro a Oberto Cancellfrre ( lu g!~o 1155).
Giovanni Scriba I,25,13,13,1155-08-11,sale,"Bono Fassallo VisioTo e Ermellina, coniugi , ·vendono a Giovan ni Malocello una pezza di terra in Sestri Ponente (11 agoslo 1155)."
Giovanni Scriba I,26,14,14,1165-08-21,other,Giovanni Aulerio af/ranrn dalla servitù. Jlarlin elo. su.o servo (21 agosto 1165).
Giovanni Scriba I,27,14,14,heading: 21 agosto 11:)5),other,Ogerin Lu gam dichiara di cw<'l'e merci di r::ialidmo Filardo elle deve p0rlare ad . I lrssondl'io labo ralurn ad sua m fortunam (21 agosto 11:)5).
Giovanni Scriba I,28,15,15,1105-08-21,other,"Giovanni Maloccllo promelle di vendere a Donadeo di Spignano e Ada.lasia, fralello e sorella, una terra in Rapallo, al prezzo fìssalo dagli stimatori cìe.l comune (21 agosto 1105)."
Giovanni Scriba I,29,15,15,1155-08-21,other,"Dona.dea di Spign cm o e Adalasia., fratello e sorella, promeltono di vendere a Gio1'Vinni Maloccllo una terra in Serra , al prezzo fì,ssa.to dagli stimatori del comu.ne (21 agosto 1155)."
Giovanni Scriba I,30,16,16,1165-08-22,sale,"Oglerio 1\·ocen zio e Soloste, coniugi) vendono ad Ansaldo Doria una pezza di terra (22 agosto 1165)."
Giovanni Scriba I,31,16,16,.NR,other,13alliga iugum si obbliga di dare alla prossimrz f csln di San Martino una somma di cll'naro ad Arnalda figlia rii l:'<!rrario (22 ngoslo 1155).
Giovanni Scriba I,32,17,17,.NR,sea_loan,"Gandolfo Garruto e A nna figlia del fu Vassallo Castagna, coniugi, stipulano un prestito marillimn con Guglielmo Filardo (!'i seL· temhre 115,J)."
Giovanni Scriba I,33,17,17,1155-09-03,other,Ribaldo de Balneo si obbliga di dare a Gugliclm0> D<'lla l'olla una somma di dena ro il 1° giugno 11 56 (3 settembre 1155).
Giovanni Scriba I,34,18,18,.NR,societas,"Ribaldo di Sarafia e Ferro de campo contraggono w w socìetas , per traffici che Ferro svolgerà ante ~Iasa rium (19 sellembre 1155)."
Giovanni Scriba I,35,18,18,.NR,societas,"Stabile, ban ch ier e, e Hain aldo Mar gon contraggon o una societas per tr af fì ci ch e Rain ald o Margon svolger à in Sicilia ( 7 n ovem -"
Giovanni Scriba I,36,19,19,1155-11-18,other,":\led o di Brasile si obbliga o. dare una somma di denaro a Giberto, banc11iere, al 1 sellembre 1156 (18 n ovembre 1155)."
Giovanni Scriba I,37,19,19,1155-11-18,sale,"An saldo Callo e Jlarclicse, fratelli , vendono a ;Ha.tilde figlia di Corrado d i Bon villano una pezza di terra, in prom ontorio (18 novembre 1155)."
Giovanni Scriba I,38,19,19,heading: genova assnlvo110 c,other:quittance,con.~oli di Genova assnlvo110 con scnlen:o l .i I Inno di 1?0111•Msallo da ogn.i domanda co11lro ·esso proposta da Ogerio . I nlo (15 feb-
Giovanni Scriba I,39,20,20,1155-12-12,dowry,t-1.mico Grillo diichiara di aver ricevuto da Boiamunte di Odone una somma di denaro della dole della figlia di Guidone Ile per conto di Balduino de castro (12 dicernpre 1155).
Giovanni Scriba I,40,20,20,.NR,other,"Rainaldo Cauxono si obbliga di dare a Lamberto Grillo a Pasqua del 1156 una somma di denal'o o il tantumrlcm in pepe (14 genn aio lF,6)."
Giovanni Scriba I,41,20,20,1156-02-15,other,Oberto di Prin a si obbliga di pagare u.na somma di denaro a Oberto Cancelliere alla scadenza di un anno colla pignorazione di beni in Rapallo (15 febbraio 1156).
Giovanni Scriba I,42,21,21,1156-02,other:quittance,I consoli cli Gen ova assolvono A fl!;afdo Golia dalle clonicmde contro esso proposte dai figli del fu Ugone Cuaraco (!() febbraio 1156).
Giovanni Scriba I,43,21,21,1156-02-20,other:quittance,I consoli di Genova assolvono con sentenza gli eredi del fu Bono Vassallo Blanci dalle domande contro essi proposte da Sibilia moglie di Carbonaria e dai suoi eredi (20 febbraio 1156).
Giovanni Scriba I,44,22,22,.NR,other,Raimondo Pictenato fa. dona :io11e ad A migone de ciiria e ai suoi frat elli di un credilo verso Raimondo Gaufrccli (21 febbraio
Giovanni Scriba I,45,22,22,.NR,other:quittance,I cnnsnl i di Ge110va ass0l vnno Gnglirlmo (;alla (la/le dnmande rnntro esso proposte da Martino Golia (22 fehh raio 1156).
Giovanni Scriba I,46,23,23,1156-02-25,other,I consoli di Genova defin iscono con sentenza le contestazioni per la proprietà cli u n pezzo di terra tra Gandnlfo de Pasleriis e la Chiesa cli San Rufino in Levi ('25 febbraio 1156).
Giovanni Scriba I,47,23,23,1156-03-05,other:testament,a) Raim ondo Piclenado dispone con testamento dei proprii: beni (5 m arzo 1156).
Giovanni Scriba I,48,25,25,1156-03-10,other:settlement,"Bertramis de Afflorat.a e Bonobello romano defì.niscono i loro rapporti relativi ad un contratto di societas, allora cessato (10 marzo 1156)."
Giovanni Scriba I,49,26,26,1106-03-18,sale,Bon a Domina fk rola vende acl Oberto Cancellicr(! una pezza di terra al Bisar1110 f)l'<'Sso la chiesa di San Martino (18 marzo 1106).
Giovanni Scriba I,50,27,27,1156-03,other,"Olo Dareza e l'acca, coniugi d on a n o ad Ariprando, gitidice milanese un terreno in Milan o ('?l marzo 1156J ."
Giovanni Scriba I,51,27,27,1156-03,other,Sibilia flf!lia del fu Ribaldo i\'occnzio d isp () n<~ con testamento dei propri beni (2G marzo 1156).
Giovanni Scriba I,52,28,28,1156-03-27,other,I consoli di Genova riconoscono cnn sentenza il diritto di Romano· di Casella di pagarsi su.i beni di Gerardo Confetlor per un credilo elle avetla verso il m edesimo (27 m arzo 1156).
Giovanni Scriba I,53,29,29,1156-03-27,other,"Maestro A m al do e Giordan nipote del fu Giovanni di Piacenza si obbligano di pagare una somma nell'ottav a della prossim.a Pasqua, pe1· m erce ricevuta (27 m a rzo 1156ì."
Giovanni Scriba I,54,29,29,1156-04-01,other,"Pandolfo di chiara di aver ricevuto da A rabita la parte del prezzo di una terra, acquistata dal comune di Genova, ch e era di proprietà di sua su ocera Druda, m oglie del fu .4storio e de i suoi figli (1 aprile 1156)."
Giovanni Scriba I,55,30,30,1156-04-01,other,"A rabita m oglie del fu .Herlone Astorio dic11iar a cli aver ricevuto da Pandolfo la parte del prezzo di una terra, acquistata dal Com u ne di Genova (1 a prile 1156)."
Giovanni Scriba I,56,31,31,1156-04-03,sale,Gionata del fu Gondolfo Rubeo vende a Guglielm o Filardo una pezza di terra al Bisogno (3 a prile 1156).
Giovanni Scriba I,57,31,31,1156-04-07,other:quittance,I consoli di Genova. assolvon o Albel'lo di Nc grone dalla domanda di Pisano di avere da esso una sc11iava saracena (7 aprile 1156).
Giovanni Scriba I,58,32,32,1156-04-09,other,Ne gosante si obbliga di pagare a lngone Della Volta una somma di denaro colla malleveria di Arnaldo Della Porla (9 a prile 1156).
Giovanni Scriba I,59,32,32,1156-04-16,societas,Guglielmn Burone e l dnn c de Rica contraggono ima socielas per traffici che Jdone svolgerà a Bugia e altrove (16 aprile 1156).
Giovanni Scriba I,60,32,32,.NR,other:quittance,
Giovanni Scriba I,61,33,33,1156-04-30,sale,Gualielmo Zulcano vende. a Gualielmo Filardo la sua ancella Agnese (30 aprile 1156).
Giovanni Scriba I,62,33,33,1156-04-21,other:quittance,"Bono Giovanni Malfìgliastro e Ribaldo di Sara:ft,a .~i obbligano a pagare una somma di denar o a Rogerone Ile (21 a prile 1156)."
Giovanni Scriba I,63,34,34,1156-04-21,other,lardo una somma di denaro af 1 ottob1·e 1156 t:21 aprile 1156).
Giovanni Scriba I,64,34,34,heading: 21 a pri le 115()),other,"1ln sahlo del /n f>i<'fr o di llcssandria .~i obl>figo di pagar e a. Ogc,.io Noccnzio e Soloslc, coniugi, al 15 m ciggio 1156 una parte dcl prezzo di una lNra arquislala dai medesimi (21 a pri le 115())."
Giovanni Scriba I,65,35,35,.NR,sale,
Giovanni Scriba I,66,36,36,1156-04-23,other,"l consoli di Genova decidono con sentenza c11e, se Bono l 1 assallo dc Primo non pagherà prima della scadenza del loro consolato quanto deve a R ogerio Maraboti e Guglielmo di Gionata, questi ultimi possono impossessarsi dei suoi beni (23 aprile 1156)."
Giovanni Scriba I,67,36,36,1156-04-23,other,"Bono Vassallo Mutt ella dic hiara di aver ricevuto per conio del f1·atello Oliviero da Amico l'acca la restituzione di una parte della somma che Embrono dove1,.1a ad Oliviero a tilolo di mu.tuo (23 aprile 1156)."
Giovanni Scriba I,68,37,37,1156-04-24,accomendatio,Bono Vassallo Jfan·a.cio stipula un a accom endacio con Guglielmo Filardo per trafficare a :U essina e altrove (24 aprile 1156).
Giovanni Scriba I,69,37,37,1156-04-26,sea_loan,"Giordano figlio del fu Vivaldo di Pra dichiara di aver ricevuto da Arnaldo Vacca una somma di denaro per traffi care a Valenza, Alessandria e altrove <1<d su um resicum (26 apri le 1156)."
Giovanni Scriba I,70,37,37,.NR,cambium,"Oberto Garaco e Aldela, coniugi, locano, libellario nomine ad Ogerio scriba una terra p resso la chiesa di S. Lorenzo (27 feb-"
Giovanni Scriba I,71,38,38,.NR,societas,"!nann e Ddln l""nllet e Opi:mne di Arnie<> Clerico slipu.lan o mw socielas per fra/{t ci chr Opi:nnr sN>lgerà in Sicilia e allrovc (2 m ag-g-io 1156)."
Giovanni Scriba I,72,39,39,1156-05-02,accomendatio,Ruslacllio stipula con BO!lO Giovanni Malfìglia.~tro una comendacio per trafficare in Sicilia e altrove (2 maggio 1156).
Giovanni Scriba I,73,39,39,1156-05-03,accomendatio,1/arclH•11e Dormit or e Alessandro di Jngone ì\'a.sello stipula una com cndacio_con Guglielmo l 'rnto per tralfìcare a Salerno e altrove (3 maggio 1156).
Giovanni Scriba I,74,39,39,1156-05,cambium,"Baialar·do ft.gfio del fu Amico Patarie emancipa suo {tglio 1l 11saldo, coll'approvazione dei consoli di Genova ( m aggio 1156)."
Giovanni Scriba I,75,40,40,1156-05-09,other:quittance,I consoli di Genova dichiarano con sentenza il diritto di Pagano tintore di tenersi uno schiavo sarraceno di •Otone Bono (9 m agg io 1156).
Giovanni Scriba I,76,40,40,1156-05-09,sale,Vassallo Di Castello ven de ad Ansaldo Doria suoi poderi nella pieve di San Cìpriano (9 m aggio 1156).
Giovanni Scriba I,77,41,41,1156-05-16,other,Ba1dizone Guglielmo e Otone Usodimare donano al fra.Lello Oberi<> Usodimare tutto quanto ad essi era stato donalo da Druda figlia di quest'ultimo (16 m aggio 1156).
Giovanni Scriba I,78,41,41,.NR,other,"Guglielmo Cruselo si obbliga di pagor e a Bonifacio di Segnoraldo· I.a tertiadecima redemptionis di Drudonc e Giovanni Sagonensc, prigioni eri a Tunisi (17 1Jlaggio 1156)."
Giovanni Scriba I,79,42,42,1156-05,other,Pagan o Pensator e si obbliga di paoare a Bon;facio di Segnoralclo la sexta redenplionis di Drrulon e e Bono Giol'CLll ni Sagonen~c priginnieri ci Tunisi per lui e per i suoi soci (1 i m aggio 1156).
Giovanni Scriba I,80,42,42,1156-05-18,other:quittance,I ronsoli di Cennva assoft1onn rnn senlrnza i\'icola Pdlc e la sua moglie da ogni dnm anda contro essi proposta dalla loro suocera Mussa. (18 maggio 1156).
Giovanni Scriba I,81,43,43,.NR,other,"A nsaldo de caria e Anna 'fìglia del fu Nicola , Nin iugi , si obbligan o di pagare a Bonifacio Se gn oraldo il pr<'z::o del riscatto cli Drud<>ne e di Bono Gi01.·anni Sagonense ( l8 mng-Q·io 11:)6 ·."
Giovanni Scriba I,82,43,43,.NR,sale,
Giovanni Scriba I,83,44,44,1156-06,sale,"tanfran co De Mari e Erm ellina fìglia del fu Guglielmo del prete Severato , coniugi , vendono una casa in Genotia (ì g iugno 1156)."
Giovanni Scriba I,84,45,45,.NR,other,"Amigono de curia, Raimondo e Ribaldo, fratelli, si obbligano di pagare entro certi termini una somma di m oneta perpara, avendone avuto l'equivalente in moneta genovese (8 g iugno"
Giovanni Scriba I,85,46,46,heading: 2 g iug no 115g).,cambium,Oberto cli Casella emancipa. suo figlio Rainaldo col/'approea:.ione clef consoli cli Gennva. (1:2 g iug no 115G).
Giovanni Scriba I,86,46,46,1156-06-16,cambium,"Ribaldo. maestro, emancipa il fig lio Lamberto Lal>orantc coll'approt•a:.ione dci consoli di Cenot•a (16 gi ug no 1156)."
Giovanni Scriba I,87,47,47,1156-06-16,other,Lam berto Labora11te clono olla m og lie Jlarlina 1:! lb. genovesi nomine a.n tefacti (16 g iug no 1156).
Giovanni Scriba I,88,47,47,1156-06-23,other,"Rono l'assallo Di Castello si obbliga di pagare a Bono Giovanni Ma.lfiç1lia.~lro al 1 agostn 1156 in pepe o in brazile l'equivalente di una somma, che Ogerio de 1·irw deve a Bono Giovanni Malfìgliaslro quale p1·cz:zo cli una casa ('23 g iugn o 1156) ."
Giovanni Scriba I,89,48,48,1156-06-30,accomendatio,Ribaldo Castagna dichiara di a·ver ricevuto da Bigolo in commendatio nem diverse m erc i ch e trafficherà a Salerno e altrove (30 g iug no 1156).
Giovanni Scriba I,90,48,48,1156-06-30,sale,V go de Prealdo vende a Guglielmo Burone parte di una pezza. di terra in Fontaneggi (30 g iugno 1156).
Giovanni Scriba I,91,49,49,1156-07-01,other,"Amico de Cur1içone si obbliga a pagare una somma di denaro a Nicola, suo fraiello (1 luglio 1156)."
Giovanni Scriba I,92,49,49,heading: 2 luglio 11!>6),sale,"Grimaldo fìglio del fu Otone Canella vende una pezza di terra a Lanfranco cli Terrino e Bonavila, fratelli (2 luglio 11!>6)."
Giovanni Scriba I,93,50,50,1156-07-06,societas,Lanfranco Pei•ere dà in socielatem a Bernardo Porcello una somma di denaro per lavorare in Genova per cinque armi e gli affitta per lo stesso periodo il suo fondaco in Genova (6 luglio 1156).
Giovanni Scriba I,94,50,50,1156-07-08,other,"Bonifacio di Mauro don a acl :-1nna del fit Ogerio :'1u .~so . sua sposa, beni in Albaro sino alla concorrente di 100 libre genovesi (8 lug lio 1156)."
Giovanni Scriba I,95,51,51,1156-07-10,sale,1 consoli di Genova dicliiarano con sen tenza il di ritto di Piccamiglio e dci suoi f ral<!fli di porre due colonn e di l egn o a.i ianti la propria casa (10 lug lio 1156).
Giovanni Scriba I,96,51,51,1156-07-11,other:no-term trade capital,ldone .Ua llonc stipula u.n.a com cnda.cio CO! l lng one Della Vo lta investendone il capitale nella societas che esso fece con Guglielmo Buron.e (11 lug lio 1156).
Giovanni Scriba I,97,51,51,1156-07-11,societas,C. Rm·one e Jclone Ma7lone crm trongono un a societas pc1· traffici c11e T<lrm<' forà in Rom ania. e alf1·ot>e (11 lug lio 1156) .
Giovanni Scriba I,98,52,52,.NR,societas,r.u{Jliclm o l'cnto e Baldo Pul pn contraggono una soc ieta s per traffici clic Raldo fnrù in Scml<>gna (15 lug-lio 1156\.
Giovanni Scriba I,99,53,53,1156-07-06,sale,"Giovanni del /tt Baldon e di Spigna110 e Adalasia ,fìglia del fu Dolce dc Predi vendono a A dalasia di Gerardo S carsella una terra in Rapallo (6 lug lio 1156)."
Giovanni Scriba I,100,53,53,.NR,societas,
Giovanni Scriba I,101,54,54,1156-07-25,dowry,Guglielm o Arduino e Guilia. coniugi vendono a Guglielmo Fil ardo una pezza di terra presxo il fium e Bisagno (:25 luglio 1156).
Giovanni Scriba I,102,55,55,1156-07-30,sale,Ribaldo del fu Ansaldo Bla.ncio vende a Guglielmo Burone una parte di un 1I1ansum (30 lug lio 1156).
Giovanni Scriba I,103,55,55,1156-08-02,other,vazione dei consoli (2 agosto 1156).
Giovanni Scriba I,104,56,56,1156-08-06,sea_loan,T ado genero di Cioryio stipula un prestito marittimo con Giovan ni (6 agosto 1156).
Giovanni Scriba I,105,56,56,heading: 8 agosto 11:)6),accomendatio,"Gug lielmo di Sori dic l1ial'a di aver ricevalo in com endacione da Ogerio scril>a marabolin i, zafferano e comllo da commerciare ad .·llessandria e alt rove (8 agosto 11:)6)."
Giovanni Scriba I,106,56,56,1156-08-09,sea_loan,"Rubeo e Agnese, coriiugi, stipulano un prestito marittimo con Bongiovann.i Malfìgliaslro (9 agosto 1156)."
Giovanni Scriba I,107,57,57,heading: 16 agosto 115g).,dowry,"Lcm/ran co e Marchcsin. toniugi , clan no facoltà a Ribaldo di Sa,.afia di vendel'e tulfi i diritti spettanti a .'1cwchesia pro an tefa cto n ella casa già di proprietà clrl fu Guglirlmo Lanfranco Coiosi (16 agosto 115G)."
Giovanni Scriba I,108,58,58,1156-08-16,other,"Pietro de campo si obbliga di restituire a Ribaldo di Sarafìa al 1 agosto 11[)7 o in pepe o in denaro l'equivalente di libre quaranta genovesi, elle Ila ricevuto un tuzo in pepe, un t erzo in brazile selvatico, un terzo in mcchero (16 agosto 1156)."
Giovanni Scriba I,109,58,58,.NR,dowry,"Ribaldo rii Sarafìa promette a .\Jarcl~csia mmfre di Adalasia l 'an tefach•ll'\ e conviene l'usufrutto sul medesimo per dieci anni (16 U""""O:;lo 1156)"
Giovanni Scriba I,110,58,58,.NR,other,"Arnaldo dr p0rla d0na alla mogli<' l rlala.~irr del /11 1/br rfo l'rsrmio n omine an tcfacti 11na q1inln dr. i [>rn[Jri l;rn i {tno alla conco,.r enl e di libre 0ttanta (<lg-oslo 1156)."
Giovanni Scriba I,111,59,59,1156-08-19,sea_loan,"Solimano dichiarci di aver ricevuto da Bono Giovanni Ma/figliastro un ammontare di merci, coll'obbligo di 11enderle ricavando bisanti, da investire in merci determinate da riportare a Genova (19 agosto 1156)."
Giovanni Scriba I,112,59,59,.NR,other:procuration,"·so/imano nomina Oaerio de ripa suo procuratore per riscuotere da Gio,.dano cl'e molino che si tro1 a in viaagio di commercio, una 1 somma di tareni, interessandolo su.Ila riscossione (19 agosto"
Giovanni Scriba I,113,60,60,1156-08-19,other,Solimano stipula con Ogerio di Guidone un preslito marittimo (19 agosto 1156).
Giovanni Scriba I,114,60,60,.NR,sea_loan,Solimano stipula con Ogerio di Guidone tm p1·estito marittimo (19 ao-osto 1156).
Giovanni Scriba I,115,61,61,heading: 20 agosto 115g).,societas,"Ingone banchiere ed Eriberto da Rapallo danno in societatem una somma a Bonevila cognato di Gio·v anni Cristiani, per lraffìci che questo farà in Sicilia (20 agosto 115G)."
Giovanni Scriba I,116,61,61,.NR,societas,"Giovan ni Tinrlns e Freden::one di oziglia slipu}ano una societas per f,.affì ci eh<' Giovanni Tin<'l11 s svolgerà in Sicilia (20 ago ·"
Giovanni Scriba I,117,62,62,heading: 20 agosto 11:)6),other,"Solimano, per 15 libre genO'Vesi ricevute da Ogerio renio, si. obbliga di dare al 'figlio di questo o al suo nun ci u s una somma di bisanci in Alessandria (20 agosto 11:)6) ."
Giovanni Scriba I,118,62,62,1156-08-20,accomendatio,"Guglielmo di Sori dichiara di arer ricet'Ulo in comendacìon em da Ugon e di Baldezonc ima somm(t di denaro da portare ad Alessandria,, e riportare a. Genova ad resicum ciel medesimo (20 agosto 1156)."
Giovanni Scriba I,119,62,62,heading: 20 agosto 11 !,sale,Ansaldo Spinola !llipula un prestito mariltimo con .Halleo Pigno /io (20 agosto 11 !j6).
Giovanni Scriba I,120,63,63,1156-08-21,sea_loan,Lan fran co .Ualagronda slipiila con Gandolfo genero di !clone Fornario un prestito marittimo (:21 agosto 1156 •.
Giovanni Scriba I,121,63,63,.NR,societas,"Cuolielmo Filardo e Giovanni 'Pilardo contraggon o u.na socie1as, per traffici che Ciovanni farà ad Alessandria n ella prossima e eslale e il m edesimo iovanni dichiara di portare altre somm e r'.21 ap-osto 1156)."
Giovanni Scriba I,122,64,64,1156-08-23,sale,Guglielmo Donumdei di ltero vende a Guglielmo Vento una terra al Bisagno (23 agosto 1156).
Giovanni Scriba I,123,65,65,1156-08-23,other,Tancleo Manzan elli dichiara di ricevere una somma di bisanci e perperi da Amedeo de Lamella per conto di Rogero Nabolense fratell o cli Gandolfo Coie (23 agosto 1156).
Giovanni Scriba I,124,65,65,.NR,other,Tnaone Delra Volta nomina Marchese Della Volta. e Guglielmo suoi fì9Ti qnali procuratori special.i per dare in sposa la .s<>re11a Sibilia ad Alberto Spinola e per promettere la dote (2·4 agost-0 1156).
Giovanni Scriba I,125,66,66,1156-08-24,dowry,Oberto Spinola dona a Sibilia sua moglie nomine antefacti una quota dei suoi beni in Cornigliano e allrove (24 agosto 1156).
Giovanni Scriba I,126,66,66,1156-08-24,societas,"Cu.glielmo A radello, Bono Giovanni Ma.lfigliastro, Matteo di Treia contraggono una societas per traffici che Matteo farà in Adalia e altrove (24 agosto 1156)."
Giovanni Scriba I,127,67,67,1156-08-24,societas,Ing one Della Volta e Nicola Befogii conlra.ggcm o una societas pe1· traffici c11 e Nicola farcì in Adalia e altrove (24 agosto 1156).
Giovanni Scriba I,128,67,67,1156-08-25,dowry,Umb erto di La11oranle dichiara di aver ricevuto da Nuveloto banc11icre mia somma di denaro della dote di su.a m oglie Martina (25 agosto 1156).
Giovanni Scriba I,129,68,68,1156-08,societas,"Guglielmo l""ento e Oliviero Spassando contrag gon o una societas per traffici ell e Oliviero svolgerà ullramare (2i agosto 1156)."
Giovanni Scriba I,130,68,68,1156-08-30,societas,"Cu.glielmo Buron e, Bon vassallo Clarilaula e Malleo Pignolo , stipulano un a socielas, per traffi ci m arittimi ch e i due ultimi effeltue1•anno , dichiarando di aver sistem ato ogni precedente rapporto di societas (30 agosto 1156)."
Giovanni Scriba I,131,69,69,.NR,other:quittance,Guglielmo Scarsaria nomina suo procuratore il n ipote Girardo per riscuotere quanto gli deve Guglielmo A lfachino (30 agosto
Giovanni Scriba I,132,69,69,1156-09-01,other:no-term trade capital,G. Licius stipula una accomandacio con Corrado bottaio per traffìci ch 'eg li farà in Sicilia (1 settembre 1156).
Giovanni Scriba I,133,69,69,heading: 2 setiembre 1156).,societas,"Ah:ernado e Ingone 1\'occnzio contraggono una societa , p er traffici che Alvcrnacio farà u lt ram are (2 setiembre 1156)."
Giovanni Scriba I,134,70,70,1156-09-04,dowry,Ansaldo Cintra go d on a. a Mabilia sua m o glie una somma di dcn am pro anlefaclo e dichiara di ricevere la dole parie in terre e parte in denaro (4 settembre 1156).
Giovanni Scriba I,135,70,70,heading: di conse f1 1,other,"1lrnaldo de porta ric(>ve in custod iam da Guidon e di San Lorenzo denaro, mer1·e, coll'o bbligo di restituire al suo ritorno, o, i n caso d i morte di conse f1 11arli alla moglie r ai fìgli (7 sclilembrc. 1156) ."
Giovanni Scriba I,136,71,71,heading: 8 set1embre,dowry,"Giovanni Simia, March ese Simia e Oberto Simia si dichiar<rno le quote delle doti delle loro m ogli che rimanevano sulla loro casa comune (8 set1embre 1156)."
Giovanni Scriba I,137,71,71,.NR,other:declaration,"Corrado boUaio dichiara di portare de s.uis, oltl'e l'acco m en.dacio stipalala cnn Hl. Lici1ts (doc. CXXXIT) la somma di libre centosessanta (8 !'ettembre 1156)."
Giovanni Scriba I,138,72,72,heading: 8 settembre 115g).,societas,"Bono Giovanni Malfigliastro e Bongiovanni Pedicolo contraggono una societas, per traffici che quest'ultim o farà a suo beneplacito (8 settembre 115G)."
Giovanni Scriba I,139,72,72,heading: 9 settem bre 115'ì),dowry,G. l'ento dichiara di aver ricevuto da Lan.fra.n.co Pevere la dole di Comilissa figlia del medesimo e sua nuora (9 settem bre 115'ì).
Giovanni Scriba I,140,72,72,1156-09-13,sea_loan,Bongiovanni Tigna per m erci ricevute si obbliga di dare a Ferro de campo cinque once di oro ad un.ciam Palermi dopo il SW) ritorno !ial viaggio in Si1cilia (13 settembre 1156).
Giovanni Scriba I,141,73,73,.NR,societas,"Rongi()vann i Malfìgliasll'o, Guglielmo Aradello e Ogerio da Recco cont,.aggono società per ll'affìci c11 c Ogcrio da. Rccco f arà a Maiorca e alll'ove (26 sellembre 1156)."
Giovanni Scriba I,142,74,74,.NR,other,Simone di Monte Giardino affranca Gerardo figlio di ubaldo di 1\·azo110 per il prezzo di ollo libre r ai·rsi (11 oll obre 1156) .
Giovanni Scriba I,143,74,74,.NR,other:no-term trade capital,
Giovanni Scriba I,144,75,75,1156-10-13,other,Lamberto genero di 11nselmo De Mari stipula una accomandalio con Bon.giovanni Malfì gliastro (13 ottob re 1156).
Giovanni Scriba I,145,75,75,1156-10-18,societas,"Ribaldo di Sara{ta e Amedeo di Lom ello contraggono una soci etas per traffici che Amedeo svolr1rrà in Sardeg na e allro""L•e (18 ottobre 1156)."
Giovanni Scriba I,146,75,75,1156-10-17,other,Cu.glielm o Burnnr di chiara di aver ricevulo da Piell'o Bernardo una coppa d'a1·aento per cui si obbliga di pagare undici libre genovesi rnlro la Pa.~qua del 1157 (17 ottobre 1156).
Giovanni Scriba I,147,76,76,1156-10-21,sale,Oberto A m edei vende a Ribaldo di Sm·afìa una pe::za cli terra pressoil Bisagno ad A qiiam Longam (21 ottobre 1156 \.
Giovanni Scriba I,148,77,77,1156-10-28,other:declaration,Guglielmo Burone Claritabula dichiara di aver portalo in una societas denaro proprio e di Matteo (28 ottobre 1156).
Giovanni Scriba I,149,77,77,1106-11-06,dowry,T eladonna di Mal espina vende a Bonavicina figli<i di Martino Corso una casa in Castello (6 novembre 1106).
Giovanni Scriba I,150,77,77,1156-11-12,cambium,"Aldo figlio del fu Bonobello emancipa il figlio Giovanni Porco coll'approvazion e dei consoli e gli fa d'o nazione cli parte çlel suo patr:m onio, riter.en clon e l ' usufrutto (12 n ovembre 1156)."
Giovanni Scriba I,151,78,78,1156-11-29,other,"Oberto Baldo dona a Ila su,a sposa n omine dotis una qiwla cli libre settanta. genO'Vesi sui beni a lui p ervenuti clal proprio padre (29 novembre 1156)."
Giovanni Scriba I,152,79,79,1156-12-08,other,"I coniugi Gancloljo f>anis in sinu e Agn ese cli cli iaran o cli aver ricevuto libre setla.n taclue gen ovesi della dole de lla nuora Giusta, figlia del fii Bono Fanlmie (8 di cem bre 1156\."
Giovanni Scriba I,153,79,79,1156-12-11,sale,"I coniugi Ugo Bolino e Florimonte ricevono da Lanfrar.co Pevere una iwmma di denaro ell e si obbligano a r endere al 1 maggio 1157, colla pignor azione cli una terra in Cornegl iQnO (11 di cembre 1156)."
Giovanni Scriba I,154,80,80,heading: 16 di cembre 11!)6),sale,Oberto de insolis 1Je nde a Ctigliclmo T axo diversi appezzamenti di terra nella plebe di Bargagli (16 di cembre 11!)6).
Giovanni Scriba I,155,81,81,1156-12-18,other,Oberto R oza loca a Ingone bartchiere per dieci anni una terra in. Sampierdaren.a (18 dicembre 1156).
Giovanni Scriba I,156,82,82,1156-12,societas,"Picamiglio e Amedeo co,itraggono una societas per traffici che Amedeo svolgerà a Roma (2i dicembre 1156)."
Giovanni Scriba I,157,82,82,1157-01-09,dowry,"Guglielmo fìfflio di A n.selmo clnna alla mor1lie A imelbia nomine anl!efacti cento libre genovesi in beni di proprietà, del padre che acconsente (9 gennaio 1157)."
Giovanni Scriba I,158,83,83,1157-01-11,other:lease/hire,Lanfranco Peveri loca a Lamberto calcator per sei mesi il suo introitus de porta (11 gennaio 1157).
Giovanni Scriba I,159,83,83,1157-01-23,other,A dalasia moglie del fu Alberto Nasse di obbliga a pagare una somma al 2 t1 giugrw 1157 al proprio genero Maraxi e Amico Manica presta la propria garanzia personale (23 gennaio 1157).
Giovanni Scriba I,160,84,84,1157-01-23,other,"Oberto Spiriola, con riferimento alle convenzioni di cui al doc. CLIX garantisce Amico Manica (23 gennaio 1157)."
Giovanni Scriba I,161,84,84,1151-01-23,dowry,Maraxi figlio di R oca dc Mal'axi dona nomine antefacti iina somma sui proprii beni a R ichclda figlia del fu Albel'to Nasse sua moglie e dichiara ài aver avuto altrettanto a titolo d'i dote (23 gennaio 1151).
Giovanni Scriba I,162,85,85,1157-01-24,other,Oberto Tachino emancipa il figlio Berardo coll'autorizzazione dei consoli di Genova e di Filippo de Lamberto (24 gennaio 1157).
Giovanni Scriba I,163,85,85,1157-01-25,mutuum,Lanfrancus Pevere ed Embrone si impegnano reciprocamente di provvedere al pagamento di un debito ch e avevano verso Malaspina (25 gennaio 1157).
Giovanni Scriba I,164,86,86,1157-01-20,sale,"Cista, badessa del m onastero di S. Andrea de porta v ende una casa in Genov a a Pietl'o de Venderci figlio di Giovarmi Venderci (20 gennaio 1157)."
Giovanni Scriba I,165,87,87,1157-02-07,other:no-term trade capital,"Ilo Pelato, Genoardo de Mascaro, Oberto Figallo si obbligano di portare laboratum in Provenza olio ed altre merci ricevute da Ingone banchiere, dando al medesimo la metà del guadagno (7 febbraio 1157)."
Giovanni Scriba I,166,87,87,1157-02-10,dowry,Oberto di Sori dichiara di aver ricevulo la dote della propria moglie Ila parte in terrai e parte in denaro (10 febbraio 1157) .
Giovanni Scriba I,167,88,88,1157-02-10,sale,"Guglielmo Cendato e Giovanni fratelli veri-dono a Ribaldo di Sarafìa tutte, le loro proprietà nella pieve di R apallo (10 febbraio 1157)."
Giovanni Scriba I,168,88,88,1157-02-17,other:quittance,Pietro Bono e Bene mo figlio dichiarano di aver 1·icev u~o da A imeri.co tutto il profitto e il capitale di urta societas che Bono aveva stipulato cori- Aimerico (17 febbraio 1157).
Giovanni Scriba I,169,89,89,1157-02-17,other:obligation,A imerico si obbliga verso Pietro Bon.ò e Bovon.e di pagare a questo ultimo trenta oncie cl:' oro dopo quindici giorni dal suo arri'VO a Messina (17 febbraio 1157).
Giovanni Scriba I,170,89,89,1151-02-17,other:quittance,"A imerico fa quietanza a Pietro Bono della somma di quarantasei libre, che gli doveva (17 febbraio 1151)."
Giovanni Scriba I,171,90,90,1157-02-23,sale,Giovanni Grancio vende a Nicola di Rodolfo una casa in Genova presso la chiesa di S. Lorenzo (23 febbraio 1157).
Giovanni Scriba I,172,91,91,1157-02-24,dowry,Guglielmo Guercio dichiara di aver ricevuto centocinquanta libre della dote della propria m oglie Dolce (24 febbraio 1157').
Giovanni Scriba I,173,91,91,.NR,sale,
Giovanni Scriba I,174,91,91,.NR,other:testament,
Giovanni Scriba I,175,95,93,.NR,other,Odone riceve una somma ..... (senza data).
Giovanni Scriba I,176,95,93,1157-06-24,sale,Bono Vassallo di Medolico si obbliga di pagare al 24 giugno 1157
Giovanni Scriba I,177,95,93,.NR,other:testament,"Alda dispone con. testamento dei proprii beni (3 arpri,Je 1157)."
Giovanni Scriba I,178,96,94,1157-04-26,other,Mart1H•se Della l' olla rlic11iara cli aver ricevuto da .·I nsalrlo Sulfaro u n a somma per conto d i Guglielm o d<> Pi1odo (26 aprile 1157).
Giovanni Scriba I,179,97,95,1157-05-07,sea_loan,"Embrone contrae con Bo""(l;o Giovanni Malfigliastro un prestito m arittimo (7 maggio 1157)."
Giovanni Scriba I,180,97,95,1157-05-21,sea_loan,Oberto Piccamiglio contrae con Marchese Della Volta un prestito marittimo (21 maggio 1157).
Giovanni Scriba I,181,98,96,1157-05-15,societas,Guglielmo Vento e Baldo Pulpo contraggono una societas per traffici marittimi che Baldo Pulpo farà ove crede (15 maggio 1157J.
Giovanni Scriba I,182,98,96,.NR,sale,"Baldo Pulpo e Donises, coniitgi si obbligano di pagare a Guglielmo l' ento tutto quanto questo pagherà per essi (28 m aggio"
Giovanni Scriba I,183,99,97,heading: 31 maggio 115i).,sale,Guglielmo Cavaturta cede ad Adalasia tutti i diritti che esso aveva sui ben i del m arito Gttglielmo Lusii (31 maggio 115i).
Giovanni Scriba I,184,99,97,1157-05-31,sale,".'1.dalasia moglie del fu Guglielmo Lu.sii dichiara di ril<>Mt'<' Cl),(1) Test ibus cancellato. (2) CancPllato: pro lb . .xxvi. pro iu re quod habeo in .xxvi. lb. ùc .uxx. du.abus lb. M. C:lltAU DANO·M . Mo••SCO, li co rtol~re di Ciooo nn i ScrilJo , Voi. I. 7. glielmo Cavaturta da ogni danno che gli venisse dalla cessione cli etti nel doc. CLXXXIII (31 maggio 1157)."
Giovanni Scriba I,185,100,98,.NR,other,Adalasia si obbliga di restituire a Oberto Spinola a qu.indici giorni dalla richiesta una certa somma di spettanza di su.a fìglia Cuisia (31 maggio lliH).
Giovanni Scriba I,186,100,98,.NR,accomendatio,Alessandm To1·sello confrae una comrnendacio con Cu.glielmo Filarcln (5 niaggio 1157).
Giovanni Scriba I,187,101,99,1157-06-06,societas,A lberlrmo de Custode. Oberto Corso e Enrico Fl Pclemerio contraggono una societas per traffici marittimi che A lberlono e Oberto faranno nell'estate prossima e nella seguente (6 giugno 1157).
Giovanni Scriba I,188,101,99,.NR,dowry,
Giovanni Scriba I,189,102,100,.NR,other,
Giovanni Scriba I,190,102,100,.NR,other,
Giovanni Scriba I,191,102,100,1157-06-07,sea_loan,·Oberto Robello stipula con Merlone Guara.co un prestito marittimo (7 gi ugno 1157).
Giovanni Scriba I,192,105,101,1157-06-11,other:no-term trade capital,Ribaldo di Sarafìa contrae una accomandacio con Blancardo per traffici oltremare (11 giugno 1157).
Giovanni Scriba I,193,105,101,.NR,dowry,"Rrm ellina di Merlo Grasso si obbliga a pagare a. Picca.miglio ulla certa somma, della dote di Porpora. sorella. di questo (13 g iugno"
Giovanni Scriba I,194,106,102,heading: genovesi a11ule d,dowry,Piccamiglio fa quietanza di 150 libre genovesi a11ule da Erm ellina di .\lerlone Grasso per la dole della sorella Porpora (13 g iugno
Giovanni Scriba I,195,106,102,heading: 15 gi ug no 115ì).,other:testament,Ribaldn di Sarafìa dirhiara di ricevere da Sil>ilia de Cassano una som m a lasciatagli per testam ento dalla madre di essa (15 gi ug no 115ì).
Giovanni Scriba I,196,107,103,1157-06,societas,"Bongiovanni Malfìgliaslro e Bongiovanni contraggono una sodetas, per traffici che Bongiovanni farà in Sicilia e altrove (1 i g iu g no 1157)."
Giovanni Scriba I,197,107,103,1157-06-19,sea_loan,Pietro di Campo stipula con Ribaldo di Sarafì a un prestito marittimo (19 g iug no 1157).
Giovanni Scriba I,198,108,104,1157-06-21,sale,Cloria si obbliga di pagare a Ribaldo Rubeo una somma di denaro alla prossina festa della Pu rificazion e (21 g iug no 115 7).
Giovanni Scriba I,199,108,104,1157-06-21,sale,T orto del fu Graziano vende a Macacio del fu. Sasello una casa in Lucca (21 g iug no 1157).
Giovanni Scriba I,200,109,105,1157-06-21,cambium,Maca.cio con cede a Tort o del fu G1·a1iano l'uso e l'abitazione della casa da lui acqu istala coll'atto pl'eceden te (21 g iugno 1157).
Giovanni Scriba I,201,110,106,heading: 21 g iugno 11:) 7,societas,Macacio dichiara a Torto la som ma che ha cla lui in societatem e si obbliga di restituirla al suo rit orno a Lucca col relativo profitto (21 g iugno 11:) 7).
Giovanni Scriba I,202,110,106,1157-07-10,societas,"il nsaldo d i Huft n() e Bonifacio di Seonora.ndo cnnlraggono una societas, per traffi ci marittimi ch e Bonifacio svolgerà a Tunisi e poi dove vorrà (10 lug li o 1157)."
Giovanni Scriba I,203,111,107,1157-07-12,other:testament,Tommaso fì.glio dcl fu Sagon e da Granala fa il suo testamento ( 12 luglio 1157).
Giovanni Scriba I,204,112,108,heading: 01 lug li o 115 ì,mutuum,"Bonifacio di Segneralclo e Guilia, coniugi, contraggon o un mutuo con Ansaldo di Rufìno 01 lug li o 115 ì )."
Giovanni Scriba I,205,112,108,1157-07-11,other,"Amico Grillo e Merlon e Guaraco, v icari dei fìgli di Ogerio Baltuarlo autorizzano Gotoerro, socio di costoro di portare laboratum m erci cli Oberto Spinola (11 lug lio 1157)."
Giovanni Scriba I,206,113,109,.NR,cambium,Guglielmo di Rasedo emancipa il figlio Guglielmo e i consoli di Genova convalidano l' emancipazione (11 lugli.o 1157).
Giovanni Scriba I,207,113,109,.NR,societas,"Ingon e Della Volta e lngone 'ocenzio accertano le som.rne loro spettanti nella socielas che lngonc Noccnzio porterà laboratum quo voluerit, e dichiarano le somme spellanti a t erzi (28 g iugno"
Giovanni Scriba I,208,114,110,1157-06-28,other:indemnity,"Jn gonc Della l""olta si obbliga verso ln gonc ,\ ·ocenzio di indennizzarlo di ogni dannn che gli fosse deri·vato dalle società che egli aveva con i suoi ftgli (28 g iug no 1157)."
Giovanni Scriba I,209,114,110,1157-06-28,societas,Guglielmo di Razedo dic11im·a d'a·uer ricevuto in socielàtem da Guglielmo Burone una somma di denaro ell e porterà labo ratum u.ltramare (28 g iug no 1157).
Giovanni Scriba I,210,115,111,1157-06-29,societas,"Oli1.'er de l'erdun per il nipote Ospin ello e Raim o1Hlo capellan o contragg ono una socict.as, per traffici che Ospinello farà a Salerno e poi clove vorrà (29 g iugno 1157) ."
Giovanni Scriba I,211,115,111,heading: 2 luglio 115i ),societas,"Marchese e Guglielmo Trallanclo conl1'aggo110 una so cietas, p er trafft <'i <' '1c Cttglir lmo Trallando svolgerà in Romania e ultramarc (2 luglio 115i )."
Giovanni Scriba I,212,116,112,1157-07-03,societas,!!'facobrio e Viviano Di campo contraggono una societas per traffìci che Viviano svolgerà a Napoli e dove vorrà (3 luglio 1157).
Giovanni Scriba I,213,116,112,1157-07-03,other:no-term trade capital,"Cotoerro riceve da Oberto Spinola una somma ad quartam proficui, coll'obbligo di lraffìcarla a Salerno e ad Alessandria e poi quo voluerit (3 luglio 1157) ."
Giovanni Scriba I,214,117,113,heading: 3 lug lio 115ì).,societas,I ngone Della l'olla e Ogerio Noce n zio contraggono una socielas per traffici ch e Ogerio 1ocenzio svolgerà ad Alessandria e poi in Provenza o in Genova (3 lug lio 115ì).
Giovanni Scriba I,215,117,113,.NR,cambium,
Giovanni Scriba I,216,118,114,.NR,sale,
Giovanni Scriba I,217,119,115,1157-07-10,dowry,"Marasci figlio di Roca cla i\1arassi dichiara a,lla suocera Ada.lasia ed ai figli di essa per se e per la moglie Richelda che n on esigerà quaranta libre genovesi, che la stessa gli portò in dote (10 luglio 1157)."
Giovanni Scriba I,218,120,116,1157-07-11,sea_loan,"Oger Curto e Adalasz'a, coniugi, contraggono un prestito marittimo con Merlone Guaraco (11 luglio 1157)."
Giovanni Scriba I,219,121,117,1157-07,sea_loan,"Amico de Mirto e Alda, coniu gi , contraggono un prestito marittimo con Guglielmo de Candida (rn luglio 1157)."
Giovanni Scriba I,220,121,117,.NR,societas,Pietro Eustachii e Ogerio figlio di Alcher contraggono una societas (1) Cancellato: Obertus de Vulturi. (2) Cance llato: W. Sacarellus. (3) Cancellato : is. (4) Cancellato: sine. per traffici che Ogerio svolgerà oltremare e poi acl Alessandria o a Genova (21 lugl\o 115i').
Giovanni Scriba I,221,122,118,1157-07-21,other:indemnity,".:llclzer si obbliga di indennizzare Pietrn Eu.slachii dei danni ch e gli de rit!assero dalla colpa n dalla m alignità del figlio Ogerio, in occasione della societas cli cui doc. CCXX (21 lug lio 1157)."
Giovanni Scriba I,222,123,119,.NR,dowry,"Oberto de Previa/ d ichiara di aver ricevuto venti libre della dote della m og lie Qualdeivol figlia di -'la,.lino de Arana (25 lug lio"
Giovanni Scriba I,223,123,119,1157-07-29,mutuum,".4 lberto Della l""olla e Filippo Aradello /Clnn o quitan:.:a a Guglielmo Gate di diverse somme (29 lug lio 1157)."
Giovanni Scriba I,224,123,119,1157-07-30,sea_loan,"Jngone Botinn e Fl orimonte, coniugi, contraggono un prestito marittimo con Bo11giovmrni Malfìgliaslro (30 lug lio 1157)."
Giovanni Scriba I,225,124,120,1157-08-01,societas,Eliaclar e Garsias fratello di Pietro Bur contraggono u.na societas per commercio che Elia.dar s·volgerà a Forlì e poi a Palermo (1 agosto 1157).
Giovanni Scriba I,226,125,121,heading: 6 agosto 115 ì,sale,l done Porcello vende a Gionata Crispino una pezza di terra. in Genova (6 agosto 115 ì ) .
Giovanni Scriba I,227,126,122,heading: 6 agosto 115ì) .,sale,"Oberto da Voltri di chic11·a d'aver 1·icevuto da Bongiovanni Malfì gliastro, l'importo di quanto il comune di Genova gli dev e per il sale e cede al medesim o il credito corrispondente. rendend osi garante dei suoi obblighi Amico de Mirta (6 agosto 115ì) ."
Giovanni Scriba I,228,126,122,"heading: 6 agosto 115""i)",sale,"Giordano di Michele e Alda, coniugi vendono a Bonginvanni Mnlfìgliastro una pezza di terra in Genova (6 agosto 115""i)."
Giovanni Scriba I,229,127,123,.NR,sale,"Amico Comes e Deliana , coniugi, si riconoscono debitori di tma somma verso Odo de slacion e per merci rice vute (6 agosto"
Giovanni Scriba I,230,127,123,1157-08-07,sale,Oberto de l nsltla i ende ad . I nsaldo di fùarone wict pezza di ferrq. (7 agosto 1157).
Giovanni Scriba I,231,128,124,.NR,sea_loan,Giovanni T oxico co11 tme u.n prestito marittimo con Marchese Della· l 'olla. (9 ag-oslo 1157).
Giovanni Scriba I,232,129,125,1157-08-11,sale,"A riprando Tonso e Guercio Diano p er se e per Guaina Pexo e Hora Bona de Cisinusclw, Roberto cla Osenago, Tancleo da Vimercate, Canaveto Damiano. Ianebello cla Lodi si riconoscono debitori di una somma verso Alberico e Archinbaldo da Lodi per m erci ricevute (11 agosto 1157) ."
Giovanni Scriba I,233,130,126,.NR,sale,
Giovanni Scriba I,234,130,126,1157-08-13,sale,"Oto fì.glio di Bema.rdo dc Corsi e Ermclina del fu Lanfmnco Ricecllino, coniugi , vendono una pezza di terra in Voltri a l ngonc Della l' olla (13 agosto 1157)."
Giovanni Scriba I,235,131,127,heading: 13 agosto 115i).,sea_loan,Filippo Spinola si riconosce debitore verso Piccamiglio di u.na somma per merci ricevute (13 agosto 115i).
Giovanni Scriba I,236,132,128,1157-08-16,societas,Guglielmo Filardo e Ugo Mallone contraggono una so cielas per traffi ci che Ribaldo fi glio di Ugone farà in Sicilia (16 agosto 1157).
Giovanni Scriba I,237,133,129,1157-08-16,dowry,Facio de Cibilis dona a Richelda figlia di Giovanni sua sposa una somma nomine ant.efacti (16 agosto 1157).
Giovanni Scriba I,238,133,129,1157-08-17,sea_loan,Giovanni Toxico contrae un prestito marittimo con Olone di Castello (17 agosto 1157).
Giovanni Scriba I,239,134,130,heading: agosto 115ì) .,sale,Garofalo De Mari contrae un prestito marittimo con Bo!l giovanni Mal.figliastro (li agosto 115ì) .
Giovanni Scriba I,240,134,130,1157-08-07,sale,Graziano Cuaraco contrae u.n prestito marittimo con Bonuiotil).nni Ma/figliast ro (1 7 agosto 1157).
Giovanni Scriba I,241,134,130,1157-08-18,societas+accomendatio,Bongiovanni Malfia liastro e Bonsignore Ruhco co11fl'(1ggono una socielas~ per traffici che farà ad Alessandria Bonsignore Rubeo (18 agosto 1157).
Giovanni Scriba I,242,135,131,1157-08-19,other:quittance,"Pietro di Eusta.cchin di chiara di aver ricevulo da Marchese Della Folla Ire cariche di bo!1bace, rilevandolo da ogni azione verso i fratelli del fu Cristiano (19 agosto 1157}."
Giovanni Scriba I,243,136,132,1157-08-19,sea_loan,Giovanni Tossi.Co per una somma di denaro genovese ricevuto da Otone giudice si obbliga di dare a Natale bisanci in Alessandria a Vfoino de Cibilis (19 agosto 1157).
Giovanni Scriba I,244,136,132,heading: 19 agosto 110ì).,other:no-term trade capital,Bonovassallo stipula uria accomandaclo con Oberto Spinola per traffici che egli svolgerà in Romania (19 agosto 110ì).
Giovanni Scriba I,245,136,132,.NR,other:no-term trade capital,
Giovanni Scriba I,246,137,133,heading: 20 agosto 115i ),other:no-term trade capital,Ansaldo Con.rendi Egue dichiara di portare laboratup-i ad Alessand ria m erce per il valore di 305 lb. genovesi di proprietà di Stabile (20 agosto 115i ) .
Giovanni Scriba I,247,137,133,1157-08-20,societas,"Piccamiglio e Enrico Mazar cori.traggono u.n.a societas per traffi,ci ch e Ogaiq fig lio di Enrico svolgerà oltremare (20 agosto 1157)."
Giovanni Scriba I,248,138,134,heading: 21 agosto 115 ì,other,Nicola e Otton e fì glio cli Enrico d i Volpara stipula una accomanclacio con Gttglielmo Filardo per traffici da sv<·lgcrsi a Costantinopoli ed altrove (21 agosto 115 ì ) .
Giovanni Scriba I,249,138,134,1157-08-22,societas,T itadom ina d i Maioco. Ismaele e Sorleon e convengono circa l'investimento d el capitale e il riparlo de l l uc1·0 di una societas tra essi da tempo esistente (22 agosto 1157).
Giovanni Scriba I,250,139,135,1158-06-24,sale,Gu.glielmo l'ento si obbliga di dare a Oberto di Bontommcrso la somma di 59 libre e m ezza genovesi al 24 giugno 1158 per
Giovanni Scriba I,251,139,135,.NR,other:no-term trade capital,
Giovanni Scriba I,252,140,136,1157-08-23,other,una certa somma in bisançi che si obbliga di portare ad Alessandria (23 agosto 1157).
Giovanni Scriba I,253,140,136,1157-08-23,sale,Otto Bunzirro vende un podere in Fontaneggi a Guglielmo Burone (23 agosto 1157).
Giovanni Scriba I,254,141,137,heading: 25 agosto 115 i,societas,Oberto di Bontommaso el Ful cone Buferio contraggono una societas per traffici che Fnlconc Buferio svolgerà a Costantinopoli e altrove (25 agosto 115 i').
Giovanni Scriba I,255,141,137,heading: 25 agosto 115ì ),sale,Simone Doria vende o. Giordano di Mich ele lrr pezze di terra site in Carig nano (25 agosto 115ì ).
Giovanni Scriba I,256,142,138,1157-08-26,dowry,Cugliel.m o Usodimare dichiara cli aver 1-ir.evulo una certa somma de pMrimonio della prr>pria. m oglie Agnese figlia del fu Lanfranco Molle e clà nomin e ant efacti la somma di 100 libre genovesi (26 agoslo 1157).
Giovanni Scriba I,257,143,139,heading: ago110 u,societas,Giovanni cla Sestri e .'1 nsalclo cli Corsi conlraago110 una societ.as per traffi ci che .4 nsalclo da Corsi svolgerà in Sicilia (26 ag o-
Giovanni Scriba I,258,143,139,1157-08-26,societas,Lorenzo e A nsaldo di Corsi con traggono un.a societas per traffici che essi faranno in Sicilia (26 agosto 1157).
Giovanni Scriba I,259,144,140,heading: 26 agosto 115ì).,societas,Guglielmo Scarsarias e Giovann i de Sestri stipulano u na sod etas per traffici elle Giovanni svolgerà in Sicilia (26 agosto 115ì).
Giovanni Scriba I,260,144,140,heading: 25 agosto 115ì).,sale,Fredenzone Lanfranco e Guglielm o Pedecavallo stipulano con A Ida m oglie di Ribaldo un prestito marittimo (25 agosto 115ì).
Giovanni Scriba I,261,145,141,1157-08-26,other:quittance,I frat elli Giovanni e Gofredino del fu Cristiano dichiarano di aver ricevuto da lngone Della Volta una somma di denaro di proprìetà del loro fratello defunto (26 agosto 1157).
Giovanni Scriba I,262,145,141,heading: 27 agosto 11!)7),other,Nicolò dichirira di aver ricevuto da Pietro di Qu.inzano due pezzi:: di saia Ì!1 accomandazione (27 agosto 11!)7).
Giovanni Scriba I,263,146,142,.NR,societas,Capat Galli e Giordano de do mo con traw1ono una societas per traffici che Giordano svolgerà oltremare e allrnve (27 agosto
Giovanni Scriba I,264,146,142,1157-08-27,other,Anselmo de Danda/a dichiara di aver ricevuto da Ogerio Vento ima certa quantità di piombo per c<>mmcrciar1a ove vorrà (27 agosto 1157).
Giovanni Scriba I,265,147,143,heading: 27 agosto 115 i,other:no-term trade capital,Ribaldo J1allone dichiara di aver r i cevuto In accomandazi one da Guglielm o Filard o una certa somma im.:estita in tessuti (27 agosto 115 i ).
Giovanni Scriba I,266,147,143,.NR,societas,Guglielmo da Sori e Oberto da Sori determinano le somme e le m erci esistenti n ella loro ocietas e i lucri rclalit'i (28 agosto
Giovanni Scriba I,267,148,144,.NR,other,Nicola Berfogii si obbliga di dare a March ese Della Volta una somma di d enaro fra un anno e dichiara di aver ricemllo una certa quantità di merce per trafficare (28 agoS'lO 115i ).
Giovanni Scriba I,268,148,144,.NR,other,
Giovanni Scriba I,269,148,144,1157-08-28,other,Ogerio Colf<> dona al figlio Bonifacio emancipalo r1>1l'crtto rlle precede n. CCLXVITT la parte di u.na rasa (28 agosto 1157).
Giovanni Scriba I,270,149,145,1157-08-28,other:no-term trade capital,"Nicola Berfogii dichiara di portare in accomandazione una certa somma di denaro dia Jngone Della Volta, dichiarando di a'l.Yer altri denari di GJoldano di Michele e di Marchese Della Volta (28 agosto 1157). i"
Giovanni Scriba I,271,149,145,1157-08-28,sale,Ogcrio de n ochernne vende a Guglielmo Stancone una pezza di terra in Bisagno (28 agosto 1157).
Giovanni Scriba I,272,150,146,1157-08-29,sale,"Orcoito, sorella di Amai.do giudice vende a Robamo cle Ca/ara una pezza di terra e una casa in Sestri Ponente (29 agosto 1157)."
Giovanni Scriba I,273,151,147,heading: 31 agosto 115ì).,other,Adalasia l'asse cliclliara di aver ricevulo da Boiamonte Giovanni Cristiani u.na somma di denaro ch e si obbliga di restituire entro il m ese di settembre (31 agosto 115ì).
Giovanni Scriba I,274,151,147,heading: 31 agosto 115ì).,other:no-term trade capital,Ogerio Tfrionon stipula una accomandacio con Guglielmo Filardo per tra// ici cli c svolgerà a Palermo (31 agosto 115ì).
Giovanni Scriba I,275,152,148,heading: 31 agosto 115ì ),societas,"Otobono de vineis, Guglielmo di Roderico suo nipote e Oberto Rubeo convengono circa i capitali e i lucri di una socielas tra essi esistente (31 agosto 115ì )."
Giovanni Scriba I,276,152,148,heading: 4 settembre 115i).,societas,N icola Roca e Lanf1'anco Freaabrenno contraggono una societas per affari che Lanfranco svolgerà a Pa.lcrmo ( 4 settembre 115i).
Giovanni Scriba I,277,153,149,1157-09-05,other,"l ngone Della Volta con.cede libellario nomin e per 27 anni a prete.4 lessio, Martino de lta e Oberto Prevede una pezza di terra in Sestri Ponente con l'obbligo di pagargli l'annuo canone di sol. 17 (5 settembre 1157)."
Giovanni Scriba I,278,153,149,1157-09-13,other,Ansaldo di Neg rone em ancipa il figlio March ese col consenso d ei consoli di Genova e di Filippo La.mberto (13 settembre 1157).
Giovanni Scriba I,279,154,150,.NR,other,"Ansaldo di i\'eg rone dona al flglio March ese, da lui em ancipato coll'atto 11. CC LXXHII duemila libre genovesi (13 settembre"
Giovanni Scriba I,280,154,150,1157-09-07,societas,Rainaldo ll bi.~i;nla dir-hiara a Tngone Della J'nlt a l e m erci e l e somm e oggeff o della sociela!I ch e esso ha con il figlio di esso Cnglielmn (7 settembre 1157).
Giovanni Scriba I,281,155,151,.NR,other,"Pietro Capra, alla presenza d.i Rainaldo Albissola e di Ingone Della Volta dichiara le somme che porta, d i cui una parte di proprietà di lngone (7 sel! embre 1157) ."
Giovanni Scriba I,282,155,151,1157-09-08,other:no-term trade capital,Alberto Corso stipula una accomendacio con Giordano n otario per traffi ci ch'egli farcì in Sicilia (8 settembre 1157).
Giovanni Scriba I,283,155,151,1157-09-12,societas,Ans.aldo l'oiadisco e Oberto Panen corpn conll'aggono una societas per commerci ch e Oberto farà in Sicilia (12 settembre 1157).
Giovanni Scriba I,284,156,152,.NR,societas,"Guglielmo Vento e Guglielmo visconte, contraggono una societas per affari che il secondo farà irt Sicilia (12 ~ett embre 1157)."
Giovanni Scriba I,285,156,152,1157-09-12,societas,Bcmoiovanni Malfìgliast.ro e Gionata Ciriolo contraggono una societas per traffici che Gionata Ciriolo farà a Palermo e dove vorrà (12 settembre 1157).
Giovanni Scriba I,286,157,153,.NR,other:testament,
Giovanni Scriba I,287,157,153,heading: 10 settembre 115ì).,accomendatio,Gandolfo cli Gotizone stipula una accomendacio con Boia.monte di èio1Janni CrisUoni per m er ci che porlcr<l o Palermo (10 settembre 115ì).
Giovanni Scriba I,288,158,154,heading: 21 settembre 115ì ),sea_loan,Framundo S carsella dichiara di aver ricevute da Merlone Guaraco 4 lib. genovesi e si obbliga di pagargli 5 /il> . genovesi al suo ritorno dalla Sicilia (21 settembre 115ì ).
Giovanni Scriba I,289,158,154,.NR,other,
Giovanni Scriba I,290,159,155,1157-09-21,societas,"Bono l'assallo di l'icina, Marino Di Castello e Gandolfo Balbo contraggono una societas per traffici che i due ultimi farann o a r a/en:a (21 set tembre 115 7) ."
Giovanni Scriba I,291,159,155,1157-10-03,sale,Ogcrio Carcodano e Richclda Mniugi si obbligano di pagare a Guglielmo A lfac11ino entro otto giorni quanto qaesti pag1ier1ì per loro conto e n ome (3 o ttobre 1157).
Giovanni Scriba I,292,160,156,1157-10-05,other:quittance,Bon o Vassallo si obbliga di dare a R ogerone una certa somma entro il mese di novembre (5 ottobre 1157).
Giovanni Scriba I,293,161,157,1157-10-07,other:quittance,"Anselmo Botacio emancipa il J1,ipote Lanfranco e consoli approvano l'emancipazione (7 ottobre 1157)."
Giovanni Scriba I,294,161,157,1157-10-07,other,Anselmo Botacio dona al nipote Lanfranco da lui emancipato con l'alto n . CCXCIII l'usufrutto che ha sui beni del padre e della madre di lui (7 ottobre 1157).
Giovanni Scriba I,295,161,157,1157-10-13,sea_loan,Baialardo e .4lguda coniiig i contraggono con Merlone Guaraco un prestito marittimo (13 ottob re 1157).
Giovanni Scriba I,296,162,158,1157-10-18,other:lease/hire,Lanfranco Pevere e Guglielmo Della Volla affittano a Poncio di Dodone e Pietro Montanal'io e lo1·0 consorti il loro podere cli Gazerego presso VoUagg io (18 ottobre 1157).
Giovanni Scriba I,297,162,158,1157-10,other,"_tfartin n erl Enrirn Cnmn ma11om<'llonn il sen lo _,1rm.anno figlio di Anlnnia lnro ancella (2-J. ottohre 1157)."
Giovanni Scriba I,298,163,159,heading: 26 ottobre 115i ),sale,lngone Della Volta e Guilia coniugi contraggono con Merlone Guaraco un prestito ma.rittimo (26 ottobre 115i ).
Giovanni Scriba I,299,164,160,1157-10-27,societas,Marchese Della Volta e Guidoto Torsello contraggono una compag.n ia per traffici che il secondo farà a S. Egidio e altrove (27 ottobre 1157).
Giovanni Scriba I,300,164,160,.NR,other:no-term trade capital,Ansaldo Baialardi dichiara di portare capitale di Jngone Della Volta e .4 nsaldo dichiara di portare capitale prop'l'io (27 ottobre
Giovanni Scriba I,301,164,160,1157-10-30,other,G11glielmn Vento dona alla chiesa di S. Andrea in Sestri Ponente tutta la terra che possiede a Voltaggio (30 ottobre 1157).
Giovanni Scriba I,302,165,161,1157-10-30,dowry,Simone Doria promette ad Ogerio di Guidone che n el ternpo in cui Bardella già sua nuora sarà maggiorenne gli farà u.n a carta di remissione delle libre che le deve de antefacto suo non.chè di quitan.za di ogni mo avere salvo il debito di 130 libre (30 ottobre 1157).
Giovanni Scriba I,303,165,161,1157-10-30,other,Ogerio di Guidone pe r la nuora Bardella si obbliga di pagare a Simone Doria una somma in m erci per l 'imporlo di 130 libre (30 ottobre 1157).
Giovanni Scriba I,304,166,162,1158-06-24,other,R ibaldo Bisacia promette con giuramento di pagare a Vassallo · Gisulfi una somma di denaro al 24 giugno 1158 (4 novembre
Giovanni Scriba I,305,166,162,1157-11-04,other,Embrone presta la sua fideiussione a llassallo Gisulfi per gm•a.n~ tirgli il pagamento di Ribaldo Bisacia di cui nell'atto n. CCC IV (4 novembre 1157).
Giovanni Scriba I,306,166,162,1157-12-08,other,Bernardo Agacia p1·ometle con giuram ento di pagare a I n.gane banchiere una somma di denaro per la prossima festa di S. A ndrea (8 dicembre 1157).
Giovanni Scriba I,307,167,163,1157-12-09,sale,Simone si obbliga di pagare a Bongiovanni Malfigliasl ro una 5omma di clienaro al 24 giugno 1158 (9 di cembre 115 7).
Giovanni Scriba I,308,167,163,heading: 16 di ccmhre 1157).,other:quittance,Guglielmo Cantatore manomette il proprio servo Ribaldo di Giovann i di Camaris (16 di ccmhre 1157).
Giovanni Scriba I,309,168,164,heading: dicembre 11:)7),sale,lngone Della Volta cede ai fìgli Marchese e Guglielmo per il prezzo di mille libre tutto ciò che ha in Slutla (F> dicembre 11:)7).
Giovanni Scriba I,310,168,164,heading: 24 di cembre 11!)7),societas,"Bono l'assallo, Mons Liber e Giordano Guercio contraggono societi't di commercio per un anno e mezzo (24 di cembre 11!)7)."
Giovanni Scriba I,311,169,165,.NR,other,"Rolando del fu Vitale , col consenso della propria madre I melda, dona a Benenca uria somma di denaro nomine anlefacti (26 dicemb.re 1157)."
Giovanni Scriba I,312,169,165,1157-12-28,other,"Guglielmo Brun , alla presenza dei con soli di Gennva eman cipa il proprio figlio Bon o lfassallo (28 dicem bre 1157)."
Giovanni Scriba I,313,169,165,.NR,dowry,"Gtiglielmo Rrun dona a rno figlio Bono Vo,ssal/ o emancipaJ,o coll' allo precedent e n . CCC XTI immobili che possiede in Rapallo, in Castelletto e in T erralba (:28 <li cembre 1157)."
Giovanni Scriba I,314,170,166,1157-12-29,other,"Giovanni di Chiappelto emancìpa Bon a lfita e Omodeo suoi figli, alla presenza dei consoli di Genova (29 dicembre 1157)."
Giovanni Scriba I,315,170,166,.NR,other,Giovanni di Chiappetto dona tutto i l suo patrimonio ai suoi fi gli Bonavita e Omodeo emancipati coll ' atto n . CCCXllf e qursti !-:Ì obbligano a provveder e al suo sostentamento (30 dicembre
Giovanni Scriba I,316,171,167,1158-12-19,other,Oberto figlio del fu Giovanni emancipa il figlio Ospinello alla presenza dei consoli di Genova (19 dicembre 1158).
Giovanni Scriba I,317,171,167,.NR,other,Odo de Stacio si obbliga di pagare a Rogerone e Oberto Spinola una certa somma all'ottava della prossima Pa$qua (13 diceµi.-
Giovanni Scriba I,318,171,167,1158-12-16,other,.'1 nfosso Guercio si obbliga cli pagare a Oberto e Rogerone iina certa somma di denaro all'ottava della prossima Pasqua per pepe che ha ricevuto (16 dicembre 1158).
Giovanni Scriba I,319,172,168,1158-12-16,other,Guglielmo Stabel si obbliga di pagare ad Ari/osso Guercio una somma di denaro all'ottava della prossima Pasqua per pepe che ha ricevuto (16 d icembre 1158).
Giovanni Scriba I,320,172,168,1158-12-16,other,"March ese Della Volta si obbliga. di pagare a,d Amico cli Cunizone per quall.ordici anni alla festa di S . Martino diec i soldi genovesi (16 dicembre 1158; ."
Giovanni Scriba I,321,173,169,1158-12-21,sale,I do di Verrone de l fu Jngone vende a Guidone del fu Guidone uncr pezza di terra in Verrone (21 di cembre 1158).
Giovanni Scriba I,322,173,169,1157-12-24,sale,"Guido R ecalcalo e Anna., coniu.gi, prometton o d i pagare a Jterio « maestro de anlclamo l> una somma di dena ro al prossimo Natale (24 dicembre 1157)."
Giovanni Scriba I,323,174,170,1158-12-27,sale,"B ono Giovanni , calderaio, dorta alla fì.glia Mabilia lo stabile in cui si trova la sua officina e il gen ero Anselmo Baston si obbliga di lavorare con lui sotto certe condizioni n ell 'atto speci.fì cale (27 dicembre 1158;."
Giovanni Scriba I,324,175,171,1158-12-30,societas,Iterio e< maestro de antelamo » e Guido « maestro cle antelamo » contraggono una societas per cinque anni per la fabbricazione di calcionarias operata da Guido (30 dicembre 1158).
Giovanni Scriba I,325,175,171,1158-01-04,other,Rnno Infant e emancipa alla presenza dei consoli il figlio Guglielmo (4 gen n aio 1158).
Giovanni Scriba I,326,176,172,1158-01-05,other,Guglielmo di Giovanni Cristiano dichiara di ai•er ricevuto da Angelerio de Camilla m erce elle traf/ icllerà in Salerno e in. S icilia coll 'obbligo di riportare il capitale e il profitto salvo il suo com penso e le spese (5 genna io 1158).
Giovanni Scriba I,327,176,172,1158-01-06,other:no-term trade capital,l.oren zo slipitla una accom andaci o con Gnglielmo S carsaria p crlroffìci ch e egli farà in Sicilia (6 genn aio 1158).
Giovanni Scriba I,328,177,173,1158-01-06,other,fi gli del fu Giovanni A lii e si obbliga a dare ogni Natale per lutto il tempo ch e terrà quella somma in proporzion e « de dece m u ndecim 11 (6 genna io 1158).
Giovanni Scriba I,329,177,173,1158-01,sea_loan,Bono Giovanni de domo e Adalasia coniugi contraggono un preslil<? marittimo con Nuvelon e (G genn aio 1158).
Giovanni Scriba I,330,178,174,1158-01-07,societas,G. Alfachino e Oberto da S01·i contraggono una sodetas per traffici che Oberto svolgerà a suo giudizio (7 gennaio 1158).
Giovanni Scriba I,331,178,174,1108-01-07,other:testament,Oberto del fu Oton e fa il suo testamento (7 gennaio 1108).
Giovanni Scriba I,332,178,174,1158-01-08,sale,Burdella dichiara di aver ricevuto da Ansaldo Mallonc la restit1.1r zione della dote di sua ft.glia Verclilia (8 genna io 1158).
Giovanni Scriba I,333,179,175,1158-01-10,societas,Pietro di Quinzazi e Omodeo corittaggono una socie;tas per traffici che Omodeo farà a suo giudizio (10 gennaio 1158).
Giovanni Scriba I,334,180,176,1158-01-11,dowry,Giovanni figlio del fu. Alberto dona nomine antefacti a Gisla figlia di Agnese sua sposa suoi beni fì.no alla concorrenza di nove libre genovesi (11 genn aio 1158).
Giovanni Scriba I,335,180,176,1158-01-13,sale,"Richelda di Albertono Ricio promette ad Oberto Spinola che compare per Alda sua consanguinea, di rinunciare al possesso della casa, av uto per sentenza dre i consoli se Alda gli consegnerà entro la prossima Pasqua merci per il valore di ventinove libre (13 gennaio 1158) ."
Giovanni Scriba I,336,181,177,1158-01-15,other,Bono Infans fa donazione al figlio Guglielmo emancipato di mille libre genovesi (15 gennaio 1158).
Giovanni Scriba I,337,181,177,1158-01-16,societas,Ronovassallo e Omodeo contraggono una societas per traffici che Omodeo svolgerà a Montpellie1· (16 gennaio 1158).
Giovanni Scriba I,338,181,177,.NR,sale,"A dalasia Nasse vende a Boiamonle di Giovanni C1·istian.i la M . Clll•l! OA'.""O·M . MORP.sc.o, li cartolqre di Ciocanni Scriò11, Voi. !. 12. metà cli u:na casa. n el borgo della città di Genov a (17 gennaio"
Giovanni Scriba I,339,182,178,1158-01-23,societas,Guglielm o Alfachino e Gio1Janni del fu Giovanni d e Plaçolo contraggono u:na societas per traffici clie Giovanni svolgerà in S. Egidio (23 gennaio 1158).
Giovanni Scriba I,340,182,178,1158-01-25,dowry,G. Adriclus clona nomine antefacti ad Adalasia. sua sposa beni fino alla concorrente di scUanla libre uenOt'esi e dichiara con dite alti su.ccessivi di aver avuto la dole del m ed esimo importo (25 gen naio 1158).
Giovanni Scriba I,341,183,179,1158-01-28,other,Cazaguerra si obbliga di dare a LardoicfJ un barile di olio entr o 1'8 febbraio 1158 (28 gennaio 1158).
Giovanni Scriba I,342,183,179,1158-01-28,sale,Cisla de Cacavo vende a Mal'chese Della l'olla. una casa con terr eno (28 gen na io 1158).
Giovanni Scriba I,343,184,180,.NR,other,"Marchese Della Volta dichiara che la carta cli cui a.l n. CCCX.Lll sarà annullata, quando sarà sostituita da quella dei figli ora minori (28 gennaìo 1158)."
Giovanni Scriba I,344,184,180,1158-01-30,other,Martino Ceresario emancipa il. fìglio Guglielmo alla presenza clei consoli di Genova (30 gennaio 1158).
Giovanni Scriba I,345,184,180,.NR,sale,Guglielmo i\fon.sliber fa quietanza al fratello Bonovassallo Monsliber «<le Lola parte frad es<:h e i> (5 febbràio 1158).
Giovanni Scriba I,346,185,181,.NR,sale,Oberto Cancelliere si obbliga di pagare al 24 giu.gno 11 58 una somma di dc11aro ad Arnaldo Vacca (6 f'ebbraio 1158).
Giovanni Scriba I,347,186,182,.NR,societas,Guglielmo Filardo e Tommaso Fomario contraggono una societas per traffici che Tommaso svolgerà a S. Egidio (8 febbraio llf>S1.
Giovanni Scriba I,348,186,182,1158-02-08,sea_loan,"G. Gatta si obbliga verso Bono Giovanni Malfigliastro di pagare al figlio Guglielmo una somma di danaro in Sal,erno, all'arrivo della na1Je di Zulcano (8 febbraio 1158)."
Giovanni Scriba I,349,186,182,1158-02-11,societas,Enstacchio e Giacomo de Lamello contraggono una soc ietas per traffici che Giacomo svolgerà in Sicilia (11 febbraio 1158).
Giovanni Scriba I,350,187,183,.NR,sale,Enrico Paximesse si obbliga di pagare ad' Etistacchio una somma di denaro alla prossima Pasqua per merci ricevute (11 feb-
Giovanni Scriba I,351,187,183,1158-02-11,dowry,Lamber'lo Gezo con cede a Filipp o Lamberti il diritto di prendere acqua dalla sua terra per l 'uso del m olino di Tanaturba (11 febbra io 1158).
Giovanni Scriba I,352,187,183,1158-02,other:no-term trade capital,G. Zufcan dic11iara di aver ric<'vnlo da Obrrlo Sara.go iwa somma di cff'flaro che rortcrà Jaboratum a Salern o (' roi Oll(' t'O l'rà col dfrilto al tcr::o del lucro (l:'? febbraio 1158).
Giovanni Scriba I,353,188,184,1158-02-12,societas,G. Scarsaria e G. Zulcari contraggono una societas per tra ffici da svolgersi a Salerno (12 febbra io 1158).
Giovanni Scriba I,354,188,184,1158-02-13,dowry,"A lda Mantuana prom ette a R ain aldo su o nipote cli pagare trenta soldi d'ella dote d ella sorella A lessandra) n el caso che il frat ello Pietro non p1·ovvcdcssc , confermando la donazion e già fatta alla m edesima (13 febbraio 1158)."
Giovanni Scriba I,355,189,185,1158-02-14,societas,Pietro de Vendeçi riceve da Giovanni di A iiterio una somma di denaro in societatem che impiegherà in affari con il nipote suoAlbertone di Langasco (14 febbraio 1158).
Giovanni Scriba I,356,189,185,1158-02-14,societas,"A lbertone di Langasco riceve in societatem da Pietro, lombardo, la somma avuta coll'alto precedente n. CCCLV da Giov anni A uterio che nomina suo procuratore (14 febbraio 1158)."
Giovanni Scriba I,357,189,185,1158-02-11,sale,Jngone banchiere si obbliga a restitu.ire a un anno una somma di denaro che dichiara di aver ricevuta da.l prete Gu.glielmo cli Lanr;asco (11 febbraio 1158).
Giovanni Scriba I,358,190,186,1158-02-21,other:quittance,Simone Doria fa quietanza a Ogerio di Guidon e di una somma che esso doveva alla sua nuora Bitrclella (21 feb br aio 1158).
Giovanni Scriba I,359,190,186,.NR,other,
Giovanni Scriba I,360,191,187,1158-02,other,"Pietro Clerico dichiara di aver 1·icevuto da Baldezone Usodimare una somma di denaro per conto di Altadomina, sua nipote, che doveva essere sua nuora (2i febbraio 1158)."
Giovanni Scriba I,361,191,187,1158-03,mutuum,Marchese Della l'olla dichiara cli aver ricevut o in mutuo libre tlenti genovesi cl1e restituirà il '2.!i giugno 1158 ( l marzo 1158).
Giovanni Scriba I,362,191,187,1158-03,mutuum,"Marino Di Castello e Solosle, coniugi, ricevon o in mutuo da Gu.glielmo Film·clo cit1quanla libre genovesi, drrndo in garanzia w1ft vigna al Bisogno colla fìdciussiot1 e di 8011 0·1.:a~sallo .'1alfìgliastro (:) marzo 1158)."
Giovanni Scriba I,363,193,189,1158-03-11,sale,Bucadanel ve!1de a Guglielmo Vento un suo podere e la sua quota del molino in Quinto (11 marzo 1158).
Giovanni Scriba I,364,194,190,1158-03-17,sale,".4 lberto del fu An,drea di Clliaparola e Im elda del fu Rainaldo, conii:igi, v endono a Rainaldo figlio di Lanfranco Di Castello una pezza di terra in pleb eio Levi (17 marzo 1158)."
Giovanni Scriba I,365,195,191,1158-03,other,G. Zulcan dichiara di aver ricevut ò da Oberto Sarago una somma di denaro che portercì a Salerno e che restitufrà al ritorno tratten e71do il terzo del proflt.to (1 i marzo 1158).
Giovanni Scriba I,366,195,191,1158-03-19,societas,Guglielmo S.c arsaria e Oberto Ragom oso contraggono una societas per traffici che Oberto svolgerà a S. Egidio (19 marzo 1158).
Giovanni Scriba I,367,195,191,1158-03-20,sale,Oberto figlio del fu 1\Jerlon e dicliial'a di esser debitore di Rogerio Candoffi de Calalabione di una somma di denaro che paghèrà al 1 lu.glio (20 marzo 1158).
Giovanni Scriba I,368,196,192,1158-03-01,cambium,Gisla badessa del m onastero di S. Andrea d e p orl1.t pe1·mata terre con Annelina m og l ie di Mar uffo de Columnala (2-1 m arzo 1158).
Giovanni Scriba I,369,197,193,1158-03-25,sale,Embron e si obbliga di pagare a Rainaldo di Beniznne una somma di de n aro a un ann o (25 m arzo 1158).
Giovanni Scriba I,370,197,193,.NR,sea_loan,Hraidemo contrae con Otone Bono de ti lbericis 1111 prestito ma.rillimo (~ àprilc 1158).
Giovanni Scriba I,371,198,194,1158-04-03,sale,Ansaldo l'oiadisco vende ad Oberto Cancelliel'e una casa con terreno irt Genova (3 aprile 1158).
Giovanni Scriba I,372,199,195,1158-06-24,sale,Oberto Cancelliere si obbliga di pagare ad Ansaldo Voiadisco la somma di libre cinque m eno soldi quattro al 24 giugno 1158
Giovanni Scriba I,373,199,195,1158-04-09,other:quittance,Simone di Monte Giardino concedP. la libertà al servo Giovannino cli Otone Anselmo (9 aprile 1158).
Giovanni Scriba I,374,199,195,.NR,sale,A nsa1clo stipula con Picamiglio un prestito m arittim o (12 aprile
Giovanni Scriba I,375,200,196,.NR,other:quittance,G. Burone e Martino Di Castello rinunciano iri. favore di Pietro Clerico a tutti i diritti che ad essi spettavano nei corifronti dei figli di esso in occasione del maleficio da questi ultimi perpetrato contro il figlio di G. Burone e contro Martino Di Castello (17 aiprile 1158).
Giovanni Scriba I,376,201,197,1158-04-21,dowry,Testamento di Ota Fornari (21 aprile 1158).
Giovanni Scriba I,377,201,197,.NR,other,
Giovanni Scriba I,378,202,198,1158-04-25,societas,C . S carsarias e Anfosso Buxon stipulan o una socieLas per traffici ch e Anfosso svolacrà a Tunisi e altrov e (25 april e 1158).
Giovanni Scriba I,379,202,198,.NR,dowry,Oliviero Sagonensis dichiara cli av er ricevuto libre v entfoinque dell a do te cli sua m oglie Mabilia fig lia d i Roderico (26 ap rile
Giovanni Scriba I,380,202,198,1158-04-28,dowry,"Filippo di r.amùcrto si co.~lilu iscc d'ebitor e t>crso Oger i o della somm a cli libre cento de lla dole di A lda m oalie cli Oger io Vento e saa nipolr, senza il clirilln de lfa m edrsima di esigere la somma .~tessri. (28 aprile 1158)."
Giovanni Scriba I,381,203,199,.NR,societas,"Gtiglielmo Vento e Oliviero De Mari contraggono una soc ietas per traffici che Oliviero svolgerà ove crede, eccetto in Spagna e a Bugia (31 iliprfle 1158)."
Giovanni Scriba I,382,204,200,1158-05-05,other:testament,T estam ento di Zenua Cagacia (5 m aggio 1158).
Giovanni Scriba I,383,205,201,.NR,societas,Guglielmo Scar·sarias e Lamberto Pecollo conlraggono una societas per traffici che Lamberto farà in Sicilia (1:3 ma~g io 1158).
Giovanni Scriba I,384,206,202,1158-05-14,other,Gu glielmo Galleta dichiara di portare laboratum ove andrà m erci del proprio cognato Fredenzone Contardo (14 maggio 1158).
Giovanni Scriba I,385,206,202,1158-05-14,societas,Marchese Della Volta e Musso Scalcaveia contraggo no una societ.as per commàcio cli merci che Musso porterà in Sicilia e poi acl Alessandria (14 maggio 1158).
Giovanni Scriba I,386,207,203,1158-05-15,other:testament,Testam ento di Leda di Guidone (15 magg io 1158).
Giovanni Scriba I,387,208,204,1158-05-20,other,"Oberto Calvo e Guilia coniu(li si obbligano col pignomm ento del loro podere di Rob oreto di pagare una somma al prete Meliore, metà al Natale del 1158 e m età al Salale del 1159 (20 maggio 1158)."
Giovanni Scriba I,388,208,204,heading: m arol con t rarmn110 u,societas,lngone banchiere e Oberto de Pom arol con t rarmn110 una ocietas elle Pomo fìolio di Oberto porterà lab oratu m (2-1 m a::gio 1158}.
Giovanni Scriba I,389,209,205,.NR,other,Alberto del fu Rainaldo giudice dona alla sorella J rcoila tulio quanto essa gli a·veva doncilo una volta (2ì magfr:o 1158).
Giovanni Scriba I,390,209,205,1158-05-29,sale,Il prete Giovanni prevosto di San Donato e Gisfa T r epola vendono a Oliviero di i\foneglia. una casa con terreno di proprietà de lla fu /I fda Spandi (29 m aggio 1158).
Giovanni Scriba I,391,210,206,.NR,sale,una rasa. in CcnoN1 (G g-iug no 11 58) .
Giovanni Scriba I,392,211,207,1158-06-11,societas,A n.saldo Spinola e Marchese Boleto contraggon.o una società per trcrffici in Alessandria e altrove (11 g iug no 1158).
Giovanni Scriba I,393,211,207,.NR,societas,Guglielmo Pilarclo e .Baldezon Rav agna cnn trag(llmo una societas per f1'.a.ffici che Baldezon svolgerù acl Alessandria (11 p-iugno 1158).
Giovanni Scriba I,394,212,208,.NR,sea_loan,
Giovanni Scriba I,395,213,209,1158-06-18,societas,Bono Giovanni Malfigliastro e Bonifacio de Segnorando contraggorw una societas per traffi ci chP. Bonifacio svolgerà a Tunisi e dove vorrà (18 giugno 1158).
Giovanni Scriba I,396,213,209,1158-06-19,sale,Cazaguerra vende a Baldezo·ne Usodimare una pezza di terra di proprietà della moglie Sibilia (19 g iug no 1158).
Giovanni Scriba I,397,214,210,1158-06,sale,Amico Clerico vende a Otone Bono e al frat ello di questo Nuvelone una terra (.li sei tavole (2-0 giugno 1158).
Giovanni Scriba I,398,214,210,heading: 23 giugno 11 ~,sale,Enrico Guercio e Bisacia si dichiarano debitori d'i Idone Contardo di quattrocento perperi) obbligandosi a pagarli al p rossimo Natale (23 giugno 11 ~8) .
Giovanni Scriba I,399,215,211,1158-06-25,other:no-term trade capital,Ogerio di A m ico stipula una accomandacio con G. Vento per traffici da svolgersi ultram are (25 g iug no 1158).
Giovanni Scriba I,400,215,211,.NR,sale,Tfra iclem o vende a Ribaldo Ler cari u.na f l<'zza di te rra in Sestri Pmlcnte (:?ì g-iugno 1158).
Giovanni Scriba I,401,216,212,1158-06-27,societas,"Guglielmo Buron e Ido Mallon con ll'ag gono u na societas, per lr•tffici ch e Ido Mallon fal'à ullrama re (27 g iug no 1158)."
Giovanni Scriba I,402,217,213,1158-06-27,societas,G. Scarsarias e Bonagente contraggono una societas per traffì..ci che. Bonagente farà a Salerno e poi ove vorrà (27 giugno 1158).
Giovanni Scriba I,403,217,213,1158-06-28,sea_loan,Bussato stipulà con Otone Bono de A lbericis u.n prestito marittimo (28 giugno 1158).
Giovanni Scriba I,404,218,214,.NR,other:no-term trade capital,"Primo dh Camogli dichiara di aver ricevuto da Bertolollo del fu Alberto travi che valgono qu.altro libre e m ezza, ch e porterà laboralum a Palermo, e del profitto avrù la m età (30 ~ i11 g- no 1158)."
Giovanni Scriba I,405,218,214,1108-07-08,sale,Merlo Cuara('() promette ad Ogcrio Curio che conser verà la proprietà della sua terra in tllbaro n è la ·v enderà nè la obbligherà a R odoa.no dc Mauro in qualsiasi m odo (8 lug lio 1108).
Giovanni Scriba I,406,219,215,1158-07-08,dowry,"Ogerio Curto e A dalasia, coniugi, vendono a Merlone Guaraco due p ezze di terra i.n A lbaro (8 lug lio 1158)."
Giovanni Scriba I,407,219,215,1158-07-13,sale,"Bertolotto, v isconte, vende a l ngone Della Volta una terra che pos~ siede nella pieve di Voltri (13 lug lio 1158)."
Giovanni Scriba I,408,220,216,1158-07-13,dowry,"Rertolotto, visconte, e sua moglie Anna dichiarano al fratello Corso di aver ricevuto sui beni del padre Alberto, visconte, la dole di cento trentasette libre gerwvesi (13 lug lio 1158)."
Giovanni Scriba I,409,221,217,1158-07-13,sale,"Corso del fu Alberto, visconte, e sua moglie Altilia dichiarano at fratello Berlolotto di aver ricevuto dei beni del padre defunto· ce.n tonovanta libre genovesi d el patrimonio di Altilia (13 l ug lio 1158)."
Giovanni Scriba I,410,221,217,1158-07-16,sea_loan,Rodon.no Papacanlicula dichiara di aver ricrvuto da .Otone Bono una somma di d<'naro ch e restituirà aumentata in ragion e da lre a qualfro al rilomo della nave di Dormitore e Gandolfo di Gotizone (16 luglio 1158).
Giovanni Scriba I,411,222,218,1158-07-16,dowry,T estamento di Otone giudice di Milano (16 luglio 1158).
Giovanni Scriba I,412,223,219,1158-07,societas,Anselmo di Gotizone e Andrea lombardo contraggon o una societas per traffici marittimi di .4 nel rea (1 ì lug lio 1158).
Giovanni Scriba I,413,223,219,1158-07-24,sea_loan,G. Giorgio dic hiara di aver ricevuto da Bongiovanni Malfìgliastro una somma di denaro in prestito marittimo (24 lug lio 1158).
Giovanni Scriba I,414,224,220,1158-08-01,sale,Maniarizo dichiara di aver ricevuto da Guglielm o Filardo una somma çhe renderà a.I 1 agosto 1158 (28 fog lio 1158).
Giovanni Scriba I,415,224,220,.NR,societas,.·llberlon d e Custode e A Iberlo Clerico stipulano una soc ietas per traffici che Alberto Clcrico farà a Messina e altrov e (28 luglio
Giovanni Scriba I,416,225,221,1158-07-30,other,Alberto del fu . . . dona alla sposa Roasa nomine antefacti cinqttanta libre genovesi (30 luglio 1158).
Giovanni Scriba I,417,225,221,1158-08-01,sale,"Baldo Pulpo e Domriisia, coniugi, dichiarano di aver ricevuto da Guglielm o Vento una somma di denaro che restituiranno entro il mese cli ottobre (1 agosto 1158)."
Giovanni Scriba I,418,226,222,1158-08-03,other,Guglielmo Vento dic11iara di aver ricevuto da T ercio maestro una somma di denaro che 1'estituirà f m un anno (3 agosto 1158).
Giovanni Scriba I,419,226,222,1158-08-05,sale,Palma del fu Gandolfo R ubco si obbliga di pagare a Guglielmo Vento una somma di denaro f1'a un anno (5 agosto 1158).
Giovanni Scriba I,420,227,223,1158-08-05,societas,S'olima di Salerno e Donato contraggono una societas per traffici che Donato farà in Sicilia (5 agosto 1158).
Giovanni Scriba I,421,227,223,1158-08-05,other:declaration,Eliadar dichiara a Donato quanto rimane presso di sè della societas che ha con lui (5 agosto 1158).
Giovanni Scriba I,422,227,223,1158-08-05,sale,Guglielmo Aradello e •Oberto di Buontom.ma.so stipula.no con Guglielmo di Candida e Guglielmo Sacarello un p restito marittimo (5 agosto 1158).
Giovanni Scriba I,423,228,224,1158-08-05,sale,Jdo Contardo e Ermellina coniugi vendono a Solimano di Salerno una pezza di terra iri Sampierdarena (5 agosto 1158).
Giovanni Scriba I,424,229,225,1158-08-05,dowry,"Jclo Contardo dona a sua m oglie Erm el/i,na nomine antefacli ciò che p ossie-de in Albaro (5 agosto 1158)."
Giovanni Scriba I,425,229,225,1158-08-06,other:declaration,Guglielmo Filardo di ch iara le m erci ch e egli h a nel mo magazzino di varie co m endaciones e societates /alte con Giovanni Filardo (6 agosto 1158).
Giovanni Scriba I,426,230,226,1158-08-06,other:division,"Solimano di Salerno e .Marchese Castagna, div ise lulle le socielates che avcvcmo avuto insieme, determinano le m erci e gli affari Lullora comuni (6 agosto 1158)."
Giovanni Scriba I,427,231,227,1158-08-06,other:quittance,Elion e dichiara a Solimano di aver ricevuto somme di denaro per conto di quesl ' ttltimo e Solimano dichiara di aver in deposito m erci di Elione (6 ag osto 1158).
Giovanni Scriba I,428,232,228,.NR,sale,"Giovanni, Ansaldo e Vassallo figli del fu Ribaldo Pa.lanca addivengono alla divisione di tutte le loro cose mobili comuni (6 ago-"
Giovanni Scriba I,429,232,228,1158-08-11,sale,Alberto fratello di Arnaldo giudice vende a Enrico Cagina suo cognato una casa in Genova (11 agosto 1158).
Giovanni Scriba I,430,233,229,1158-08-11,other,Guglielmo Smerigio contrae un prestito marittimo con Olone Bono (11 agosto 1158) .
Giovanni Scriba I,431,233,229,1158-08-11,other,Ribaldo L ercario e Bon.ovassa.llo Usodimare promettono a Gualielmo di llivalclo di pagargli cento libre genovesi se Gandolfo Usodimare dim etterà la figlia Guilia cli Guglielmo Vivaldi pro consanguineitaJte (11 agosto 1158).
Giovanni Scriba I,432,234,230,1158-08-11,other,"Gandolfo Usodimare dona no mine a ntefacti alla sposa Cuilia, ceri l o libre gen ovesi (11 agosto 11581."
Giovanni Scriba I,433,234,230,1158-08-12,societas,"Oberto Spinola e C. Zuzoi contraggono uria socictas per traffi ci che G. farà a S. Egidio , a Monlpellier (12 agosto 1158)."
Giovanni Scriba I,434,235,231,1158-08-14,other,Alberto Gatto di chiara di aver ricevuto da Martino !te la dote di Cava moglie del figlio suo Ansaldo parte in denaro e parte in panni (14 agosto 1158).
Giovanni Scriba I,435,235,231,1158-08-01,other,Gug lielmo Derdu11a dichiara di aver ricevuto da Guglielmo Fil ar·do una quantitù <li oro per portare ad Alessandria coll'obbligo di venderla iv i e ripodargli a Genova drog 11e e denaro (1-1 agosto 1158).
Giovanni Scriba I,436,236,232,1158-08-16,societas,Solimano di Salerno e Baldo Di Campo contmggon o una so cietas per t rcrff ici ch e qu est 'ultimo farà in Alessant:lria e poi dov ~ vorrà (16 agosto 1158).
Giovanni Scriba I,437,236,232,.NR,societas,Solim.ano e Guglielmo Adrictus conlraggo11 0 una soci etas per traffì.ci rl1e il secondo f arà ìn Alessandria e poi oi·e vorrà (16 ago-
Giovanni Scriba I,438,237,233,1158-08-16,sea_loan,Bono Giovanni Boniana stipula un prestito marittimo con Otone Bono de A lbericis (16 agosto 1158).
Giovanni Scriba I,439,237,233,1158-08-16,other,Gualter si costituisce 'fì.deiussore verso Mussa per un debito di Fredenzone di trenta libre gen ovesi (16 agosto 1158).
Giovanni Scriba I,440,238,234,1158-08-16,other:quittance,"Musso e Marsibilia coniugi, concedono la libertà a Frcdenzon e loro servo (16 agosto 1158)."
Giovanni Scriba I,441,238,234,heading: 16 agosto 11j)8),dowry,Musso dirhiara cli aver ricevuto da l\far11ibilia sua moalie la dol e di 1il> re veni i e dcì a i\farsi I> il ia allretlon lo sui suoi l>cn i di Albaro nomine antefacti (16 agosto 11J)8).
Giovanni Scriba I,442,239,235,1158-08-18,sea_loan,R ibaldo Drogo stipu la un prestito m arittimo con March ese Della Volla (18 agosto 1158).
Giovanni Scriba I,443,239,235,.NR,other,Fulcone Di Castello si dichiara debi tore verso l ngone Della l'olla di q uanto questi si era per lu i costituito fi deiussore (18 agosto
Giovanni Scriba I,444,240,236,.NR,societas,Bonot1assallo Di Castello e Pietro Euslachii controggono una socìeta per affari elle il secondo svolgerà in Alessandria (20 agosto
Giovanni Scriba I,445,241,237,1158-08-20,societas,Guglielmo Aradello e Guglielmo Alfachino contraggono una socielas per traffici che il secondo farà ulit ram are (20 agosto 1158).
Giovanni Scriba I,446,241,237,1158-08-20,sale,Guglielmo di Viv aldo si obbliga di pagare a Lamberto Grillo cento libre genovesi entro il febbraio 1159 (20 agosto 1158).
Giovanni Scriba I,447,242,238,1158-08-19,other:licence,Guglielm o A 1·adello è-à facoltà a Guglielm o A lfachirw di restituire in Cen01Ja o di investire ove creda il capitale della socielas con esso stipulata e di cui all'atto n . CDX LV (19 agosto 1158).
Giovanni Scriba I,448,242,238,1158-08-21,other:testament,T estamento di Guglielm o A lfachino (21 agosto 1158).
Giovanni Scriba I,449,243,239,1158-08-22,societas,Guglielmo Buron e Roger de fu.sta con traggono una societas per traffici che Roger farà. ultramare e dove meglio gli parrà (22 agosto 1158).
Giovanni Scriba I,450,243,239,1158-08-22,other,Oberto di Tempi emancipa il figlio Ottone e i consoli app1·ovano l'emancipazion e (22 agosto 1158).
Giovanni Scriba I,451,244,240,1158-08-23,other,Elia stipula con Marchese della l'olla un prestito marittimo (23 agosto 1158).
Giovanni Scriba I,452,244,240,.NR,sale,Oberto del fu. Opizo Tin cto pro mette ai fratelli u.v elone e Otone Bono di vender loro un terreno elle ha in Murta (23 agosto
Giovanni Scriba I,453,245,241,1158-08-23,societas,"Jngone dell a Volta e Eustachio contraggono una societas, per traffici che il secondo f ar à ove vorrà (23 agosto 1158)."
Giovanni Scriba I,454,245,241,1158-08-23,societas,Bongiovanni Malfigliastro ed Eustachio contraggono una soci~tas per affari che il secondo farà dove vor rà (23 agosto 1158).
Giovanni Scriba I,455,246,242,1158-08-03,other,"Eustachio stipula ur,a accorriandacio con Guidone da Novara (?3 agosio 1158)."
Giovanni Scriba I,456,246,242,1158-08-23,dowry,Gìovanni Leo dichiara cli aver ricevuto sessanta libre genovesi della dote di Altilia sua moglie (23 agosto 1158).
Giovanni Scriba I,457,246,242,.NR,other,"Giovanni Leo dichiara a Ribaldo Sarafì,a di aver mandato ad Alessandria a mezzo di Pietro di Pavarano una somma, della quale una parte è di Ribaldo Sarafia (23 a:rnsto 1158)."
Giovanni Scriba I,458,246,242,1158-08-23,other,"PasNll<' dc Fonlis si nbbliga 1•crso Guglielmn Filardo, m r elazione ad una somma dal medesimo ricevitta di costituire ultram à.re con essa e con capitale proprio una societas (23 agosto 1158)."
Giovanni Scriba I,459,247,243,1158-08-25,sale,"Oto, arciprete della chiesa di S. Mart ino di Sampierdarena vende a Co,.,·ado Botino una pezza di terra di p roprietà della chiesa stessa (25 agosto 1158)."
Giovanni Scriba I,460,248,244,1158-08-25,societas,Soliman.o di Salerno e Ccl /ario contraggono una socielas per commercio che Cellario svolgerà in Genova (25 agosto 1158).
Giovanni Scriba I,461,249,245,heading: di chiara di aver ricevulo da bongiovanni 1walfi,sea_loan,Guglielmo A radello di chiara di aver ricevulo da Bongiovanni 1WalfigliC1$lro una partita di pepe ch e pagherà al 1° luglio (26 ago-
Giovanni Scriba I,462,249,245,1158-08-26,other,"Guglielmo della Volta dic11im·a a Guglielmo A 1•adello che per suo conto quest'aveva preso la partita di pepe da Bongiovanni Malfigl iastro , di cui all'atto n. CDLXI (26 agosto 1158)."
Giovanni Scriba I,463,249,245,1158-08-26,societas,"f..,oren.zo e . In.saldo di Corsi con.traagono una socielas per traffici che faranno entrambi in Sicilia (26 agosto 1158)."
Giovanni Scriba I,464,250,246,1158-08-26,societas,Giovanni da Sestri e .4 nsaldo di Corsi contraggono una societas per affari che Ansaldo farà in Sicilia (26 agosto 1158).
Giovanni Scriba I,465,250,246,1158-08-28,dowry,(;_ Picamiglio vende a Ribaldo Sar afìa una casa in Genova (28 agosto 1158).
Giovanni Scriba I,466,251,247,1158-08-30,sea_loan,March ese Della Volta colla fideiussione di Nicola R oza e Bonvassallo de Medolico (30 agosito 1158).
Giovanni Scriba I,467,252,248,1158-08-30,other,Enrico Guercio e Bisacia. in relazione all'alto precedente ri. CDLX lt/ si obbligano cli restituire a Nico la Roza e Bonvassallo de Mecloli co quanto questi ultimi dovessero pagare a Marchese Della Volta (30 agosto 1158).
Giovanni Scriba I,468,253,249,1158-08-30,sea_loan,Gandolfo Garruco e Ann'a coniugi contraygono u1i prestito mari.t timo con Otone de Molis (30 agosto 1158).
Giovanni Scriba I,469,253,249,.NR,other,Guglielmo del fu Bru.nerigo di Agagio dona alla chiesa di S. Ma:rgherita di Marassi tutto quanto ha in villa Ioagi (30 agosto
Giovanni Scriba I,470,253,249,1158-08,other:testament,Cn(Jlielmo clel fu /Jr1111<•ngo dona una smnma pro anima sua (~O agosto 1158).
Giovanni Scriba I,471,254,250,1158-08-30,societas,"Bongiovanni i\lalfi.gliastr o e Guglielmo A r adello cont raggono una socielas per traff ici che Mathucio svolgerà a Salerno , in Siçilia e a Genova (30 agosto 1158)."
Giovanni Scriba I,472,254,250,1158-08-30,societas,Bonginvanni Malfìaliaslro e Gugli elmo A r adello contraggono una socielàs con Gti gliel mo figlio di Ober to Perdice} per fraffii-i che quest' ulti m o farà navigando colla nave di Bonv1LssC11lo Sal sa (30 agosto 1158).
Giovanni Scriba I,473,255,251,1158-08-30,dowry,Aidela Berfogii dichiara 9-i aver ricevuto da Ansaldo Calcgario una somma della dote di Aimelina sua liberta insieme ad altra ch e . la m edesima lasciò pro anima (30 agosto 1158).
Giovanni Scriba I,474,255,251,.NR,sale,Ansaldo Calegario vende a Mabil.ia un edificio in Genova (30 ago-
Giovanni Scriba I,475,256,252,1158-08-30,sale,Oberto Tar.;hino e Bera1·do suo figlio vendono a Bongiovann i Mcilfìgliaslro uria casa in Levi e metà cli un podc1·e e Guglielmo Ceorgio vende al m edesimo l'altra m elù (30 agosto 1158).
Giovanni Scriba I,476,257,253,1158-08-30,sale,Col'so e Altelia con iugi vendono a lngone Della l'olla tutto il loro podere in Vollri (30 agosto 1158).
Giovanni Scriba I,477,258,254,.NR,sale,Berta figlia del fu A damis di Corsica vende ad .-li berto di Luni ed a Giovanni Musso una term iri l ·alvuzelcisca (31 agosto
Giovanni Scriba I,478,258,254,.NR,sale,Bertoloto e Elena figli del fu Albe1'lo Roveto vendono ad .41berl n cli t uni cd a Giovanni Musso luJta la terra che hanno in l'al'Uer ze lr1sra (31 ngoMo 1158).
Giovanni Scriba I,479,259,255,1158-09-03,sea_loan,Braidemo contrae un prestito maT'ittimo con Olone Bono de Albericis (3 settembre 1158).
Giovanni Scriba I,480,260,256,1158-09-03,societas,Rongiovanni Malfigliastro e Guglielm o fi.glio di Oberto Perdice contraggono una societas per traffici che quest'ultimo farà andando colla nave di Bonvassallo Salsa (3 settembre 1158).
Giovanni Scriba I,481,260,256,.NR,societas,Oberto de porta e Vassallo de porla contraggono una societas per traffici ch e l1 assallo farèL quo iverit (3 selLembre 1158).
Giovanni Scriba I,482,261,257,1158-09-04,societas,Oliviero e Sol imano contraggono una societas per traffici che Oliviero farà a Pal(!rmo nella prossima estate (4 settembre 1158).
Giovanni Scriba I,483,261,257,.NR,sale,Rainaldo .4 legri si obbliga al prossimo Natale di restituire a Marchese Della lfolta una somma ch'egli dichiara di aver ricevuta colla pignorazione d.el suo podere in Carignano (5 seblembre 1158).
Giovanni Scriba I,484,262,258,.NR,other:no-term trade capital,
Giovanni Scriba I,485,262,258,1158-09-06,other:quittance,I fral. elli Bongiovanni e Damiano addivengono alla cliv i'sione cli tutto il loro pat1·im onio mobiliare (6 settembre 1158).
Giovanni Scriba I,486,263,259,.NR,other,
Giovanni Scriba I,487,263,259,.NR,societas,
Giovanni Scriba I,488,264,260,1158-09-08,sale,Bonifacio visconte vende a Pon cio di Cuasco una casa in Savona (8 settembre 1158).
Giovanni Scriba I,489,265,261,1158-09-10,sale,Vicino di Cibile stipula w1 p restito marittim o con Otone Bono (10 settembre 1158).
Giovanni Scriba I,490,266,262,1158-09-13,other,Pietro Reverdito stipula un prestito marittimo con Pietro Galico colla fideiussione di Stefano Cavaler (13 sett embre 1158).
Giovanni Scriba I,491,266,262,1158-09-17,sale,Bertoloto di Guiniguisio e .4 ngclasia vendo110 a C. :fradello diverse pr::ze di terra (17 settembre 1158).
Giovanni Scriba I,492,267,263,.NR,sale,I coniugi Fulcone Buferio e Benenca vendono a Belengerio del fu Corrado Begolino e a Guglielmo di Montesignano e a T enpi del fu Guglielmo di Tenpi tutto quanto posseggono (18 settembre llb8).
Giovanni Scriba I,493,268,264,1158-09-18,sale,I tre compratori di cui nell'atto di compra-vendila 71. ('.[)XCII prom etton o di pagare il prezzo in tre rate (18 settembre 1158).
Giovanni Scriba I,494,268,264,1158-09-19,other:no-term trade capital,Vk i n o di Cibili contrae una accoma ndacio con G. Sca rsaria per affari c11' egli farà a Jfon tpelli e1· e altrove (19 settem bre 1158).
Giovanni Scriba I,495,268,264,.NR,societas,Solimano di Salerno e Roger di Chiavica contraggono una socieLas per affari cli e R oger farà a Maiorca e a Genova (20 settembro
Giovanni Scriba I,496,269,265,.NR,sale,Tenpi del fu Guglielmo di Tenpi vende a Pietro lombardo tutta. la terra che ha in Montesignano e in Lugo (20 settembre
Giovanni Scriba I,497,269,265,1158-09-25,societas,Sol imano d i Salemo e Riba.ldo di Dodone de A lbericis contraggono una oocie:tas per traffici clic Ribaldo s1>olgerà ove andrà con Enrico Nivetella {25 settembre 1158).
Giovanni Scriba I,498,270,266,1158-09-25,societas,S olimano e Culorio contraggono una socielas p<!r affari che Culorio svolgerà a Genova e in Sicilia (25 settembre 1158).
Giovanni Scriba I,499,270,266,.NR,societas,
Giovanni Scriba I,500,271,267,1158-09-26,other:no-term trade capital,Oliviero da Pavia 1'iceve eia Sol.irnano un capitale da portare labor atum fuori Genova (26 settembre 1158).
Giovanni Scriba I,501,271,267,.NR,societas,"Guidone cli Lodi e Odon conlrarmono una socielas per affari che Oclon farà in Spagna, Sicilia, P1·ovenza e Hom.ania (26 settem-"
Giovanni Scriba I,502,272,268,1158-09-26,sale,naro verso Enrico Gagina e si obbliga a pagarla o al prossimo Natale o alla prossima Pasqua (26 settem bre 1158).
Giovanni Scriba I,503,272,268,1158-09-29,societas,Ogerio :Yocen:io e Ugo Botin contraggon o una socielas per affari elle Ugo svolaerà in Sicilia (29 settembre 1158).
Giovanni Scriba I,504,273,269,1158-10-01,other:no-term trade capital,Bongiovanl'l.i nipote del f u prete Vassallo Maggiore stipula un accom andacio con Bongiovanni Malfigliastro p er affari che farà in Sicilia (1 ottobre 1158).
Giovanni Scriba I,505,273,269,.NR,sale,"Ugo Embriaco e Simone Doria vendono a Guglielmo Burone, al fratello di questo Alberto e a Guglielmo loro nipote diverse case in Genova (4 ot.tobre 1158)."
Giovanni Scriba I,506,274,270,1158-10-06,sale,Giordano de Tumber vende a Guglielmo Burone terre in Fontanegli (6 ottobre 1158) .
Giovanni Scriba I,507,275,271,1158-10-08,sale,Volpe vende acl Oberto Cancel1ic1·e terre in. Quinto (8 ottobre 1158).
Giovanni Scriba I,508,276,272,1158-10-09,sale,Lamberto << calcai.or u stipula un prestito marittimo con Olon e Bono (9 ottob re 1158).
Giovanni Scriba I,509,276,272,.NR,societas,Guglielmo de Rufin o e Lamberto de Balneo cnntraggnno una societas per lraf{tci ch e Lamberto svolgerà fuori Genova (12 ottobre
Giovanni Scriba I,510,277,273,.NR,dowry,Dolce dona alla mad1'e A nna ogni suo diritto sulla successione del fratello Ribaldo e Anna prorn elle di n on b en eficiare mai della don azione nè Guglielmo Musso nè la sua f amiglia (13 ottobre
Giovanni Scriba I,511,277,273,.NR,societas,"Tsm aele, Sorle<>n e <' Raimondo fì glin d i Ribaldo di Ne rv i contraggono u.na soc ietas per affari clrn Hairn nndo svolgerà fu ori Ce n ova ( U al lobr-0 1158)."
Giovanni Scriba I,512,278,274,1158-10-18,societas,Lamberto Gue1·cio e Oger Clarella contraggono un a socielas p er affari che Oger farà fu ori Genova (18 ottobre 1158).
Giovanni Scriba I,513,278,274,1158-10-18,sale,Oger Noccnzio in /1: : le vende e in 1iarte dona a Guglielmo .\Jalocello una striscia cli terra che dovrà servire come via comune a Ribaldo Cevolla e ad Ugo ne Botino (18 ottobre 1158).
Giovanni Scriba I,514,279,275,1158-10-24,mutuum,Gionata Crispino contrae un prestito marittimo con Snlimano di Salerno (24 ottobre 1158).
Giovanni Scriba I,515,280,276,1158-10-28,dowry,"Guglielmo Boninfanli dona ad Adalasia figlia di Lamberto Grillo, sua moglie, una somma nomine antefacti e dichiara di a'Ver avuta la dote (28 ottobre 1158)."
Giovanni Scriba I,516,280,276,.NR,societas,Ingone Della l'olla e Oaerio .\'ocenzio contraggono una socielas oer traffici clic Ogerio farà a S. Egidio e iri Genova · (29 ottobre
Giovanni Scriba I,517,281,277,1158-10-26,sale,"Ugo arcidiacono, Oberto prevosto e Agostino camerario di S. Lorenzo contraggono un prestito marittimo con Bongiovarmi Malfigliastro (26 ottobre 1158)."
Giovanni Scriba I,518,282,278,.NR,other,"Fulcone de Insula figlio d'i Gandolfo de I nsula dona tutti i suoi berii a Giova!lrti Malocello, r itenendone l'usufrutto (10 novem-"
Giovanni Scriba I,519,282,278,1158-11-12,sale,Oto Galeta dichiara di aver ricevuto da Pietro Capra una cerfa somma in perperi che aveva dato ad Alberto de l'illano ( 12 novembre 1158).
Giovanni Scriba I,520,282,278,1153-12-03,sale,"Cuiflo Rccalcalo e . I nna, coniugi, si obbliga.no di paw ire a llerio ,, maestro d e anlelamo )) una sommo rii denaro entro il pros:>imo m ese rii m<iuaio (~3 dicembre 1153)."
Giovanni Scriba I,521,283,279,.NR,sale,Guglielmo Donumdei si costitui.5ce debitore di una somma di denaro verso Guglielmo Trallando per Rainaldo .4. l egr i (5 gennaio
Giovanni Scriba I,522,284,280,1159-01-08,sale,Simone contrae un prestito marittimo con Bongiovanni Ma/figliastro (8 gennaio 1159).
Giovanni Scriba I,523,284,280,1159-01-15,dowry,Fen·ar io Pelle dona a I sabella sua moglie figlia di Otone L ecavelo una somma n omine anlefacti (15 genn a io 1159).
Giovanni Scriba I,524,284,280,1159-02,societas,Guglielmo l' ento e l'illano di Bomano contraggono una societas per affari che Villano farà a suo criterio (febbraio 1159).
Giovanni Scriba I,525,285,281,.NR,dowry,Oberto de vi nca i\faeçana dona al figlio Guglielmo luUo ciò che questi aveva guadagnato in affari di commercio (20 genna io
Giovanni Scriba I,526,286,282,1159-03-15,societas,Ardito e Zacaria coritraggono una so cietas per affari che /acaria svolgerà ove v uole (15 marzo 1159).
Giovanni Scriba I,527,286,282,1159-03-22,other,Claria si obbliga di pagare al 24 maggio 1159 ad .. t nsaldo Doria la somma che questi si era obbligato di pagare ai suoi creditori (22 ma rzo 1159).
Giovanni Scriba I,528,287,283,1159-03-29,sale,Donato prete di S ..4mbrogio vende a 1naest.ro Berardo un edificio della chiesa di S. Ambrogi'o in Genova (29 marzo 1159).
Giovanni Scriba I,529,287,283,1159-03-28,other,"Brun Silvrster vende a ·ubeloto, banc11iere. uno schiavo saraceno di nom e r eirclo (28 marzo 1159)."
Giovanni Scriba I,530,288,284,1159-03-29,sale,Bonaventura Buccadasen e Berla. coniugi. vendono ad Amico di A.lbaro una casa in Genova (29 marzo 1159).
Giovanni Scriba I,531,289,285,1159-03-30,sale,I do Por cello vende ad Ansaldo Doria e a Guglielmo Malocello lutln ciò che possied~ in Com esano (30 marzo 1159).
Giovanni Scriba I,532,289,285,1159-03-31,other,Migdonia contrae con Guglielmo Filardo un. prestito maritti mo (31 marzo 1159)
Giovanni Scriba I,533,290,286,1159-05-24,sale,Ermellina Pape si obbliga di pagare a Vassal lo de port.a una som ma al massimo dopo quindici giorni dal 24 maggio 1159 (15
Giovanni Scriba I,534,291,287,.NR,dowry,"Martino de Bacellis, figlio del fu Pietro dichiara di aver ricevuto la dote di Agnese sua sposa da Oberto di Lamello padre di essa (23 tlprile 1159)."
Giovanni Scriba I,535,291,287,1159-04-25,mutuum,"Belengerio e Matilde , coniugi, contraggono un mutuo con Bongiovarmi Malfigliastro (25 aprile 1159)."
Giovanni Scriba I,536,292,288,1159-05-11,other,Otobono de Vineis si obbliga a certe scadenze di pagare per parte di Guglielmo Usodi mare a Guglielm o Filardo la dote della nipote (11 maggio 1159).
Giovanni Scriba I,537,292,288,1159-05-12,other:quittance,Malovrer manom ette la propria schiava !l lgarda fìglia del fu .4 nse1mo (12 maggio 1159).
Giovanni Scriba I,538,293,289,1159-06-01,sale,Guglielmo Duccadasen e Alda coniugi ve ndono a Bono Giovanni Malfì.gliastro un mulino i1i Sori e cedono i diritti d'acqua r elativi (1 giugno 1159).
Giovanni Scriba I,539,293,289,.NR,mutuum,"Rainaldo 11 legri e Tub e,.ga, coniugi, conlragaono un mutuo con Guglielmo Trallando per l e spese del matrimonio (5 lug lio"
Giovanni Scriba I,540,294,290,1159-07-09,other,"Ugo Embriaco, Rogaio de Jlaraboto e C . ..lr<laino garantiscono a Guglielmo Guerci<> la restituzione della dole costituita per il matrimonio della nipote con Ribaldo. nel caso di scioglimento prima della maggior età di quest'ultimo (9 luglio 1159)."
Giovanni Scriba I,541,295,291,1159-07-09,dowry,Ribaldo cli Gionata costituisce l'a.ntefactum a Vandala sua sposa (9 lug lio 1159).
Giovanni Scriba I,542,295,291,1159-07-15,sea_loan,"Donalo Sca1'pa stipula ll!l prestito mal'itlim o con Bono Giot c11wi 1 Jfalfì.gliaslro per traffici cli""egli svoluerà in Sardegna (15 luglio 1159)."
Giovanni Scriba I,543,295,291,1109-07-17,other,Em briacn stipula m1 m11 lun marillimo con Olone Bono de .4 lbcricis (17 lugl io 1109).
Giovanni Scriba I,544,296,292,.NR,societas,ìHarchese Della Volta e G. Trallando pattuiscono circa i capitali della: propria socielas e i relativ i ulteriol'i impieghi (24 luglio
Giovanni Scriba I,545,296,292,1159-07-28,other,N ubeloto si obbliga di risarcire ad Ansaldo de Ponte ogni danno che gli derivasse dalla vendita. falla di uno schiavo saraceno a Costantinopoli (28 luglio 1159).
Giovanni Scriba I,546,297,293,heading: dichiara di ricevere da cap1•a t,other:quittance,"Fazaben dichiara di ricevere da Cap1•a tutta la parte, capitale e profitto, di Bono Vassallo e gliene rilascia quietanza (28 luglio"
Giovanni Scriba I,547,297,293,1159-07-31,sale,Fulço Di Castello si obbliga di pagare a Ribaldo Bontomma.so una somma all'oliava della prossima Pasqua e Ugo Embriaco e Nicola garantiscono l'obbligazione (31 lug lio 1159).
Giovanni Scriba I,548,298,294,1159-08-01,sale,Oberto figlio del fu. Alberto de Solario v ende a Giovanni Schemino suoi beni in Sestri (1 agosto 1159·1.
Giovanni Scriba I,549,298,294,.NR,other,Giovanni Capello affìtla a Gisla n oarcli per cinque anni un suo podere in Rapallo (lugl!o 11:)9).
Giovanni Scriba I,550,299,295,1159-08-06,societas,Bongiovanni l\falfìgliastro e Rata:ldo stipulano una societas con Pietro Capra per traffici che quest'ultimo svolgerà in Spagna (6 agosto 1159).
Giovanni Scriba I,551,299,295,1159-08-15,sale,Raialardo vende a LorP.nzo la metà di una casa con t erreno in Ce.nova (15 agosto 1159).
Giovanni Scriba I,552,300,296,1159-08-15,dowry,"Pietro Clerico dichiara che, prima di aver avuto figli da Mabilia l'aveva sposata e presa per moglie legittima , quantunque non avesse fallo pubblico ·strumento della dot e e dell'ant efatto, a cui ora provvede (15 agosto 1159)."
Giovanni Scriba I,553,301,297,1159-08-17,sale,"Martino Lecamen dichiara di ricevere da Filippo di Brasile, quale procuratore di Merlone Costacli una somm a a tacitazione dei diritti ereditari della moglie Richelda su immobili siti in Genova e ciò colla garanzia di Sismundo Muscula e Ribaldo di Sarafìa (17 agosto 1159)."
Giovanni Scriba I,554,302,298,1159-08-17,sale,Martino Lecamen e Azolino si rendono garartli verso Sismundo Muscula e Ribaldo di Sarafìa delle obbligazioni da essi assunte nel doc. DL/ll (17 agosto 1159).
Giovanni Scriba I,555,302,298,.NR,other:declaration,Frcdenzon di Soziglia dichiara che la metà della somma ila esso posta nella societas con Odczonc l'acca è di R.ibaldo cli Sarafìa (16 seltembre 1159).
Giovanni Scriba I,556,303,299,1159-09-21,sale,i\faraboto de Vigo si obbliga di pagare a Guglielmo de Langasco il prezzo di una mura (21 settembre 1159).
Giovanni Scriba I,557,303,299,.NR,sale,Amigono si obbliga di pagare a Me rlone Guaraco una somma nella qui ndici na avanti !\'alale (24 settemb.re 1159) .
Giovanni Scriba I,558,304,300,1159-10-03,sale,Guglielmo Guercio vende ad Ansaldo Mu sso la m età di due p ezze di t erra in Predi (3 ottobre 1159).
Giovanni Scriba I,559,305,301,1159-10-07,societas,Baldezone Usodimare e Oberto Lucense çontraggono una societas per traffiçi che Oberto farà in Provenza (_7 ottobre 1159).
Giovanni Scriba I,560,305,301,1159-10-11,dowry,Conte figlio clcl fu Ugone riceve 1a dote della sposa Ad!alasia figlia del fu Pietro Basso e pari somma dà nomine ant.efacti (11 ottobre 1159).
Giovanni Scriba I,561,306,302,1159-10-13,sale,"Parcicapra e Anna, sua madre, si ob bligano di restituire a Ribaldo di Sa.rafia una somma per Guglielmo figlio cli Aclalasia moglie di Parci capra entro otto armi coll'obbligo di provvedere villo e vestito al m edesimo 1pro usufructu (13 ottobre 1159)."
Giovanni Scriba I,562,307,303,1159-10-18,societas,A liadar e Donato di Sari Donato contraggono una sodetas (18 ottobre 1159).
Giovanni Scriba I,563,307,303,.NR,sale,Barleta vende ad Oberto del fu Rupan ego e al figlio di costui Giovanni u.n suo poclere in Sori (19 oHobre 1159).
Giovanni Scriba I,564,308,304,.NR,other:no-term trade capital,C. Fornari stipula una accomandacio con Amico di Cunizone ( 19 oUobre 1159).
Giovanni Scriba I,565,309,305,1159-10-20,dowry,Bongiovanni dichiara di aver ricevuta la dote della moglie Tuladomina (20 ottobre 1159).
Giovanni Scriba I,566,309,305,1159-10-21,other:no-term trade capital,Rolando Simpanlo contrae iina accomandalio con Berlramo di Marino (21 ottobre 1159).
Giovanni Scriba I,567,309,305,1159-10-21,sale,Ogerio Capon vende a Gionata Crispino un terreno in Genova (21 ottobre 1159).
Giovanni Scriba I,568,310,306,1159-10-21,other:quittance,"Siro, arcivescovo di Genova, riduce il canone enfìleutico dovuto da Benen.casa. per la concessione di terre in Sa.mpierdm·e1w (21 ottobre 1159)."
Giovanni Scriba I,569,312,308,.NR,dowry,Guglielmo figlio di Merlone Gambeta costituisce 1' ant·efaclum alla sposa Paisa e dichiara di averne ricevuta la dote (21 ottobre
Giovanni Scriba I,570,312,308,1159-10-24,other,"Amorosio dichiara di avere denaro di proprietà della sorella Richelda sposa di Lanfranco, suo cognato (24 ottobre 1159""."
Giovanni Scriba I,571,313,309,1159-10-24,dowry,Lanfranco da Recco costiluisce l'antefàctum alla sua sposa Richelda (24 ottobre 1159).
Giovanni Scriba I,572,313,309,1159-10-28,dowry,"r;;mwla Usodimare costituisce l'ant,efactum alla sposa Druda figlia <li Ugezon e dc vineis (28 ottobre 1159)."
Giovanni Scriba I,573,314,310,.NR,mutuum,Il prete Otone contrae un mutuo per la sua chiesa con Adalasia Donumdei rappresentata da Guglielmo Stancone (29 ottobre
Giovanni Scriba I,574,314,310,1159-10-29,sale,Cara del fu Martino di Mauro si riconosce debitrice di l ngone JYocenzio per il prezzo di una quantità di pepe da lui acquistata (29 ottobre 1159).
Giovanni Scriba I,575,315,311,1159-11-02,societas,"Guglielmo Filardo e Ugozie .~1allone contraggono U!1a societas per traffici che il fì.glio di Ugone, Ribaldo, farà. in dive1·si ltwghi e oltremare (2 novembre 1159)."
Giovanni Scriba I,576,316,312,.NR,other,Oberto Tremesen dichia ra cli aver avulo dalla m oglie B<'nencasa un a certa somnw. e ad essa coslilu isce l 'a ntefactum (2 novem -
Giovanni Scriba I,577,316,312,1159-11-01,sale,",1migono dc r11rio e Cara, coniugi, vendono a Gugliflmo l""cnto im l C/'/""(' /l O al Ri.~agnn c:1 n ovembre 1159)."
Giovanni Scriba I,578,317,313,1159-11,sale,"S e rvu sr11'11.~, Bertolnln e 1·assoll n 8Ì obbliuw111 a "" cr1 k iHC 11 la 1w1·r di Sn /i111an11. G11olielmnllo (. irinlo e .1f11sw Roiac/1esio (-! n ovemhre 1159)."
Giovanni Scriba I,579,319,315,1159-11-04,dowry,Bono Vassallo Usodimare costituisce l'aµtefactum ad Ad'alasia figlia di Ugezone (4 novembre 1159).
Giovanni Scriba I,580,319,315,1159-11-05,other,llicino de Cibilis si obbliga di dare a Bongiovcmni Malfi.gliastro una somma all'ottava della prossima Pasqua (5 novembre 1159).
Giovanni Scriba I,581,319,315,1159-11-01,dowry,.Berardo dichiara cli aver ricevuto de patrimonio della m oglie Bonadoniina la somma di libre quattro e costituisce l'antcfactum in. libre clae (1 novembre 1159).
Giovanni Scriba I,582,320,316,1159-11-08,dowry,"l.anfranco Di Castello costituisce /""antefaclum alla m oglie Adalasia figlia di Ugone Mallone (8 novembre 1159)."
Giovanni Scriba I,583,320,316,.NR,sale,
Giovanni Scriba I,584,321,317,.NR,other,"!clone e Antiochia, çoniugi, si impegna.no di pf1gare a Gisla del fu Amico una somma entro la prossima PaBqua (16 novembre"
Giovanni Scriba I,585,321,317,1159-11-16,sale,A m ico di Cm1izrme vende a Lamberto Guercio per libre ventitre una terra in Ne rv i (16 novembre 1159).
Giovanni Scriba I,586,322,318,1159-11-16,sale,"f,amberto Guercio si obbliga di pagare ad Amico di Cunizone libre ventill'e, prezzo della terra venduta col do c. DLXXXT (16 novembre 1159)."
Giovanni Scriba I,587,322,318,1159-11-16,sale,Bongiovanni Malfigliastro vende a Boniza di Ncgrun un podere in Celagna (16 novembre 1159).
Giovanni Scriba I,588,323,319,1159-11-13,sale,Albertono Ricio contrae un prestito marittimo con lngone Nocenzio (13 novembre 1159).
Giovanni Scriba I,589,323,319,1159-11-15,dowry,"Girardo Scarsella si riconosce debitore verso ldone de Reca di una somma dovuta a Roasa, moglie di questi , e costituente la sua dote (15 novembre 1159)."
Giovanni Scriba I,590,324,320,1159-12-15,dowry,"Idone de R ica dichiara di av er ri.cev ttlo la do te della m oglie Roa.sa in sessaJ1la fib re, in esse compreso il credit o di cu i al doc. DLXX:\ TX. (15 dicem bre 1159)."
Giovanni Scriba I,591,324,320,1159-12-20,mutuum,"Il v iscon te Bonifario si obbliga a re.~ lìt itire all""utlav a della prossima. Pasqua ww somma ricevuta a mutuo da Bon o Ciovanni Jfalfi glioslro (20 d icemhre 1159)."
Giovanni Scriba I,592,325,321,1159-12-24,sale,Balduino Ingelfredi e Druda vendono ad Astorio un terreno con edificio in Genova (24 dicembre 1159).
Giovanni Scriba I,593,326,322,1159-12-24,sale,Balduino Jn gelfredi di.chiara di aver ricevuto una somma de patr im onio da Druda e le dona terra e den aro (24 dicembre 1159).
Giovanni Scriba I,594,326,322,1159-12-27,sale,Oberto Guaraco vende ad Ogerio scriba un t erreno presso la chiesa di S. Lorenzo (27 dicembre 1159).
Giovanni Scriba I,595,327,323,1160-06-01,sale,"Oaerio scriba si obbliga a pagare ad Oberto Cuaraco una somma, melèi in pepe e metà in denaro al 2l1 giugno 1160 (27 dicembre"
Giovanni Scriba I,596,328,324,1159-12-29,other,"Tanto si obbliga di paga,.e a Lanfran co de A lbericis e Ansaldo Cigale quanto questi dovessero pagare per la m alleveria prestata in suo favore per w1 cr edilo delle sue sorelle. da lui riscosso (29 d icembre 1159)."
Giovanni Scriba I,597,328,324,1160-01-02,sale,Bono Vassallo de advoca1o contrae un p1·eslito nial'itlimo con Giordano Gisulfi (2 gennaio 1160).
Giovanni Scriba I,598,329,325,.NR,other:testament,"Pietro lombardo fa il suo testamento (3 ge,nnaio 1160)."
Giovanni Scriba I,599,329,325,1160-01-12,other:no-term trade capital,"Bono Vassallo de Mastaro, Oberto Spinola e Giordano di Gisu.l fo contraggono una acco~nandacio per traffici che quest'ultimo farà a Bu.gia (12 gennaio 1160)."
Giovanni Scriba I,600,330,326,1161-01-13,other:lease/hire,G. fì.glio di Ribaldo di Bogliasco affitta per vent'ann i tutto quanto possiede in Cessalego a Ogerio de Guidon e (13 gennaio 1161>).
Giovanni Scriba I,601,330,326,1160-01-14,other:quittance,l ngone Della Volta fa quietanza a ldon e Contardo di tutto quanto questo gli deve in forza di sentenza (14 gennaio 1160).
Giovanni Scriba I,602,330,326,1160-06,other,Ansaldo Sardena si obbliga di consegnare a Guglielmo 1'ento ottocento « plan ce i> al ponte di Lavauna al 1° giugno 1160 ( lG
Giovanni Scriba I,603,331,327,.NR,societas,
Giovanni Scriba I,604,331,327,.NR,societas,
Giovanni Scriba I,605,331,327,1160-01-11,other,Baldone Scarso fa il suo testamen to (11 gennaio 1160).
Giovanni Scriba I,606,332,328,1160-01-18,societas,Guglielmo Filardo e Ugone i\lallone cont1·aggono una societas per traffici che il figlio di Ugone farà oltrema1·e e altrove (18 gen n aio 1160).
Giovanni Scriba I,607,333,329,.NR,other:no-term trade capital,
Giovanni Scriba I,608,334,330,.NR,dowry,
Giovanni Scriba I,609,335,331,1160-01-30,other,Guido Respeclum de bono conll'ac una accomandacio con. Bono Giovanni Malfìgliastro (30 gen naio 1160).
Giovanni Scriba I,610,335,331,1160-02-16,other,Embrone contrae con Marchese Della Volla un prestito marittimo (16 febb raio 1160).
Giovanni Scriba I,611,336,332,1160-02-17,other:no-term trade capital,Maniaricio stipula una accoma ndacio con Guglielmo Filardo (17 febbraio 1160).
Giovanni Scriba I,612,336,332,1160-02-20,societas,",J nsalrio Doria stipula una societas con Martino De Mari w 1~ trcrffìci in Sarcle:_gna (20 febbraio 1160)."
Giovanni Scriba I,613,337,333,1160-02-29,other,Prosperio de Fimerri e Vivaldo di Carpeneto vendorio una pezza di terra in Belegina a Merlone Guaraco (29 febbraio 1160).
Giovanni Scriba I,614,337,333,1160-03-02,other,Martino Abofa si obbliga di pa.gare ad Ansaldo Doria una somma al 24 giugno 1160 (2 marzo 1160).
Giovanni Scriba I,615,337,333,1160-03-09,sea_loan,Bisacia stipula un prestito marittimo COJ1. March ese Della llolta (9 marzo 1160).
Giovanni Scriba I,616,338,334,1160-03-12,sale,Lombardo cli Santo Egidio si obbliga cli pagare a Blan carclo una somma di de naro al 1° agosto 1160 (12 ma rzo 1160).
Giovanni Scriba I,617,339,335,1160-03-13,societas,losseramis e Giovanni Zul.labulla contraggono u.na societas per traffi ci che Giovanni farà in Spagna (13 marzo 1160:: .
Giovanni Scriba I,618,339,335,1160-03-19,other:no-term trade capital,Fornari con.trae un. prestito marittimo con Furno Bartolomeo (19 marzo 1160).
Giovanni Scriba I,619,339,335,.NR,societas,Josseramis de mari e ]fono Giovann.i Sagonnense contraggono mm· soc ietas per traffici che Bono Giovanni fal'à in Sa.rdeg11a (21 marzo ll60).
Giovanni Scriba I,620,340,336,1160-03-21,societas,"Bon Lorenzo di San Lorenzo, Oberto Balbo di S ori e Oberto Marrapan contraggono una societa per affari che Oberto J\larrapan farà i!l Sardegna (21 m a rzo 1160) ."
Giovanni Scriba I,621,340,336,1160-03-03,sale,A n.selmo Buferio e Porcella coniugi 'Vendono ai. fral elli Pietro e Martin o un terreno in Gen 01Ja (2.3 marzo 1160).
Giovanni Scriba I,622,341,337,.NR,sale,"Giuliana di Bonofan.cello s,i obbliga di restituire a Bono Giovanni Malfìgliastro una somm!a di denaro entro il prossimo maggio (1 aiprile 1160)."
Giovanni Scriba I,623,342,338,.NR,dowry,"R olando Alch erii cosliluisce l""an tefactum sui p,.opri beni alla moglie rl gnese cli Lanfranco Molle (3 àprile 1160)."
Giovanni Scriba I,624,342,338,.NR,societas,"Bono Giovanni Malfì.gliastro e Enrico Cagina conl1•aggon o una socielas per affari che il secondo far(t in Spagna, (5 aprile U GO' ."
Giovanni Scriba I,625,343,339,1160-04-07,societas,Eliaclar e Bono l'assallo Cigala contraggono · una societas per affari che Bono Vassallo farà in Spagna (7 aprile 1160).
Giovanni Scriba I,626,344,340,1160-04-07,societas,Giordano di Michele e A lberto giudice con t raggon o una socielas per affari che A lberto svolgerà in Sp agna (7 aprile 1160).
Giovanni Scriba I,627,344,340,.NR,other,"G . Du rone dich iarn che la metà di ana som ma data a Guglielmo Piperale e.r a di Rufin o con te cli Lavagna (8 a,p.rile 1160)."
Giovanni Scriba I,628,345,341,1160-04-08,other,"Gualterio Aquabelle dona a Guglielmo, suo fìglio emancipato, una somma cli denaro (8 aprile 1160)."
Giovanni Scriba I,629,345,341,1160-04-12,cambium,Iacopo di Pinasca vende a Bertololo de campo un podere in villa de Basali (12 aprile 1160).
Giovanni Scriba I,630,346,342,1160-04-17,societas,"Rainaldo A lbizol a e Lanfran co Maniavacca contraggono 1.ma socie tas, pe,. traf.ft ci elle L anfranco farà in Spagna ( 17 a prile 1160)."
Giovanni Scriba I,631,347,343,1160-04-19,other,"Paolo de Bondon o e T abaria, coniugi, fanno quietanza di una somma ricevuta da Me rlon e Guaraco (19 aprile 1160)."
Giovanni Scriba I,632,347,343,1160-04-19,other,A Tda del fu A mico don a una som ma ad A n saldo e Oberto Spin ola (19 aprile 1160).
Giovanni Scriba I,633,348,344,1160-04-21,other,Eriberto da Rapallo dona al figlio Guglielmo emancipai.o tutte le cose che egli detiene (21 aprile 1160: .
Giovanni Scriba I,634,348,344,.NR,dowry,"Eriberfo da Rapallo dona al figlio Giovanni cma.ncipato tutte le cose che egli detien e (21 a,prile 1160)."
Giovanni Scriba I,635,348,344,1160-04-21,other,Eriberto da Rapallo dona al figlio l'ivaldo eman cipalo tulle le cose che egli d ctirn e ( 21 aprile 1160).
Giovanni Scriba I,636,348,344,1160-04-21,sale,"Guglielmo, Giouanni e Vivaldo, in relazion e ai doc . D CXXX /ll. DCXXX V prom ettono di provvedere al padre Eriberto vitto e vestito vita natural durante (21 aprile 1160)."
Giovanni Scriba I,637,349,345,.NR,mutuum,ln gon e banchiere prende a mul ito una somma da Puella (22 aprile
Giovanni Scriba I,638,349,345,.NR,other,Ogerio de Turs contrae una accomandacio cori. Blancardo per traffici a Palermo e in Sicilia (21 aiprile 1160\
Giovanni Scriba I,639,350,346,1160-05-08,societas,Blancardo e Bono Giovanni Lercari contrag gono una societas per traffici che Bono Giovann i farà a Bugia (8 maggio 1160).
Giovanni Scriba I,640,350,346,1160-04-23,other:quittance,losseramis fa quietanza a Guglielmo Fornal'i di una somma che aveva con lui posta in societalem (23 aprile 1160) .
Giovanni Scriba I,641,351,347,1160-04-24,sale,Supplizio di l'erdun e T ebaldo contraggono un prestito m arittimo con Blancardo (24 aprile 1160).
Giovanni Scriba I,642,351,347,1160-04-01,other,Paolo di Boridono fa quietanza alla moglie Tabaria di una somma ricevuta (2-1 aprile 1160).
Giovanni Scriba I,643,351,347,1160-04-24,societas,.Braidem.o e Tealclo contraggono tma societ.ns per traffici ch e Tealdo farà a Bugia (24 aprile 1160).
Giovanni Scriba I,644,352,348,1160-04-26,other,Merloni:! da Cclasco rìnunçìa a favore dei figli emancipati Galota e l\faraboto ogni diritto di usu.frutlo che h a sulle cose cli essi e dona ai medesimi lutto ciò ch e possiede sotto condizione di. certe p restazioni che specifica (26 a prile 1160).
Giovanni Scriba I,645,352,348,1160-04-26,other,"Gaiota e Marabot.o, fio1i emancipati cli Merl o1l<' da Celasco , in rela-zion e al doc. DCX LIV si impegnano a quar to il padre aveva stabilito (26 aprile 1160)."
Giovanni Scriba I,646,353,349,.NR,sale,"lngone banchiere dichiara di aver ricevuto dal prete Guglielmo di langasco una somma, che renderà entro u n anno (26 aprile"
Giovanni Scriba I,647,353,349,.NR,other:testament,
Giovanni Scriba I,648,354,350,1160-04-29,societas,Blancardo e Puella contraggono una societas per aff ari ch e P uella farà in Sarde gna (29 aprile 1160).
Giovanni Scriba I,649,354,350,1160-04-30,societas,.4 n/osso Nata col consenso del padre Guglielmo contrae u na acco mandac io con Blan<'ardo per t raffìci che farà in S icilia e in. Alessand ria (30 apr ile 1160).
Giovanni Scriba I,650,355,351,1160-04-30,societas,Bertoloto e Azario contraggono una societas per affari che Azari<> svolgerà a suo criterio (30 aprile 1160).
Giovanni Scriba I,651,355,351,1160-05-01,societas,.4 lla societa di cui al doc. DCXL lllll Blancardo e Puella aggiungono altri capitali (1 m aggio 1160).
Giovanni Scriba I,652,355,351,1160-05-03,dowry,Medo Gum·a<'o dic11iara alla moglie Drurla di aver da lei ricevuta lib1·e venticinr1ue de exlradotihus (3 maggio 1160).
Giovanni Scriba I,653,356,352,1160-05-01,other:quittance,· Guglielmo Scarsaria e A dalasia dichiara.no di aver ricevuto somme da Oberto Bonaventura della societas contratta con esso (1 maggio 1160).
Giovanni Scriba I,654,356,352,.NR,societas,Oliverio Nivetella e Giovanni Zirbino contraggono una societas per affari che quest'ultimo fm·à a Palermo ed in Sicilia (12 maggio
Giovanni Scriba I,655,356,352,.NR,societas,Oliv iero Nivetella e Oliviero da Recco contraggono una societas per affari che quest'ultimo farà a Palermo e in Sicilia ( 12 m aggio
Giovanni Scriba I,656,357,353,.NR,societas,Oliviero Nivelella e Oliviero Fe1·relo contraggono una societas per affari che il secondo farà a Pale1·mo e in Sicilia (12 maggio
Giovanni Scriba I,657,357,353,.NR,societas,Ci0rdano di Mich ele e Giordano di Bellesenda con.traggono una societas per affari che il secondo farà a suo criterio (13 m àggio 1160 ·.
Giovanni Scriba I,658,358,354,1160-05-03,sea_loan,Solimano da SC1lcmo slizmla un prestito mari/limo con .-1 lessan. dro iYos cllo (1=3 maggio 1160).
Giovanni Scriba I,659,358,354,1160-05-01,other:quittance,La chiesa di San GinMnni di Pat·aronr> dit·icl e alcuni m olini con coniugi Genoor<lo cli Oc/011<' e ..t mbra (1-1 m aggio 1160).
Giovanni Scriba I,660,360,356,1160-05,other:declaration,Giordano di Mich ele acconsenle ch e Giorcl'an o di Bellesencla p orti oltre la societas cli cui al doc. DCLVII una p1'opria sommcn (li) maggio 1160 !.
Giovanni Scriba I,661,360,356,1160-05,sale,Bussato crmll'ae con .4 1essan clro Nasello un. prestito marittim o (16 :maggio 1160).
Giovanni Scriba I,662,361,357,1160-05-16,dowry,Elione dichiara di Ol'l'I' ricevuto la dole della m ogli e Richclcla (16 m aggio 1160).
Giovanni Scriba I,663,361,357,1160-05-18,other,"Bnno Giot•anni Tin ra r . 1dal asia. coniHgi. f; j obbligano di pa.ga,.c una somma a Gnr;lidmo Buronc ( 18 maggio 1160)."
Giovanni Scriba I,664,362,358,1160-05-25,other,Ribaldo Pelacan riceve m erci da Blancardo cli e a 1·ischio di esso port erà a Pisa . ditiiclenclone il p rofitto (25 m aggio 1160).
Giovanni Scriba I,665,362,358,1160-05-25,sea_loan,Vi cin o cli Cibile contrae un preslitn ma.ritlimo con Bon o Giovanni Malfìg liasfro ('25 m aggio 1160).
Giovanni Scriba I,666,362,358,.NR,sea_loan,Risacia contrae rr>n l dalardf> de r11 ria un p re~titn m ari/lim o (26 m nggio 1160).
Giovanni Scriba I,667,364,360,1160-06-01,other,Lanfranco Bacem o per se e per il fratello Gandolfo rinu ncia ogni stw dirillo in favore di .4 lbcrico sulle proprietà della sua t o r1·e sul m are (1 g iug no 1160).
Giovanni Scriba I,668,365,361,.NR,other,
Giovanni Scriba I,669,365,361,heading: 2 g iug 110 l,societas,"lfarc11cse Della l 'olta e .lf1w;o Scal::avegia co11fraggo 110 una socielas traffici che il .~crondo farcì in Romania, in Cennva e in ('Cl' Alessandria (2 g iug 110 ll60 '."
Giovanni Scriba I,670,366,362,.NR,other,
Giovanni Scriba I,671,366,362,1160-06-02,other,"Belfort fì.glio del fu l' assallo Segncr vende al prete Rolando, priore della chiesa di San Giovanni di Pavar'fl.n o una parte dcl Mulino de Prato (2 g iugno 1160\."
Giovanni Scriba I,672,367,363,1160-06-02,sale,Filippo di Lamberto e Rocloano di 1\!Jauro si rendono garanti verso G. Cavarunco di ogni danno che a lui derivasse per la vendita di una terra fatta per loro conto (2 giugno 1160).
Giovanni Scriba I,673,367,363,.NR,societas,"Guidoto figlio di Guglielmo di lJonobcllo crmfrae una accomandatio con Guglielmo Buronc, Simone Doria e Guglielmo Della Volta (3 gh1gno 1160)."
Giovanni Scriba I,674,368,364,.NR,societas,
Giovanni Scriba I,675,368,364,.NR,other,
Giovanni Scriba I,676,369,365,1160-06-08,sale,En rico Guercio stipula con Gisla del f u Cuiscal'do di Guai a un prestito m aritlim o (8 g iug no 1160).
Giovanni Scriba I,677,370,366,1160-06-09,dowry,Guiscardo vende od Ismaele di Pal112zolo una terra in Comogli della dote cli sua moglie Bealrice (9 giugno 1160 .
Giovanni Scriba I,678,371,367,1160-06-09,societas,"Blan.cardo e Ospinello contraggono una socie<as pe,. traffici che il secondo farà iri Sicilia (9 g iug n o 1160)."
Giovanni Scriba I,679,371,367,1160-06-15,societas,Blancardo e Ribaldo Pdacan contraggo11 0 una socielas pc1· traffici c11e Rilrnlclo st•olgercì a su0 critc1·io (15 g iugno 1160).
Giovanni Scriba I,680,371,367,1160-06-23,societas,"Rilrnldo di Sarafìa e Gio1,a1111i G1·a11cio contragg01rn ana socielas pel' traffici che il secondo svoloerà quo vel il (23 gi ug no 1160)."
Giovanni Scriba I,681,372,368,.NR,societas,"·Oberto Spin ola e G. di .\ledeoli co con traggono una soc ietas pc1· affari e/i(' il S('COnrlo svolgerà (jUO veli !, portando anche in accoman dacion em mucc di Giordano di Gisulfo (26 g iuf!nO 1160) ."
Giovanni Scriba I,682,372,368,.NR,sale,Tl [> 1'('/ e Alessio vende a Martino di Il a una parte di una pezza di l el'l'a in $('stri P on('n /(' (28 p-iugno 1160).
Giovanni Scriba I,683,373,369,.NR,dowry,"Guidone, aguzzino, si obbliga a pagare ad Oberto Spinola u.na somma che il medesimo avevagli data per la dote della figlia Gandulfa Galula (28 giugno UGO)."
Giovanni Scriba I,684,373,369,1160-07-02,sale,Ansaldo Colias e G. Pozese ven.do!io ad Ansaldo Doria una pezza di terra in Sampierdarena (2 luglio 1160).
Giovanni Scriba I,685,374,370,1160-07-02,other,Oto Ben::cl'ro fa quilan::a a Olone giudice di una somma cli c il m edesim o gli doveva per Piclro Golia (2 lug lio 1160.
Giovanni Scriba I,686,374,370,.NR,other,
Giovanni Scriba I,687,375,371,1160-07-05,societas,gono una societas per traffici che il secondo svolgerà in Sicilia (5 luglio 1160).
Giovanni Scriba I,688,375,371,1160-07-06,mutuum,Obrrto Brusedo dorw alla sposa. Adalasia una som ma propter nuplias e dichiara di aver ricevuto 1a dote (6 lug lio 1160).
Giovanni Scriba I,689,376,372,1160-07-08,sale,Merlone Lucense stipula un prestito mariti.imo con Ribaldo di Sa.rafia (8 luglio 1160).
Giovanni Scriba I,690,377,373,heading: dichiarano cli 1wer r,sale,"r:. Papa e E1·me1lina con iugi , dichiarano cli 1wer r·icevuto una partita di pepe, ch e pagheranno o resliluil'anno in natura a Natale prossimo (8 lu;:dio 1160)."
Giovanni Scriba I,691,378,374,1160-07-09,cambium,"Pica.miglio prom ette a Guglielmo Bu.rorie di pagare umv certa somma, se la casa dotale concessa alla figlia sposa al fratello, sarà venduta o permutala (9 lug lio 1160) ."
Giovanni Scriba I,692,378,374,1160-07-09,societas,Raimnndo banc11iere e Olive1·io de mari çon lragç1on o una soc ielas per traffici ch e Raim ondo farà quo velit JJOl'lando altri clenari proprii ed altrui (9 lug lio 1160).
Giovanni Scriba I,693,379,375,1160-07-11,societas,Oberto Spinola e G. Oculas piscis contraggono uria societas per traffici che il secondo fal'à in diversi luoghi ( 11 luglio 1160) .
Giovanni Scriba I,694,379,375,1160-07-13,sale,Merlone Cuaraco si ()bb liga di pagare a Ugone · de baln eo una somma al ritorno di una nave dalla Spagna al p01'lo di Genova ( 13 luglio 1160).
Giovanni Scriba I,695,380,376,1160-07-13,dowry,"Ogerio Porco cede in pagam ento di m erci al cognalo Gandolfo il c1·edito portalo da senle!iza, che ha verso Venia, moglie di Oberto Conca (13 luglio 1160)."
Giovanni Scriba I,696,380,376,1160-07-14,sale,"Enrico de Solario, astese, si obbliga di pagare a Idone Mallon e una somma al prossimo agosto (14 luglio 1160)."
Giovanni Scriba I,697,380,376,1160-07-14,other,Ribaldo Benedetti si obbliga di pagare a carnevale p1·ossimo tma somma di denaro a l done !\tallone per merce ricevuta (14 luglio 1160).
Giovanni Scriba I,698,381,377,1160-07-16,societas,"Merlone Cuaraco e Rola,Wo Ribaldi contraggono una socielas per traffici che il secondo svolgerà ad Alessandria (16 luglio 1160)."
Giovanni Scriba I,699,381,377,1160-07-20,sea_loan,Ribaldo de mari contrae un prestito marittimo con Giovanni Auterio (20 luglio 1160).
Giovanni Scriba I,700,382,378,1160-07-20,other,R ibaldo de m ari dichia ra elle col suo con senso il fi glio Rolan do contrae il prestito marilti m o di cui al doc. DCXC LX ('20 lug lio 1160) .
Giovanni Scriba I,701,382,378,1160-07-20,other:quittance,"Ansaldo .'1allnn riceve da Soliman o la dote drlla nrw ra Alda e costitu isce I 'an lefactum (20 lug lio 1160""."
Giovanni Scriba I,702,383,379,1160-07-17,sea_loan,Solimano dichiara di essere da un armo debitore di Marchese Castagnci di una somma ricevuta a prestito marittimo (17 luglio 1160).
Giovanni Scriba I,703,383,379,.NR,sale,Cesarea moglie d<.'l fu Guglielmo Loire e Oliviero de insulis ven· dono una terra a Telone Contardo (2~~ lug-lio 1160).
Giovanni Scriba I,704,384,380,1160-07-27,other,Guidolo Ile dona ad Anna figlia di R aimondo Capellano una somma a titolo di antefactum (27 lug lio 1160).
Giovanni Scriba I,705,384,380,heading: otto ciriolo e cgone elie contrr1ggono,societas,"Burone, Tdone ì\lallone, Guglielm otto Ciriolo e Cgone Elie contrr1ggono una accomandacio per traffi ci in A lessandria (28 h1 ~di o 1160)."
Giovanni Scriba I,706,384,380,.NR,sale,Matilò<' òel fu C. l{/iner io si <>l>blig a di pagar e ad .t ndrea d<' TnfanlHms ima sommo al prossimo N<rlale ron tro u n quantitat iv o di pepe ch e dir hiora di mrnr rice1ml o (30 lng-li o 1160).
Giovanni Scriba I,707,385,381,.NR,sale,"Oto Ittda e Oza, coniugi, e G. di Oza e Richefda, coniu.gi, vendono a Idon e Pulpario una terra con edificio in Palazzolo (2 ago-"
Giovanni Scriba I,708,386,382,1160-08-03,mutuum,Bono llassa11n Aulferico contrae un prestito marittimo con March ese di Caffara (3 agosto 1160).
Giovanni Scriba I,709,387,383,.NR,other,
Giovanni Scriba I,710,387,383,1160-08-04,other,"Rainaldo di (;oronata. clona a Bonfante e Gandolfo, suoi fìgli emancipali, alcuni poderi 1·itenen.done l'usufrutto (4 agosto 1160)."
Giovanni Scriba I,711,388,384,1160-08-05,mutuum,Pantaleo Morto di sete contra.e un mutuo col suocero Lamberto (5 agosto 1160).
Giovanni Scriba I,712,388,384,1160-08-07,other,Fulcone Di Castello dona a Lanfranco di Alberico e alla su.a figlia Anna una somma di denaro in relazion e al matrim-0nio della donnai con il fratello .4 nselmo (7 agosto 1160).
Giovanni Scriba I,713,389,385,1160-08-07,sale,"Rolando avvocato e Sardo, padre e figlio, vendono ad Ansaldo Doria e Guglielmo Malocello un terreno in Genova (7 agosto 1160)."
Giovanni Scriba I,714,390,386,1160-08-09,dowry,"I fratelli Lamberto Grillo e Alberto e Ribaldo Bara11 ti110 diçhiarano di ave1· avuto da Guglielmo Venlo la rlole della figlia del fu Ugone Guaraco , sposa a Ptilpario (9 agosto 1160 ."
Giovanni Scriba I,715,390,386,.NR,dowry,"r.ng lielmo di f,(l'<'ifrt did1iora di avc1· ricevuto daT mor·i>r o la doli> riPl/(l mnulie Fforimn n l <' e l e rn.~tiluisa l ' antefarlum (11 flf!Osto 1160)."
Giovanni Scriba I,716,391,387,1160-08-15,other,Filippo di Lamberto e Guglielmo Buferio arbitrano la. confroversia esistente tra Oliverio Nivetella e Giordano Bu.cca per la comunione di un muro (15 agosto 1160).
Giovanni Scriba I,717,392,388,1160-08-16,sale,Guglielmo Malocello dona ad Ansaldo Doria tutte l e r agioni ed azioni che ha sulla terl'a acquistata da A dvocato e dal figlio suo (16 agosto 1160).
Giovanni Scriba I,718,392,388,.NR,sale,
Giovanni Scriba I,719,392,388,1161-08,sale,G. visconte e Anna coniugi si riconoscono debitori ver so Gualielmo Vento di una somma che pagheranno al 1° agosto 1161 ( 17
Giovanni Scriba I,720,393,389,1160-08,other,Baldone Pulpo e Donisis coniugi si riconoscono debit.ori di una somma che pagheranno fra un armo ( 1i agosto 1160).
Giovanni Scriba I,721,393,389,.NR,societas,"G. Vento, Gu.glielmo visconte e Baldnne Painello contraggono una societas pe,. affari che si svolr.:eranno ad Ale,;.~anrlria (18 ago-"
Giovanni Scriba I,722,394,390,1160-08-18,other:declaration,Baldone Pulpo e Gu glielm o l'enlo pren dono accordi circa un carico di sale di cui n ella ocietas del doc. DCCX X I (18 agosto 1160).
Giovanni Scriba I,723,394,390,.NR,dowry,
Giovanni Scriba I,724,394,390,1160-08-19,sea_loan,(; an doTfo di Gofi zo ne sf ipttla con Pu~ lla un p r estito m arittimo (19 agosto 1160) .
Giovanni Scriba I,725,395,391,.NR,other,Gandolfo cli Colizone stipula con Puella un prestito m arittimo alle .~ t esse 1·0nd izio11i del prcce<l·en te alt0 n. DCCXI V (19 agoslo
Giovanni Scriba I,726,395,391,.NR,other:no-term trade capital,Sorleone coonal n d i Gualielm o da Pavia stipula una accomendacio con i fratell i Raimondo e Blancardo (19 agosl-0 1160).
Giovanni Scriba I,727,396,392,1160-08-19,societas,Agnese e Grisia stipulan o con Rogerio una societas (19 agosto 1160).
Giovanni Scriba I,728,396,392,1160-08-19,other,Ponçio Ru beo e Du rando d e Blan caria stipulano una societas con Raimorido e Blan cardo per la gest ion e d i una bottega in Gen ova (19 agosto 1160r
Giovanni Scriba I,729,397,393,1160-08-20,sale,Guglielmo Ciriolo vende ai coniugi Zm·ra e Pasquale Elie una terra nella pieve di San Cip1·iano (20 agosto 1160).
Giovanni Scriba I,730,397,393,1160-08-20,dowry,Durando del fu . . . . . . costituisce l'antefactum alla sposa Alda figlia del fu Guglielmo Russo (20 agosto 1160).
Giovanni Scriba I,731,398,394,1160-08-21,sale,.·J gnese di Dattilo vende ad Elione suo genero una casa con lor!·e in Genova (21 agosto 1160) .
Giovanni Scriba I,732,398,394,1160-08-21,sale,Elione si riconosce debitore verso Ag nese sua suocera di una somma che si obbliga di pagare entro un anno (21 agosto 1160).
Giovanni Scriba I,733,399,395,1160-08-22,societas,Eliadar e Domenico stipulano una socielas pe r traffici rhe il secondo svolgerà in Sicilia (22 agosto 1160).
Giovanni Scriba I,734,399,395,.NR,cambium,"Rndnano de Mauro e Bonifacio, fratelli. p erm ulann ditie rsi appC'zzamenli di fer ra (22 ag-oslo 1160)."
Giovanni Scriba I,735,400,396,1160-08-23,other,r:azag11cn·a concede acl Oberto Vsodim·are e Baldezone Olone l'amministra=ione ddl ·eredità lasciala dal f ratcllo Lambe1'ir> al nipol<' Coneta (23 agosto 1160).
Giovanni Scriba I,736,401,397,1160-08-25,other:quittance,"Guidoto Ite dichiara di aver ricevuto da Raimondo capella1io la dote di Anna, sua nuora (25 agosto 1160)."
Giovanni Scriba I,737,401,397,heading: 28 agosto 11.60),sale,Stefania fig lia del fu. l'assai/o di Pasia vende a Guglielmo Ma/ocello una terra in Sestri (28 agosto 11.60).
Giovanni Scriba I,738,402,398,1160-08-26,societas,Jngone D ell a l'olfa e Ingone Socenzio stipula.n o ima socie1ai; per traffi ci 11 ltramare (26 agosto 1160).
Giovanni Scriba I,739,403,399,1160-08-26,societas,"Jngone Della Vol ta e Guglielmo su.o fi,glio stipu lano una societas con Gioele di Bonico (26 agosto 1160)."
Giovanni Scriba I,740,403,399,.NR,other:no-term trade capital,Hnlr1r::orl<' Clsodimnre <' Ohrrfn Lucen~e rn nlraggcmn 11na sorietas (26 ap-o!'\lo 116m.
Giovanni Scriba I,741,404,400,1160-08-26,societas,Ingone Della l'olla e Opizone di Amico Clerico contraggono una societas (26 agosto 1160).
Giovanni Scriba I,742,404,400,1161-08-27,other:quittance,Rogerio Golia dichiara di aver ricevuto una somma del patrim oni<:> della m.oolie Matilde (27 agos to 1161)).
Giovanni Scriba I,743,405,401,1160-08-27,dowry,"Ansaldo Missatico dichiara di aver una somma della dote della propria moglie , oltre ciò che risultava da precederite documento (27 agosto 1160)."
Giovanni Scriba I,744,405,401,.NR,societas,Iosseramis e Vassallo de Faxol contraggono una societas (27 agosto
Giovanni Scriba I,745,405,401,1160-08-27,societas,Iosseramis e Vassallo figlio di Sibilia de Faxol contraggono una societas (27 agosto 1160).
Giovanni Scriba I,746,406,402,1160-08-27,other:lease/hire,"l ngone Nocenzio e Opizone di Amico Cle1·ico convengono circa d,iversi rapporti d'affari tra essi esistenti (27 agosto 1160)."
Giovanni Scriba I,747,406,402,1160-08-27,accomendatio,Opizon e contrae una corQmendacio con Otone giudice Di Castello (27 agosto 1160).
Giovanni Scriba I,748,406,402,1160-08-27,sale,"Gisla, figlia del fu Guglielmo di Rapallo, Carenzorie sua figlia e Bonifacio mairito di costei vendono a Giovanni Busca una casa in Genova (27 agosto 1160)."
Giovanni Scriba I,749,407,403,.NR,societas,
Giovanni Scriba I,750,407,403,1160-08-07,societas,Giordano di Michele e Guglielmo Cmseto con.trnggono una societas per affari che il secondo svolgerà. quo velit (2.7 agosto 1160).
Giovanni Scriba I,751,408,404,1160-08-27,societas,!?!baldo di Sarafia e Oger Peloso contraggono U!la societàs per affari che il secondo svolgerà quo velit (27 agosto 1160).
Giovanni Scriba I,752,408,404,1160-08-27,societas,Gug7irlmo Buran o e Otone giudice Di Castello contrag gono u na socielas per affari ch e il figliastro di Oton e farà in diversi paesi (27 agosto 1160).
Giovanni Scriba I,753,409,405,.NR,other,"Giovanni dichiara ad Otone giudice suo padrigno ·che per cinque anni di tut,ti i proventi p1·oprii, della m oglie e dei figli rion preleverà alcuna somma, se non colla licenza di esso (27 ago-"
Giovanni Scriba I,754,409,405,.NR,dowry,Blancardo dona ad Anna su.a nipote la somma di cinquanta libre genov<>.~i (28 l\gosto 1160).
Giovanni Scriba I,755,410,406,1160-08-29,dowry,Oberto Arzeme dichiara di aver· ricevuto la dote della moglie Giulietta e costituisce alla medesima l'an tefaclum (29 agosto 1160).
Giovanni Scriba I,756,410,406,1160-08-29,societas,Lrmfranco di Alberico e Ogerio da 1'!/arassi con trag gono u na societas per traffici che il secondo farà in Sicilia (29 agosto 1160).
Giovanni Scriba I,757,411,407,1160-08-30,societas,l osseramis e Boterico contraggono una societas (30 agosto 1160).
Giovanni Scriba I,758,411,407,.NR,sea_loan,sto 1160).
Giovanni Scriba I,759,411,407,heading: 31 agos1o 1,dowry,"Fazio di Desevel dichiara di aver ricevuto la dote della moglie Richelda , figlia di Giovanni Bambagario (31 agos1o 1160)."
Giovanni Scriba I,760,412,408,1160-09-02,sale,Guglielmo di Aspirano dichiara di aver ricevuto una somma da Oberto A bundante e dalla sorella di questo e si obbliga di restituirla al prossimo S. Miche.le (2 settembre 1160).
Giovanni Scriba I,761,412,408,1160-09-07,other:testament,Oberto Malocello fa il suo testamento (7 settembre 1160).
Giovanni Scriba I,762,413,409,1160-09-08,societas,Lanfran co Picamiglio e Berengerio di Gargano stipulano una societas (8 settembre 1160).
Giovanni Scriba I,763,414,410,1160-09-09,societas,Lamberto Guercio e Lanfranco di Albaro contraggono una societas (9 settembre 1160).
Giovanni Scriba I,764,414,410,.NR,societas,"Guglielmo Richerio, Martino de Mari e Villano Gauxono contraggono una societas per lraffìci che i due ultimi faranno a loro criterio (18 seU.embre 1160)."
Giovanni Scriba I,765,415,411,1160-09-18,sale,lfellano Gauxono si di<:hiara debitore di Guglielmo Richerio e di Martino de Mari della somma di die ci libre per ciascuno (18 settembre 1160).
Giovanni Scriba I,766,415,411,1160-09-19,societas,pulata con il genero A ngelerio (19 settembre 1160).
Giovanni Scriba I,767,416,412,1160-09-06,other:no-term trade capital,Giovanni Zu rlo st ipula u na accomendacio con L anfranco d i A lberico (6 settembre 1160).
Giovanni Scriba I,768,416,412,1160-09-24,sale,"Oberto Papa d ichiara d i ri cevere da Lanfranco Papa, suo fratello, quanto gli spetlm>a dall 'eredità dcl pocb-r. e della m adre (24 settembre 1160)."
Giovanni Scriba I,769,417,413,1160-09-24,sale,Rolando Simpanlo vende un suo podere in Camogli a Bordella (24 settembre 1160).
Giovanni Scriba I,770,418,414,1160-09-23,societas,"Baldone, banchiere , e Oberto Transasco contraggono una societas pe1· traffici a Trip oli e altrove (23 settembre 1160)."
Giovanni Scriba I,771,418,414,.NR,societas,
Giovanni Scriba I,772,419,415,1160-09-25,societas,A rdizzone Picamiglio e Broco contraggono una societàs per traffici che il secondo farà a suo criterio (25 settembre 1160).
Giovanni Scriba I,773,419,415,1160-09-27,societas,Il prete Guglielmo di Langasco e Otone Barba di Lacca contraggono una societas per traffici che il secondo farà a suo criterio (27 settembre 1160).
Giovanni Scriba I,774,420,416,.NR,societas,Picamiglio e Enrico Mazal contraggono una societas per affari che il figlio di Enrico farà a Salerno e altrove (28 s.ettenibre 1160) .
Giovanni Scriba I,775,420,416,1160-09-29,societas,Blancardo e Ospin.ello con.traggono un.a societas per affari che il secondo farà in Sicilia (29 settembre 1160).
Giovanni Scriba I,776,421,417,.NR,sale,Simone Doria si obbliga cli pagare ad Eustacchio nell'ottava del prossimo i\ atale tma sornma in pagamento di panni (29 settem-
Giovanni Scriba I,777,421,417,1160-09-30,sale,Simone Doria 1:encle a Caffaro clue pezze cli terra m Genova (30 settembre 1160).
Giovanni Scriba I,778,422,418,1160-09-31,sale,Catfaro promette a Simone Do1'ia l'acquisto di una terra di Iacaria Di Castello (31 settembre 1160).
Giovanni Scriba I,779,422,418,.NR,societas,Ingone Della l'olla e Pietro Capra stipulano una societas (5 ottobre
Giovanni Scriba I,780,423,419,1160-10-08,other:testament,Lamberto di Mai·ino fa il suo testamento (8 ottobre 1160).
Giovanni Scriba I,781,423,419,.NR,societas,"Bono Giovanni lfalfì,gliastro e .1nsaldo Pistellerio contraggono una sodetas pe,. affal'i che fal'à il secondo quo voluerit (8 ottobre"
Giovanni Scriba I,782,424,420,1160-10-10,sale,Malov1·er e Corrado di Cucurno vendono ad Oberto Cleri.ca tutti i diritti che essi hanno in una terra in Maiolo (10 ottobre 1160).
Giovanni Scriba I,783,425,421,1160-10-12,societas,Bo11.o Giovanni Malfigliastro e Bori.ifacio di Segnorando stipulano una societas per affari che il secondo farà quo voluerit (12 ottobre 1160).
Giovanni Scriba I,784,425,421,1160-10-15,other:quittance,Guglielmo Cabu.to fa quitanza a Boriovassallo Salsa di quanto da esso ebbe del patrimonio di sua moglie Anna (15 ottobre 1160).
Giovanni Scriba I,785,425,421,1160-10-29,dowry,Pietro de Boneva:li fa il suo testamento (29 ottobre 1160).
Giovanni Scriba I,786,426,422,1160-11-06,sale,Lamberto Pavese !!i obbliga di pagare a Blanca.rdo una somma al prossimo Natale (6 novembre 1160).
Giovanni Scriba I,787,427,423,1160-11-18,other,Bertramis di Pavia e Dalmiata coniugi dichiarano di tenere e di commerciare denaro di Blancardo ad esclusivo suo guadagno (18 novembre 1160).
Giovanni Scriba I,788,427,423,1160-11-25,sale,Peire Della Ttofta t'ertde a Piet1·o caravellatore uno sch.iavo saraceno (25 novembre 1160).
Giovanni Scriba I,789,428,424,.NR,sale,Gug lielmo Casten ello vende a Bon eto un o sch iavo sm·acen o (25 n o. vembre 1160).
Giovanni Scriba I,790,428,424,1160-12-14,dowry,Guglielmo Buron e dich iara di aver ricevut o la dole della sua fig lia defunta da L . Picamiglio e dai suoi fratelli (14 dicembre 1160).
Giovanni Scriba I,791,428,424,1160-12-15,sale,On c1·io cli Guidon e ven de a Rngernnc Di Cast ello u na terra in Nerv i (15 dicembre 1160).
Giovanni Scriba I,792,429,425,1161-01-01,sale,I consoli di Sestri Ponente approvari.o la vendila di un a terra fatta dal parroco della locale Chiesa di San Giovanni (1 genn aio 1161).
Giovanni Scriba I,793,430,426,1161-01-04,sale,Anna di Castagna vende a Solimano di L angasco un podere (4 gennaio 1161).
Giovanni Scriba I,794,430,426,1161-01-05,sale,quale prezzo di una vendita di pepe (5 gennaio 1161).
Giovanni Scriba I,795,431,427,1161-01-05,sale,"Pl'ete Federico di Santa Fede e Marchese Bonavita, templarii, vendono a Bono Giovanni Malfigliastro una terra in Fegino (5 gen naio 1161)."
Giovanni Scriba I,796,431,427,1161-01-10,sale,Tant o vende a Burclella una terra in Camogli (10 gennaio 1161) .
Giovanni Scriba I,797,432,428,1161-01-10,other:quittance,Bonovassallo Jlalfigliastro fa quietanza a Embrone di quanto gli doveva (10 gennaio 1161).
Giovanni Scriba I,798,432,428,1161-01-06,societas,Guglielmo Burone e l done Mallone contraggono una societas per traffici che farà Guglielmo Burone (6 g ennaio 1161).
Giovanni Scriba I,799,433,429,1161-02-04,sale,"Giovanni Malocello e Guilia sua moglie vendono una pezza di terreno sita in Rapallo, a Guglieìmo Salvatico e gli rilasciano quietanza (4 febbraio 1161)."
Giovanni Scriba I,800,433,429,1161-02-07,sale,Ribaldo Sara'fì.e vende una casa ad 1lnsaldo Doria e g.li rilascia quietanza del prezzo (7 febbraio 1161).
Giovanni Scriba I,801,434,430,.NR,dowry,"Berta figlio. di Bon ovassallo Balloodo dona., sollo condizione, la terza parte del suo patrimonio e tutto /'antefactu m ai suoi due figli Ribaldino e Fredenzone sotto l'autorizzazione del loro fntor<' Ribaldo Sarafìa, 1·iservandosi una pensione vitalizia (10 fchbraio 1161 ~."
Giovanni Scriba I,802,435,431,1161-02-10,other,"Ribaldo Sarafie, quale tutore dei figli di Be,.ta., fa atto di sottomissione per l'osservanza dei patti, di cui al precedente documento n.. DCCCI (10 febbraio 1161)."
Giovanni Scriba I,803,436,432,1161-02,societas,Eustacchio e Bongiovanni di Spezia} contraggono una societas per affari che Bongiovanni farà in Bugia (1ì febbraio 1161).
Guglielmo Cassinese I,1,1,1,1190-12-26,other:quittance,"1. G iovanni di P rem anico riceve la dote della nuora, L uciana figlia di Merlo di Prem anico. 26 dicembre 1190."
Guglielmo Cassinese I,2,1,1,1190-12-26,other:lease/hire,2. L ’arcivescovo Bonifacio dà a livello a R olando ed E m briaco dei fu Castagnolo di Sestri Levante la decim a del m are presso Sestri Levante e dalla pieve di Lavagna a Portovenere. 26 dicem bre 1190 (2).
Guglielmo Cassinese I,3,2,2,1190-12-27,other:lease/hire,"3-, L ’arcivescovo Bonifacio dà in locazione ad Amarigo di Molassana, Ugone de Salino, G iovanni Zapuzo, Fulcone e Giovanni fig li di R odolfo, il m o n te di Greto. 27 dicembre 1190 (4)."
Guglielmo Cassinese I,4,4,4,1190-12-27,other:quittance,4. D o n u m d e i de Costa dà ricevuta a G iovanni Stralleira di una s o m m a d o vu ta g li sul p a trim o n io di G uglielm o Barillari. 27 d ic em b re 1190.
Guglielmo Cassinese I,5,4,4,1190-12-28,cambium,5. 1/ m arito di A id ela ne riceve la dote e le ja donazione nomine antifacti. 28 d icem bre 1190.
Guglielmo Cassinese I,6,5,5,1190-12-29,other,"6. Broco di Lucca e Benedetto de Branca si im p eg n a n o a pagare un a som m a, per l ’aprile seguente, a Tignoso di Lucca. 29 d ic e m bre 1190."
Guglielmo Cassinese I,7,5,5,1190-12-29,other:no-term trade capital,7. Pietro de Silo fa testamento. 29 dicembre 1190.
Guglielmo Cassinese I,8,6,6,1190-12-29,societas,"8. L am b erto di Besançon (?) contrae una societas con Giovanni di L iége e con G ualterio genero di Carlo di Besançon per traffico in N apoli e altrove, esclusa Alessandria e l ’oltremare. 29 dicembre 1190."
Guglielmo Cassinese I,9,7,7,1190-12-29,other,"9. lu xia n a , vedova di Guglielmo Barelli, prom ette a Bonvasxallo Barduzzo il pagam ento della, dote della figlia A idela. 29 dicem bre 1190."
Guglielmo Cassinese I,10,7,7,1190-12-29,other:quittance,"10. G iovanni de Bruscada, Corrado da Sestri P onente e Balduino figlio di Giovanni Cane prom ettono a Lanfranco Ricerio la fo rn itu ra di ventiseim ila m attoni. 29 dicembre 1190."
Guglielmo Cassinese I,11,7,7,1190-12-29,dowry,"11. B eldi, d a ll’ospedale di Rivarolo, fa dichiarazione della dote da lui data a Vera, m oglie di Giovanni. 29 dicembre 1190."
Guglielmo Cassinese I,12,8,8,1190-12-29,societas,"12. Pietro de Silo contrae u n a societas e altro affare di commercio con S ilo de Burgo, R ainaldo Bocheto, Balduino de Silo e Gug lielm o Parvo di Canneto, p er Napoli e altrove. 29 dicembre 1190."
Guglielmo Cassinese I,13,8,8,1190-12,other:lease/hire,")3. Pietro Vento, per conto di Sim one Vento, dà in locazione a G uido tornator un im m o b ile in « Solari ». dicembre 1190."
Guglielmo Cassinese I,14,9,9,1191-02-02,other,"14. A lberto de Unazase (?) si obbliga di dare u n a so m m a di danaro a Oberto diacono de Vineis, entro il 2 febbraio 1191. d i-"
Guglielmo Cassinese I,15,9,9,1190-12,dowry,"15. Milo di Piazzalunga si offre, coi proprii beni, a ll’Ospedale d ei Crociferi, al Bisagno, consenziente la m oglie, dicem bre 1190."
Guglielmo Cassinese I,16,10,10,1190-12,dowry,"16. I fra ti crociferi del B isagno p ro m etto n o a Matilde, moglie di M ilo di P iazzalunga, una so m m a , a soddisfazione di ogni suo credilo su i b en i del m arito e su l fo n d o di Bavari. dicembre 1190."
Guglielmo Cassinese I,17,10,10,1190-12,other:quittance,"17. A rbitra lo nelle liti tra Pietro Balbi e G uigenzone figlio di Ottone Terragni, dicem bre 1190."
Guglielmo Cassinese I,18,11,11,1190-12,other:lease/hire,18. Un canonico di San Lorenzo dà in locazione u n im m o b ile in « Faxoli ». dicembre 1190.
Guglielmo Cassinese I,19,11,11,1190-12,societas,"19. C ontratto di societas per traffico a Napoli, Sicilia e Oltremare, tra Gionata Cavaronco e Im berto Vezastello. dicem bre 1190."
Guglielmo Cassinese I,20,11,11,1191-01,societas,"20. Im b erto de Vezastello rilascia una dichiarazione circa la sccietas, di cui a ll’atto precedente, che è stata aum entata. Porta a trafficare u n anello con zaffiro, per conto di O ddone de Melazo. g ennaio 1191."
Guglielmo Cassinese I,21,12,12,1191-01,societas,"21. Ogerio Galleta dichiara che la som m a che ha ricevuto in societas da Gionata e da O ddone vien aum entata, e sarà trafficata per conto d i B ubaldo e O ttone, escludendo il viaggio in « Rom a n ia ». Porta anche u n usbergo per conto di Oddone, gennaio 1191."
Guglielmo Cassinese I,22,12,12,1191-01,other,"22. Im b erlo de Vezastello dichiara di portare a Napoli, per rivenderli, dei drappi ricevuti in pegno da Im berto di Verzellaio, col cui ricavo si pagherà il credito, rim ettendo il resto al debilore. g en n aio 1191."
Guglielmo Cassinese I,23,12,12,1191-01,other:quittance,"23. Iìu g g ero n o de Brazili dona, con vincoli fedecomissarii, certi im m o b ili a Sofia, figlia di Fredenzone Gontardo, e madre delle pro p rie fig lie, gennaio 1191."
Guglielmo Cassinese I,24,15,13,1191-01,other,"24. E nrico calderaio dichiara di dovere a Oberto Clerico u n a s o m m a da lui prestatagli, gennaio 1191 (2)."
Guglielmo Cassinese I,25,15,13,1191-01,accomendatio,"25. In g o de Galiana contrae una accomendacio con A n gelotto de Cafjara, p er Napoli e altrove, gennaio 1191."
Guglielmo Cassinese I,26,15,13,1191-01,sale,"2(i. Merlo e Tom m aso Nigrancius vendono a G iovanni di Castello una casa nel castello di Genova, gennaio 1191."
Guglielmo Cassinese I,27,16,14,1191-01,other,27. C onfesso a favore di L am berto Bonalana. gennaio 1191.
Guglielmo Cassinese I,28,16,14,1191-01,other,28. C onfesso a favore di Roberto Gmsso. gennaio 1191.
Guglielmo Cassinese I,29,16,14,1191-01,accomendatio,"29. A m ic o drappiere e Marchesia Villana regolano una accomendacio, tra di essi contratta, gennaio 1191."
Guglielmo Cassinese I,30,17,15,1191-01,accomendatio,"30. Il fig lio di Marchesia Villana contrae con la m adre una accom e n d acio , pel traffico in Sicilia e altrove, gennaio 1191."
Guglielmo Cassinese I,31,17,15,1191-01-05,societas,"31. O ttone fig lio di Lanfranco di Castello contrae una societas, p er tra ffico in Napoli e altrove, con Alda m oglie di G uglielm o R o b in i. 5 gennaio 1191."
Guglielmo Cassinese I,32,17,15,1191-01-05,societas,"32. O liverio Oregono contrae una societas, per traffico in Tunisi e altro ve, con A gnese vedova di Oliverio Malfiliastro. 5 gennaio 1191."
Guglielmo Cassinese I,33,18,16,1191-01-05,sale,33. G iovanni e A gnese de Beìdie vendono a Merlo de Premertico u na terra in Prem anico. 5 gen naio 1191.
Guglielmo Cassinese I,34,18,16,1191-01-05,other,34. M erlo di P rem anico prom ette a Giovanni de Beidie di pagargli entro Natale il prezzo della terra comperata. 5 gennaio 1191.
Guglielmo Cassinese I,35,19,17,1191-01-06,other:quittance,"35. li go p ellip a rio riceve la dote della m oglie Alda, e le fa la donazio n e « n o m i n e antifacti ». 6 gennaio 1191."
Guglielmo Cassinese I,36,19,17,1191-01-06,societas,"*»6. O gerio Gallela contrae u n a societas con G iovanni Boleto, per traffico a N apoli e altrove e u n m u tu o gratuito con Germano. 6 g e n n a io 1191."
Guglielmo Cassinese I,37,19,17,1191-01-07,other,"37. A rn a ld o Boto si obbliga a servire come m arinaio sulla nave (li G u g lie lm o de Palio, nel viaggio di Oltremare, per lire 15. 7 g e n n a io 1191."
Guglielmo Cassinese I,38,20,18,1191-01-07,societas,"38. G iovanni di Castello contrae una societas con Vassallo Straileire, per com m erciare in Sicilia e altrove. 7 gennaio 1191."
Guglielmo Cassinese I,39,20,18,1191-01-07,other,39. C ontratto di lavoro o garzonato stipulato fra Guigonzonio dei Piani di Leivi e Gandolfo. 7 gennaio 1191.
Guglielmo Cassinese I,40,20,18,1191-01-07,other,40. G andolfo fa a G uigonzono una promessa relativa al precedente contratto. 7 gennaio 1191.
Guglielmo Cassinese I,41,21,19,1191-01,accomendatio,"41. G u g lie lm o de Meleto dichiara di portare in accomendacione ad te r c ia m proficui u n a som m a di danaro di Rolando di (maneto, p e r co m m ercia re a Napoli e dove andrà Ogerio. gennaio 1191."
Guglielmo Cassinese I,42,21,19,1191-01-08,other:testament,42. T e s ta m e n to di G iovanni di Castello. 8 gennaio 1191 (2).
Guglielmo Cassinese I,43,22,20,1191-01-08,accomendatio,"43. In g o de G aliena dichiara di portare, in accomendacione, per trafficare a N apoli e altrove u n a som m a dei figli di E nrico De T ren ch erio , affidatagli da Duchessa, vedova di lui. 8 gennaio 1191."
Guglielmo Cassinese I,44,22,20,.NR,other,44. Opizo di D o n n a Arabita fa una dichiarazione com e la prece-
Guglielmo Cassinese I,45,23,21,1191-01-08,other,45. R o l a n d o V a llesclla ced e a B a ld u in o Vivesitis e a D o n e s e lle i p r o p r ii d ir itti n ella nave di G uglielm o de e s o c i. 8 g e n n a i o 1191.
Guglielmo Cassinese I,46,23,21,1191-01-08,societas,"46. R o l a n d o V a lesella fa u n a dichiarazione circa la societas che e g l i h a c o n B a ld u in o V iv e sitis, in m erci presso Marsiglia. 8 genn a io 1191."
Guglielmo Cassinese I,47,23,21,heading: 8 gennaio 1 1,other:reference to accomendatio/societas,47. A t t o r e la tiv o a societas co m m ercia le tra Salernitani. 8 gennaio 1 1 91 (1).
Guglielmo Cassinese I,48,24,22,1191-01-09,accomendatio,"48. O pizo de D onna A m b ita dichiara di portare una som m a di A rd u in o d i Canneto, in accomendatione, da commerciare a Nap o li e altrove. 9 gen naio 1191."
Guglielmo Cassinese I,49,24,22,1191-01-09,other,"49. B audo A la m a n n o dichiara di portare in accomendatione, una so m m a di R olando e A rd u in o di Canneto, da commerciare a T u nisi. 9 g en n aio 1191."
Guglielmo Cassinese I,50,24,22,1191-01-09,accomendatio,"50. Pietro A lbo dichiara di portare in accomendatione una somma di Pietro della Croce e Oberto di Acquabona, da commerciare a M ontpellier. 9 gennaio 1191."
Guglielmo Cassinese I,51,24,22,1191-01-09,other:no-term trade capital,"51. R u fin o de Rapallo dichiara che suo figlio Bonvassallo ha m erci di O ddone de ( ................ ) che porta in viaggio, per com m erciarle, ad q u arta m profìcui. 9 gennaio 1191."
Guglielmo Cassinese I,52,25,23,heading: dichiara di portare in accomendatione una s o m m a d i s ib illia m oglie di balduino vivesitis. 10 g,accomendatio,52. R o la n d o Valesella dichiara di portare in accomendatione una s o m m a d i S ib illia m oglie di Balduino Vivesitis. 10 gennaio 1191.
Guglielmo Cassinese I,53,25,23,1191-01-10,societas,53. P aolo dra p erio contrae u n a societas con Giovanni Grita e Gug lie lm o F o rn a rio de Clavica. 10 gennaio 1191.
Guglielmo Cassinese I,54,25,23,.NR,other:testament,54. A ld a e B o n a ven tu ra figlie di Lanfranco de Ponte danno rice-
Guglielmo Cassinese I,55,26,24,heading: m arsiglia. 11 g,societas,"55. B aim ondo provenzale e sua m oglie A nna contraggono una societas con G uglielm o del fu Opizzone di Castello, per affari in M arsiglia. 11 gennaio 1191."
Guglielmo Cassinese I,56,26,24,1191-01-11,dowry,"56. R ubaldo Detesalvo dichiara. di ricevere la dote della moglie A l dice da B alduino Scoto, e le fa donazione nomine antifacti. 11 gennaio 1191."
Guglielmo Cassinese I,57,27,25,1191-01,societas,"57. B o ìd u in o Scoto dichiara che suo figlio G uglielm o porla una s o m m a d i R u b a ld o D etesalvo, in societate, per com m erciarla a N a p o li e a ltro v e, g e n n a io 1191."
Guglielmo Cassinese I,58,27,25,1191-01,accomendatio,"5S. G io v a n n i Strailleira dichiara di portare in accom endatione m e r c i d i A dala sia m o g lie di Falcone di Castello, gen n aio 1191."
Guglielmo Cassinese I,59,27,25,1191-01,other,"59. C o n tr a tto relativo al com m ercio in una bottega, gennaio 1191."
Guglielmo Cassinese I,60,28,26,1191-01-14,other,"60. P restito di Adalasia, figlia di Gerardo Scoti. 14 gennaio 1191."
Guglielmo Cassinese I,61,28,26,heading: genova. 14 g,other:quittance,61. 1 fig li di Gerardo Scoti ven d o n o a Balduino e Ogerio Scoti una parte del co n d o m in io di u n a casa in Genova. 14 gennaio 1191.
Guglielmo Cassinese I,62,29,27,heading: di castiglione. 14 g,sale,"62. R o la n d o de A cri F alieta, di Rossiglione (?) e sua moglie Matelda v e n d o n o a G iovanni de Cella e Grillo de Canneto degli im m o b ili n e lla P ieve di Castiglione. 14 gennaio 1191."
Guglielmo Cassinese I,63,29,27,.NR,other,63. G rillo d i C anneto e G uglielm o calderario dichiarano che pa-
Guglielmo Cassinese I,64,30,28,1191-01-14,dowry,"64. R olando di A cri Falieto, di Rossiglione, dichiara di aver ricev u to u n a parte della dote della m oglie Alda, e le fa donazione « n o m in e antifacti ». 14 g en naio 1191."
Guglielmo Cassinese I,65,30,28,1191-01-14,other,65. O bbligazione a favore di R olando de Fontana. 14 gennaio 1191.
Guglielmo Cassinese I,66,30,28,1191-01-14,other,66. O bbligazione a favore di Enrico Alfer. 14 gennaio 1191.
Guglielmo Cassinese I,67,30,28,heading: ottega in canneto. 15 g,other,67. Locazione a Paolo drappiere di una bottega in Canneto. 15 g en n aio 1191.
Guglielmo Cassinese I,68,30,28,heading: ottone magister. 14 g,dowry,"68. A tlo dotale di A ltilia, figlia di Ottone magister. 14 gennaio 1191."
Guglielmo Cassinese I,69,31,29,heading: 1 m arzo. 15 g,other,"69. G erardo d e l fu R u b eo e B ergognono di Maretino di Lucca si r ic o n o s c o n o d ebitori, verso Oberto del fu Piacentino, di una s o m m a da pagarsi in L ucca, entro il 1 m arzo. 15 gennaio 1191."
Guglielmo Cassinese I,70,31,29,1191-01-15,other,"/Ö. M a r tin o C u rto si riconosce debitore di u n a som m a, da pagarsi in d u e ra te a B erg o n zio P etegne. 15 g enn aio 1191."
Guglielmo Cassinese I,71,32,30,1191-01-15,dowry,"71. A rm a n n o di Majolo e Alda, coniugi, donano a G uglielm o Baudi la dote della figlia Giovanna, m oglie di lui, falla riserva p er una parte. 15 gennaio 1191."
Guglielmo Cassinese I,72,32,30,1191-01-15,other,72. G uglielm o di Bando di Rivarolo costituisce a favore degli suoceri A rm a n n o e Alda un diritto di usufruito sulla m età della donazione predetta. 15 gennaio 1191.
Guglielmo Cassinese I,73,33,31,1191-01-15,dowry,"73. G u g lie lm o d i B a u d o d i R ivarolo fa donazione, nom ine antifacti, a lla m o g lie G io va n n a . 15 g e n n a io 1191."
Guglielmo Cassinese I,74,33,31,1191-01-16,societas,"74. O liv e r io O regano d ic h ia ra di portare a T unisi in societale, u n a s o m m a d i F ilip p o de L eva n t. 16 g enn aio 1191."
Guglielmo Cassinese I,75,33,31,1191-01-16,other:quittance,"75. N ic o la de M ortedo e R u b a ld o nipote di F ilippo di Levanto pron u n c i a n o u ì i lodo a rb itra le nelle liti tra G uidone de Paver e Adala sia , s u a cognata. 16 g e n n a io 1191."
Guglielmo Cassinese I,76,34,32,1191-01,accomendatio,"76. M araboto de Celasco dichiara che porla a Ccuta in accomendatione, uria so m m a di Rolando Pellizario....... gennaio 1191."
Guglielmo Cassinese I,77,34,32,1191-01,mutuum,"77. Bonvassallo di Cancpa riceve a m utuo gratuito 10 soldi da prete R a im o n d o , gennaio 1191."
Guglielmo Cassinese I,78,34,32,1191-01,accomendatio,"78. S im o n e B o ta n o dichiara di portare a Tunisi, per trafficarla, un a so m m a di R a im o n d o de Volta, in accomendatione. gennaio 1191."
Guglielmo Cassinese I,79,35,33,1191-01-16,other,"79. Isabella m oglie di Ingone Bottario prom ette a In g o n e d i Cartagena, la so m m a di lire cento, dote della figlia S im o n a . 16 g e n naio 1191."
Guglielmo Cassinese I,80,35,33,1191-01-16,dowry,"80. S im o n e Bottario prom ette a In g o n e di Cartagena il resto della dote della figlia Sim ona, garantito su u n fo n d o in Fileto. 16 g e n naio 1191."
Guglielmo Cassinese I,81,36,34,heading: a p ro n u n cia u n lodo arbitrale nella questione tra r ubaldo detesalvo e i suoceri a ltilia e a nseim o de caffara. 17 g,dowry,81. A n g elo to de Caffara p ro n u n cia u n lodo arbitrale nella questione tra R ubaldo Detesalvo e i suoceri A ltilia e A nseim o de Caffara. 17 g ennaio 1191.
Guglielmo Cassinese I,82,36,34,heading: mare. 17 g,other:quittance,82. A ltilia dà quietanza ad A ngeloto de Caffara di quanto le spettava per u n a aceomendacio in viaggio di Oltremare. 17 gennaio 1191.
Guglielmo Cassinese I,83,36,34,1191-01-17,other,"83. A rd u in o di Canneto prom ette a Roberto Grasso o a Guglielmo suo cognato 33 lire, per m età quaresima 1191. 17 gennaio 1191."
Guglielmo Cassinese I,84,37,35,.NR,other,"84. M artino d ’Albaro dichiara che pagherà a G iovanni, fig lio di A r d u in o di Canneto, 12 lire per la dom enica delle Olive 1191."
Guglielmo Cassinese I,85,37,35,1191-01-17,other,"85. G uglielm o Mussi prom ette di ricevere certa m erce portata di T u n isi da Marchesio di Carignano, e di pagarne il prezzo, in m oneta locale, a lui o a Giosberto o a G uglielm o. 17 gennaio 1191."
Guglielmo Cassinese I,86,37,35,1191-01-17,societas,"86. M archesio di Carigno.no contrae una socielas, per T unisi, con O ttone di Langasco, Oberto de Calce, G uidone Bergognono. 17 g en n aio 1191."
Guglielmo Cassinese I,87,38,36,1191-01-17,other,87. Scoto pro m ette a Roberto Grasso o a suo cogitato UO lire entro il carne-mie 1191. 17 gennaio 1191.
Guglielmo Cassinese I,88,38,36,1191-01-17,dowry,"88 . Lo m adre di Adalasia le rim ette, per trenta lire, ogni proprio credito suZî’antifactum . 17 gennaio 1191."
Guglielmo Cassinese I,89,38,36,1191-01-18,other:reference to accomendatio/societas,iussione di Botixella. 18 gennaio 1191.
Guglielmo Cassinese I,90,39,37,heading: marchesio. 18 g,sale,"90. 1 consoli di S. Tom m aso vendono degli im m o b ili, per co n fo di Adalasia, m oglie di Ugo de Clapa di Fassolo, assente, a Guido Elefante e Marchesio. 18 gennaio 1191."
Guglielmo Cassinese I,91,40,38,1191-01-18,sale,91. Adalasia vende a Guido Elefante e Marchesio le terre di cui all ’atto precedente. 18 gennaio 1191 (2).
Guglielmo Cassinese I,92,40,38,heading: m arittim o e traiettizio con bernardo di barcellona. 18 g,sea_loan,92. O berto da Sestri Levante contrae un m utuo a cambio m arittim o e traiettizio con Bernardo di Barcellona. 18 gennaio 1191.
Guglielmo Cassinese I,93,41,39,1191-01-19,societas,93. R aim ondo Unaldo contrae una societas con Corso de Palazolo. 19 gennaio 1191.
Guglielmo Cassinese I,94,41,39,heading: m a rolo im m o b ili in pom arolo e predamerza. 19 g,sale,"94. Mabilia, vedova di Opizone Lecavele, vende a Enrico p om a rolo im m o b ili in Pom arolo e Predamerza. 19 gennaio 1191."
Guglielmo Cassinese I,95,42,40,heading: a precedente. 19 g,other,"95. E nrico Pom arolio prom ette a Mabilia il pagam ento di cin q u a n ta lire, entro marzo, per la com pravendita precedente. 19 g en naio 1191."
Guglielmo Cassinese I,96,42,40,1191-01-19,other,"96. Maria, figlia di R ubaldo Guercio, dà ricevuta al padre di quanto le spettava su ll’eredità materna. 19 gennaio 1191."
Guglielmo Cassinese I,97,43,41,1191-01-20,other,"97. A m elberlo de Ponorjac, si assum e di rim borsare al fratello M artino le spese falle in occasione d ell’uccisione, del figlio A lb erto. 20 gennaio 1191."
Guglielmo Cassinese I,98,43,41,1191-01-21,other:quittance,"98. Vasallo Bianco di Arenzano dà ricevuta di dieci lire, parte della dote della m oglie Calandria. 21 gennaio 1191."
Guglielmo Cassinese I,99,43,41,1191-01-21,other,"99. O ttone Ferruzo prom ette a Vasallo Bianco il p a g am ento di 3 lire, per dote della figlia Calandria. 21 g en naio 1191."
Guglielmo Cassinese I,100,44,42,1191-01-21,dowry,100. Vasallo Bianco costituisce l ’antifatto alla m oglie Calandriti. 21 g ennaio 1191.
Guglielmo Cassinese I,101,44,42,1191-01-21,dowry,"101. (3) A la m a n n o Quartano, tutore delle figlie di Bernardo Aspirano, riceve u n a som m a, p er tacitazione dei loro diritti su una casa in Canneto, e le destina alla dote di u n a di esse, Dolcetta, con la fideiussione di R u fin o di Rapallo. 21 gennaio 1191."
Guglielmo Cassinese I,102,45,43,1191-01-31,other,102. G uglielm o Parvo di Canneto dichiara di dovere a Roberto Grasso 70 lire entro la p rim a settim ana di quaresim a. 31 g e n naio 1191.
Guglielmo Cassinese I,103,45,43,1191-01-21,accomendatio,"103. S im o n e Botario contrae una accomendacio con G uglielm o Rataldo, per affari in Tunisi. 21 gennaio 1191."
Guglielmo Cassinese I,104,45,43,1191-01-21,mutuum,"104. Adalasia, m oglie di Ugo de Clapa prende a prestito u n a som m a da Guido Elefante e Marchesio; con l ’autorizzazione dei consoli per le relative garanzie. 21 gennaio 1191."
Guglielmo Cassinese I,105,46,44,1191-01-22,societas,105. A nsaldo Pancia stipula u n a societas con Giovanni da Piacenza. 22 g en n aio 1191.
Guglielmo Cassinese I,106,46,44,1191-01-22,societas,"106. G u g lielm o caldem rio contrae una societas con Guglielmo fratello di G iovanni Parvo, Ottone de Langasco e Grillo, per affari « in botea ». 22 gennaio 1191."
Guglielmo Cassinese I,107,47,45,1191-01-22,other,107. G uglielm o Collum Gruis prom ette di pagare una som m a a G uglielm o Resta. 22 gennaio 1191.
Guglielmo Cassinese I,108,47,45,1191-01-22,other:quittance,"108. A m ico da Pegli, e la m oglie R ichelda dichiarano di ricevere da Lanfranco Papa la som m a accom endatagli da Richelda. 22 gennaio 1191."
Guglielmo Cassinese I,109,47,45,.NR,accomendatio,109. R ainaldo Marescoti di Recco contrae una accomendacio per
Guglielmo Cassinese I,110,48,46,1191-01-22,societas,110. Pasquale Ferrandi contrae una societas per Tunisi con Bonvassaìlo Barbavara. 22 g ennaio 1191.
Guglielmo Cassinese I,111,48,46,1191-01-23,other,"111. G iacom ino del fu Gionata di Portofìno si im pegna a servire per 5 a n n i nella bottega di Rolando, con la garanzia della m a dre, Rosa. 23 gennaio 1191."
Guglielmo Cassinese I,112,49,47,heading: 23 g en n aio 119l.,societas,"112. Rogerio da Pegli e B ertolino de Porcellis contraggono una societas, per la Sardegna, Bugia, e altro viaggio. 23 g en n aio 119L."
Guglielmo Cassinese I,113,49,47,1191-01-23,other,"113. Pietro de Lavezuso prom ette una som m a a G uglielm o di Ver dun, con la fideiussione di Guido de Rezo. 23 g ennaio 1191."
Guglielmo Cassinese I,114,49,47,1191-01-23,other,"114. Uberto Diano prom ette a Baiam onte Barlaira il pagam ento di una som m a, a rate. 23 gennaio 1191."
Guglielmo Cassinese I,115,49,47,1191-01-23,dowry,"115. Bodono da Voltri riceve la, dote della m oglie A im clin a e le costituisce Vantifatto. 23 gennaio 1191."
Guglielmo Cassinese I,116,50,48,1191-01-23,other:no-term trade capital,"116. Oberto de Dandolo, col consenso del socio G uglielm o Maiocello, p ren d e una so m m a da Angeloto de Caffara e Sibilla m o glie di G uglielm o Fornari, da negoziare in Sicilia. 23 gennaio 1191."
Guglielmo Cassinese I,117,50,48,1191-01-23,societas,"117. L am berto, figlio di G uglielm o Fornari, contrae una societas con Ogerio Scoto, per Napoli e altrove. 23 gennaio 1191."
Guglielmo Cassinese I,118,51,49,1191-01-23,other:quittance,118. G uglielm o Fornari fa una donazione al figlio Lam berto. 23 gennaio 1191.
Guglielmo Cassinese I,119,51,49,1191-01-23,accomendatio,"119. L am berto Fornari porta in accomendatio dal padre, a Napoli, una so m m a di danaro, un usbergo e due gam biere. 23 gennaio 1191."
Guglielmo Cassinese I,120,51,49,1191-01-24,other:reference to accomendatio/societas,"120. Lanfranco Ricerio, anche pel fratello Giordano, dà quietanza e rem issione a Oberto Guercio della accomendatio contralta con lu i da Ugo Scoto a Costantinopoli, per affari a Ceuta. 24 gennaio 1191."
Guglielmo Cassinese I,121,52,50,1191-01-24,other,121. R estufato sensale e la m o g lie Matelda fa n n o rin u n cia a Bubaldo de M odo di o g n i d iritto relativo a u n a casa in Clavica. 24 g en n aio 1191.
Guglielmo Cassinese I,122,53,51,1191-01-24,societas,"122. R olando pellicciario contrae una societas con W id in iso b o to,rio, p er la Sardegna. 24 gennaio 1191."
Guglielmo Cassinese I,123,53,51,1191-01-24,societas,"123. O pizone del fu Ugo di Castello contrae una societas con G u g lielm o Malfigliastro, per Napoli e altrove. 24 gennaio 1191."
Guglielmo Cassinese I,124,53,51,1191-01-24,accomendatio,"124. G ug lielm o Visconti contrae una accomendatio con G u g lie lm o M alfiliastro, costituita da 4 loca di nave. 24 gennaio 1191."
Guglielmo Cassinese I,125,54,52,1191-01-24,societas+accomendatio,"125. Opizone del fu Ugo di Castello contrae una accomendatio per Napoli e altrove, con A nsaldo Fornari e Oliverio Marzoco. 24 gennaio 1191."
Guglielmo Cassinese I,126,54,52,1191-01-24,other,"126. A n seim o de Olmara si im pegna con Ogerio Porco a tenere una terra in Olmara, per tre anni, sotto certe condizioni. 24 genn aio 1191."
Guglielmo Cassinese I,127,55,53,1191-01-24,mutuum,127. M igdonia riceve a m utuo una so m m a dal fig lio Ogerio. 24 gennaio 1191.
Guglielmo Cassinese I,128,55,53,1191-01-24,mutuum,128. Opizone Guercio prende a m u tu o u n a so m m a dal fratello Ogerio. 24 gennaio 1191.
Guglielmo Cassinese I,129,55,53,1191-01-24,dowry,129. Ogerio Guercio costituisce l ’antifatto alla m oglie Sofia. 24 gennaio 1191.
Guglielmo Cassinese I,130,56,54,1191-01-24,other,"130. Paxio di Lucca, dichiara che pagherà a Roberto Grasso c a suo cognato G uglielm o una som m a, entro aprile. 24 gennaio 1191."
Guglielmo Cassinese I,131,56,54,1191-01-24,accomendatio,"131. Oberto de Dandalo contrae una accomendatio con sua suocera Grixa, per affari in Napoli. 24 gennaio 1191."
Guglielmo Cassinese I,132,56,54,1191-01-24,other,132. R ubaldo Porco prom ette a Corrado de C udurno una som m a per dote della figlia A ltilia. 24 gennaio 1191.
Guglielmo Cassinese I,133,56,54,1191-01-24,dowry,133. Corrado de C udurno dà quietanza della dote della moglie A ltilia . 24 gen n aio 1191.
Guglielmo Cassinese I,134,57,55,1191-01-24,accomendatio,134. Marchesio Zurlo contrae una accomendatio con Oberto Boleto per Napoli e altrove. 24 gennaio 1191.
Guglielmo Cassinese I,135,57,55,1191-01-24,sale,135. Marchesio Zurlo vende ad A n su ix o di San Genesio la m età di una casa in Genova. 24 gennaio 1191.
Guglielmo Cassinese I,136,58,56,1191-01-24,other,"136. A n su ix o prom ette a Marchesìo Zurlo il pagam ento di una parte del prezzo di acquisto della casa, di cui al doc. 135, entro l ’anno. 24 gennaio 1191."
Guglielmo Cassinese I,137,58,56,1191-01-24,other,137. M archesio Zurlo fa dichiarazione della proprietà delle m erci che Oberto di B ontom m aso ha Oltremare. 24 gennaio 1191.
Guglielmo Cassinese I,138,58,56,1191-01-24,accomendatio,138. Ogerio de Volta contrae una acoomendatio per Napoli e la terra del re di Sicilia con Giordano Ricerio. 24 gennaio 1191.
Guglielmo Cassinese I,139,59,57,1191-01-25,other,139. Vivaldo e G uglielm o Codemagi di Savona pro m etto n o di pagare una som m a a Sofia. 25 gennaio 1191.
Guglielmo Cassinese I,140,59,57,1191-01-25,other,140. G uglielm o de Beders {Beziers?) dichiara che pagherà a L anfranco Ricerio l ’im porto di u n credito da lui rilevato. 25 gennaio 1191.
Guglielmo Cassinese I,141,60,58,1191-01-25,other,"141. G uglielm o R izisom e suo figlio Giacomo prom ettono a R oberto Grasso il pagam ento di una som m a, per novazione da lui fatta. 25 gennaio 1191."
Guglielmo Cassinese I,142,60,58,1191-01-26,other:quittance,142. Giordano R ubeo e Lorinone di Nervi em ettono u n lodo nella lite tra A ngelerio Nasturzio e Lanfranco de Lori. 26 gennaio 1191.
Guglielmo Cassinese I,143,61,59,1191-01-26,societas,"143. Vassallo di Albaro contrae una soeietas con G iovanni da Liégc e Vassallo Rapailino, per la Sardegna. 26 g enn aio 1191."
Guglielmo Cassinese I,144,61,59,1191-01-26,other,"144. G uglielm o Crispino prom ette a G uglielm o de A ldo il pagam ento di una partita di pepe, con fideiussione di Fabiano C rispino. 26 gennaio 1191."
Guglielmo Cassinese I,145,62,60,1191-01-26,other,145. Pasquale Ublagerius prom ette il pagam ento di una som m a a Enrico A ljer o a Rolando de Fontana. 26 gennaio 1191.
Guglielmo Cassinese I,146,62,60,1191-01-26,societas,"146. G uglielm o da Bogli<asco, Baxabarda, contrae una socielas cun B onbel, macellaio, per Napoli e altrove. 26 gennaio 1191."
Guglielmo Cassinese I,147,62,60,1191-01-26,other,147. G uglielm o Martino prom ette a Baudo di Nizza il pagam ento di 24 baracconi. 26 gennaio 1191.
Guglielmo Cassinese I,148,62,60,1191-01-26,other,148. (5) G uglielm o de Canali prom ette una som ìna a Rolando de Fontana. 26 gennaio 1191.
Guglielmo Cassinese I,149,63,61,1191-01-27,other:lease/hire,149. A lda e Ansaldo locano ad A ugusto drappiere una bottega. 27 gennaio 1191.
Guglielmo Cassinese I,150,63,61,1191-01-27,societas,150. G iovanni Matus di Chiavari contrae una societas con A lda del fu B alduino de Campo per affari in Riviera ligure. 27 gennaio 1191.
Guglielmo Cassinese I,151,63,61,1191-01-27,other:no-term trade capital,"151. A n seim o Zarela dichiara di aver ricevuto da A lda una som m a, e averla prestata a cambio m a rittim o in Sicilia o Napoli, per conto di lei. 27 gennaio 1191."
Guglielmo Cassinese I,152,64,62,1191-01-27,other,"152. A nsaldo Lecavela p ro m ette una som m a a Oddone de Melato, pel 1 m aggio. 27 gennaio 1191."
Guglielmo Cassinese I,153,64,62,1191-01-27,other,"153. A rdizzone de C u m ignano prom ette a Pietro di Savona una som m a, e gli costituisce in pegno 7 fasci di canapa, affidati da com m erciare a L antelm o da Piacenza. 27 gennaio 1191."
Guglielmo Cassinese I,154,64,62,1191-01-27,other,154. Bernardo B icius prom ette a Pietro Maxeraldo la rifusione dei due terzi delle spese processuali per una terra di Repia. 27 gennaio 1191.
Guglielmo Cassinese I,155,65,63,.NR,other:quittance,"155. G iovanni Balbi, e sua moglie Mobilia ven d o n o a E rm egina,"
Guglielmo Cassinese I,156,65,63,1191-01-07,other,"156. E rm egina prom ette a G iovanni Balbi e Mabilia, pel 24 g iu gno 1191, il pagamento di u n acconto del prezzo della te n a in cam po de Lori di cui al doc. 155. 27 gennaio 1191."
Guglielmo Cassinese I,157,66,64,1191-01-28,other,157. Giosbcrto pro m ette a G uglielm o Z irbino una som m a per dote della nipote Maria e ogni altro credito. 28 gennaio 1191.
Guglielmo Cassinese I,158,66,64,1191-01-28,other,158. B ucuzio de Mari e i preti di San Silvestro convengono di togliere e non lasciar crescere le piante sui loro terreni contigui al belvedere di San Silvestro. 28 gennaio 1191.
Guglielmo Cassinese I,159,67,65,1191-01-28,sale,"159. Oberlo Velazanus e sua, m oglie Matelda vendono a G iovanni Gajolo i loro im m o b ili di Velazo. 28 gennaio 1191."
Guglielmo Cassinese I,160,67,65,1191-01-28,other:quittance,"160. Il m archese Azone ratifica la p erm uta falla da sua m adre, donna Maria, col monastero del T ig lk lo , in Varazze. 28 gennaio 1191."
Guglielmo Cassinese I,161,68,66,1191-01-29,accomendatio,"161. Baudo A la m a n n o contrae una accomendatio con Rolando de Canneto, per affari in T u n isi o in qualsiasi porto del « Garbo ». 29 g ennaio 1191."
Guglielmo Cassinese I,162,69,67,1191-01-29,other:no-term trade capital,"162. (2) Baudo A lam anno dichiara di portare una som m a di A r duino de Canneto da trafficare a T unisi o in porto del « Gar òo», ad medietatem proficui. E A rduino dichiara di tenere, per vendere a uguale patto, degli strum enti m usicali, datigli da Baudo. 29 gennaio 1191."
Guglielmo Cassinese I,163,69,67,1191-01-29,other:lease/hire,"163. Marufo de Paver noleggia il proprio « galeotum » a Bernardo de Soriano, Ogerio de Sancto Grico, Belize da Sestri Levarne e G uglielm o G uibulo, per viaggio in Sardegna e ritorno con scarico a Sestri Levante. 29 gennaio 1191 (4)."
Guglielmo Cassinese I,164,70,68,1191-01-29,other,164. Ugo S inib a ld i prom ette di pagare ui\a som m a a Gaialdo de S u m m o Vigo pel 29 settem bre. 29 gennaio 1191.
Guglielmo Cassinese I,165,70,68,1191-01-29,other,"165. Ugo drappiere prorriette di pagare una som m a ad A rnolfo Pitito, per m età quaresim a. 29 gennaio 1191."
Guglielmo Cassinese I,166,70,68,1191-01-29,other:quittance,166 . Lanfranco R icerio cede a Ugo Spalla ogni credito e azione nei riguardi di E rm egina e A nsaldo de Campo. 29 gennaio 1191.
Guglielmo Cassinese I,167,71,69,1191-01-29,sea_loan,167. Guinzigueso da Pisa contrae con Pietro fio ren tin o u n contratto di cambio traiettizio su Pisa. 29 gennaio 1191.
Guglielmo Cassinese I,168,71,69,1191-01-29,other,"168. G iovanni Centrago, notaio, prom ette di pagare una so m m a ad Alda del fu Lanfranco da Ponte, se G uglielm o da Sori, notaio non pagherà. 29 gennaio 1191."
Guglielmo Cassinese I,169,71,69,1191-01-30,mutuum,169. A n fu sso del fu Sarraceno da Vegio e m oglie p rendono a m u tuo u n a som m a da A m ig o R om edio. 30 gennaio 1191.
Guglielmo Cassinese I,170,72,70,1191-01,sea_loan,"170. B enaven fratello di R ustigello di Bursa, pisano, stipula un contratto di cam bio da Genova in Pisa, con 2 den. per libbra, a Pietro fio ren tin o . O bbliga 6 centinaia d ’indaco in pegno. ¿0 g e n n a io 1191."
Guglielmo Cassinese I,171,72,70,1191-01-30,other,171. R u b a ld o Guercio contrae u n m u tu o con B uongiovanni figlio di Vasallo R espeito. 30 g enn aio 1191.
Guglielmo Cassinese I,172,73,71,1191-01-31,mutuum,"172. Oberto da Solerò promette dare a Oddono de Piaza u n a so m m a in Genova, o in Champagne alla fiera di Maggio (di P rovins). 31 gennaio 1191."
Guglielmo Cassinese I,173,73,71,1191-02-02,other:obligation,"173. A m brogio Ferrabo promette di pagare una so m m a a Gerardo Spandivino di Piacenza. Dà in pegno fustagno e soglia a G uido da Rezo che garantisce il debito. 2 febbraio 1191,"
Guglielmo Cassinese I,174,74,72,1191-02-02,sale,174. B uonsignore del Finale che abita in Noli vende uno schiavo saraceno a O pizzone da Chiavari. 2 febbraio 1191.
Guglielmo Cassinese I,175,74,72,1191-02-03,accomendatio,175. Baldovino da Terralba e Barbavaria contraggono una accom endacio per affari in Sardegna. A nche G iovanni Pellizzella dò 1. 29. 3 febbraio 1191.
Guglielmo Cassinese I,176,74,72,1191-02-03,other,176. G iovanni e G uglielm o del fu Ogerio da Fileto convengorx di tenere in co m u n e a lcu n i beni ereditati (?) e fanno la divisione <li. altri. 3 febbraio 1191.
Guglielmo Cassinese I,177,75,73,1191-02-03,other:quittance,177. G uglielm o e Giacomo del fu Bom bel R o m a n i d ivid o n o lu tti i m obili eccetto la mobilia della casa. 3 febbraio 1191.
Guglielmo Cassinese I,178,75,73,1191-02-04,other:quittance,178. G uglielm o Mosegno s’im pegna di andare m agisler sulla nave di G uglielm o di Palio da Porto Pisano in O ltrem are e ritorno. 4 febbraio 1191.
Guglielmo Cassinese I,179,75,73,1191-02-04,other:obligation,179. A m brogio Ferrabo prom ette di dare a R ubaldo Rosso u n a som m a costituendo in pegno bambagia e fustagno. Guido da Rezo ne prende parte e garantisce il debito. 4 febbraio 1191.
Guglielmo Cassinese I,180,76,74,1191-02-05,societas,180. Oberto zoccolaio di Sestri Ponente contrae una societas con Giordano Clerico per affari in Sardegna. 5 febbraio 1191.
Guglielmo Cassinese I,181,76,74,1191-02-05,societas,181. G uglielm o Faragiano contrae una societas con Ansaldo Rataldo per affari in Marsiglia. 5 febbraio 1191.
Guglielmo Cassinese I,182,77,75,1191-02-05,mutuum,182. Palerò de Clavica riceve in m utuo una som m a da G uidiniso Botario e lo garantisce mediante i suoi diritti sulle terre dei canonici in Clavica. 5 febbraio 1191.
Guglielmo Cassinese I,183,77,75,1191-02-05,other:lease/hire,183. M abilia di Leeavella dà in affitto una bottega a Guido Bergognono. 5 febbraio 1191.
Guglielmo Cassinese I,184,77,75,1191-02-05,societas,184. O liviero da Sestri Ponente del fu Marufio e G uglielm o da Sestri P onente contraggono una societas per affari in Sardegna e altrove. 5 febbraio 1191.
Guglielmo Cassinese I,185,78,76,1191-02-06,other,185. P ellegrino de Mejora s ’im pegna di lavorare da sarto nella bottega di Ugone sarto. 6 febbraio 1191.
Guglielmo Cassinese I,186,78,76,1191-02-06,other:obligation,186. A m b ro g io Ferrabo prom ette di dare a Gerardo Spa.ndivino una so m m a e im p eg n a 2 balle di fustagno tinto con Guido da Rezo che garantisce il debito. 6 febbraio 1191.
Guglielmo Cassinese I,187,79,77,1191-02-07,dowry,187. Gerardo del ju Gazalo de Verzellalo dà quietanza per la dote di sua m oglie Maria de Ansa e le costituisce l'antijatto. 7 febbraio 1191.
Guglielmo Cassinese I,188,79,77,1191-02-07,other,"188. Gerardo e Maria, coniugi, si riconoscono debitori verso B eltram o figlio di Maria. 7 febbraio 1191."
Guglielmo Cassinese I,189,79,77,1191-02-07,other,"189. Adelasia del ju Obizzone Lecavelle dà quietanza a suo jratello Ottone, per i beni paterni. 7 febbraio 1191."
Guglielmo Cassinese I,190,80,78,1191-02-07,sale,"190. Ugo da Pavarano e Matelda, coniugi, vendono una casa in M urvallo a Pietro Guercio per ottenere il contante per la dote, di A nnetta , figlia del detto Ugo. 7 febbraio 1191."
Guglielmo Cassinese I,191,80,78,1191-02,other,191. Pietro Guercio p ro m ette di pagare l. 12 per la casa di cui al doc. 190. 7 febbraio 1191.
Guglielmo Cassinese I,192,81,79,1191-02-07,other,192. R uffin o da Canneto si riconosce debitore di G uglielm o Mischiavino. 7 febbraio 1191.
Guglielmo Cassinese I,193,81,79,1191-02-08,other,193. G uglielm o di Rodolfo e Nicola Vcseto si riconoscono deb ito ri di Respcilo. Guglielmo Zerbino garantisce il debito. 8 febbraio 1191.
Guglielmo Cassinese I,194,81,79,1191-02-08,societas,194. G uglielm o da Castelletto e Gandolfo Barberio co n traggono una societas per affari in Sardegna. 8 febbraio 1191.
Guglielmo Cassinese I,195,82,80,1191-02-08,other,195. Orlando da Canneto si riconosce debitore di Oddone Rabia da A sti. 8 febbraio 1191.
Guglielmo Cassinese I,196,82,80,1191-02-08,other,196. G uglielm o de Rodes si riconosce debitore di Giacomo Ficiani. 8 febbraio 1191.
Guglielmo Cassinese I,197,82,80,1191-02-10,other,197. Guido da Costa si riconosce debitore di Idone di Palio e Gualtiero da Voltri garantisce il debito. 10 febbraio 1191.
Guglielmo Cassinese I,198,82,80,heading: m aggior debito. 10 f,other:quittance,198. Oberto Clerico dà quietanza di sol. U0 che la nipote Alda gli paga in acconto di m aggior debito. 10 febbraio 1191.
Guglielmo Cassinese I,199,83,81,heading: no vende una terra in costa a natale bianco con patto di riscatto entro io a n n i. 11 f,sale,199. Arnaldo Arpaveggia da Arenzano vende una terra in Costa a Natale Bianco con patto di riscatto entro IO a n n i. 11 febbraio 1191.
Guglielmo Cassinese I,200,83,81,.NR,dowry,200. Natale Bianco da Arenzano riceve una som m a per la dote di
Guglielmo Cassinese I,201,83,81,heading: febbraio 11.91.,accomendatio,201. (1 ) G iovanni di Oberto Pizi e Enrico banchiere contraggono accomandacio per affari in Marsiglia e altrove. 1 1 febbraio 11.91.
Guglielmo Cassinese I,202,84,82,heading: genova o in sciam pagna alla prossim a fiera di san g iovanni in troyes con u n alim ento . 11 f,mutuum,"202. M anfredo Goia si obbliga di pagare una som m a a Enrico Giosberto e A n seim o da Prato, per pentecoste a Genova o in Sciam pagna alla prossim a fiera di san G iovanni in Troyes con u n alim ento . 11 febbraio 1191."
Guglielmo Cassinese I,203,84,82,heading: genova o in sciam pagna alla seguente fiera di san g iovanni in troyes. 11 f,mutuum,203. M anfredo Goia si obbliga al pagam ento di una som m a a Giacom o da C ortem ilia o a Pasqua in Genova o in Sciam pagna alla seguente fiera di san G iovanni in Troyes. 11 febbraio 1191.
Guglielmo Cassinese I,204,85,83,1191-02-11,sale,"204. A r n a ld o A rpavcggia e G uglielm o e Ansaldo, suoi fig li v e n d o n o u n a terra in Artale a G iovanni da Alano. 11 febbraio 1191."
Guglielmo Cassinese I,205,85,83,heading: a p ro m ette di andare com e m arinaio sulla nave d i g u g lie lm o di palio da porto pisano in oltrem are e ritorno. 12 f,other:quittance,205. S im o n e Greta p ro m ette di andare com e m arinaio sulla nave d i G u g lie lm o di Palio da Porto Pisano in oltrem are e ritorno. 12 feb b raio 1191.
Guglielmo Cassinese I,206,86,84,1191-02-12,other,"206. M alvestito da Milano e Obizzo da Frasso si obbligano di >0 11 segnare u n giovane schiavo sardo a G uidone da Rezo, per cui G uidone ha già pagato sol. 20 e prom ette di pagarne altri sol. 20 alla consegna. 12 febbraio 1191."
Guglielmo Cassinese I,207,86,84,heading: m artino corto contraggono una societas per affari d o vu n q u e voglia oberto. 12 f,societas,207. Oberto Rosso e M artino Corto contraggono una societas per affari d o vu n q u e voglia Oberto. 12 febbraio 1191.
Guglielmo Cassinese I,208,86,84,1191-02-12,other,"208. M anfredo del fu G uidone L u p i, e Paxano stabiliscono le m odalità di pagam ento del prezzo della terra in Monte venduta dalla cognata Rosa e suo figlio. 12 febbraio 1191."
Guglielmo Cassinese I,209,87,85,1191-02-13,societas,"209. A n sa ld o Nono, Oberlo da A cquabona, P ietro da Verdeto e altri co n traggono una societas p er affari in P rovenza e altrove. 13 feb braio 1191."
Guglielmo Cassinese I,210,87,85,heading: a p ro m e tto n o di andare sulla nave di g uglielm o di palio da porto p isano in oltrem a re e ritorno. 13 f,other:quittance,210. S im o n e M alagrundo e Vasallo M urevel da Porta p ro m e tto n o di andare sulla nave di G uglielm o di Palio da Porto P isano in oltrem a re e ritorno. 13 febbraio 1191.
Guglielmo Cassinese I,211,88,86,1191-02-13,other,211. Bernardo Calegario da Valle Trebbia si riconosce debitore verso Drogo da San Lorenzo e G iovanni Valloso garantisce il debito. 13 febbraio 1191.
Guglielmo Cassinese I,212,88,86,1191-02-14,accomendatio,"212. G iovanni da Veguli, G iovanni cazaor e G uglielm o calderaio contraggono u n a accomendacio per affari in Napoli e altrove. 14 febbraio 1191."
Guglielmo Cassinese I,213,88,86,1191-02-15,other,"213. Nazario Gropo deve a G uglielm o Rataldo una som m a, e im pegna i suoi beni verso Baldizio Bojacheso che agisce a nom e di G uglielm o. 15 febbraio 1191."
Guglielmo Cassinese I,214,88,86,1191-02-15,mutuum,214. D aniele Nacarò riceve in m u tu o una som m a da A m ico m acellaio e im p eg n a una terra c h ’egli tiene dallo stesso A m ico. 15 febbraio 1191.
Guglielmo Cassinese I,215,89,87,heading: marinaio sulla nave di guglielmo di palio da porlo pisano in oltremare e ritorno. 15 f,other:quittance,215. Baldizzo Tellano promette di andare come marinaio sulla nave di Guglielmo di Palio da Porlo Pisano in Oltremare e ritorno. 15 febbraio 1191.
Guglielmo Cassinese I,216,90,88,heading: a prom ette lo stesso. 15 f,other,216. Ogcrio Poccalana prom ette lo stesso. 15 febbraio 1191.
Guglielmo Cassinese I,217,90,88,heading: giudice. 15 f,other:quittance,217. Otto giudice da Castello dà quietanza a Rubaldo Pezullo di una so m m a per una accomendacio di u n locum e m ezzo di nave contratta con Rubaldo in Napoli per G iovanni giudice. 15 febbraio 1191.
Guglielmo Cassinese I,218,90,88,1191-02-16,societas,218. Villano A xa xin o e G uglielm o Rataldo contraggono una societas per affari in Catalogna e altrove. 16 febbraio 1191.
Guglielmo Cassinese I,219,91,89,1191-02-16,accomendatio,219. B a ld izzo Boiacheso e G uglielm o Ralaldo contraggono una ac c o m en d ac io com e sopra. 16 febbraio 1191.
Guglielmo Cassinese I,220,91,89,1191-02-16,other,220. A lb e rto Paradiso p ro m ette di pagare una so m m a a Nazario G ropo. 16 febbraio 1191.
Guglielmo Cassinese I,221,91,89,heading: m a rtin o corto p ro m ette di pagare una so m m a ad ugone papazolle. 16 f,other,221. M a rtin o Corto p ro m ette di pagare una so m m a ad Ugone Papazolle. 16 febbraio 1191.
Guglielmo Cassinese I,222,91,89,1191-02-18,dowry,222. G io v a n n i Gallina del fu A lberto Silvagno dichiara d ’aver ricevu to lib . 15 della dote della m oglie A ltilia figlia di Ober'.a da C o d o g n o e dà n o m in e antifacti lib. 8. 18 febbraio 1191.
Guglielmo Cassinese I,223,92,90,1191-02-18,other,223. Oberto da Codogno prom ette di pagare a G iovanni Gallina una parte della dote di cui al doc. 222. 18 febbraio 1191.
Guglielmo Cassinese I,224,92,90,1191-02-18,other:lease/hire,"224. Ogerio Galleta, prevosto di San Lorenzo, ed altri chierici, danno a G andoljo de Valle, a livello per an n i 15 la m età dei beni che la chiesa di San Lorenzo possiede in Corsanego. 18 febbraio 1191."
Guglielmo Cassinese I,225,93,91,1191-02-18,sale,"225. G iovanni de Piris e Richelda, coniugi, vendono m r i appezm en ti di terra situati in diversi luoghi a Rubaldo e Rinaldo dei Piano da Manenzano. 18 febbraio 1191."
Guglielmo Cassinese I,226,93,91,1191-02-18,sale,"226. R inaldo e Rubaldo sopradetti prom ettono di pagare per l'acquisto di cui sopra, e Rubaldo lam gnino garantisce il pagam en to . 18 febbraio 1191."
Guglielmo Cassinese I,227,94,92,1191-02-19,sale,227. Sofia del fu Alberto de Verzuli vende u n appezzam ento dì terra in Cam ogli e altrove a Drogo da San Lorenzo. 19 febbraio 1191.
Guglielmo Cassinese I,228,95,93,1191-02-19,other,228. C o d icillo al doc. 225 (2). 19 febbraio 1191.
Guglielmo Cassinese I,229,95,93,1191-02-20,societas,"229. M a rtin o da Chiavari e Quadrello Fornaio contraggono una societas p e r affari in M arem m a, Sicilia e altrove. 20 febbraio 1191."
Guglielmo Cassinese I,230,96,94,1191-02-21,other,230. A n fu sso banchiere com pra saglia da Sim one da Stanforte e ne prom ette di pagare il prezzo. 21 febbraio 1191.
Guglielmo Cassinese I,231,96,94,1191-02-21,other,231. Godoino lapidario prom ette di pagare una som m a a R aim ondo da B oulogne a diverse date. 21 febbraio 1191.
Guglielmo Cassinese I,232,96,94,1191-02-21,other,232. E nrico Giosberto prom ette di pagare una som m a a Cregiano da A sti e Uberto Vacca garantisce il debito. 21 febbraio 1191.
Guglielmo Cassinese I,233,97,95,1191-02-21,other,233. A lberto Paradiso promette di pagare una som ina a Nazario Gropo. 21 febbraio 1191.
Guglielmo Cassinese I,234,97,95,1191-02-21,other:quittance,"234], G iovanni Usura dà quietanza a Giovanni Mazamor per una som m a di merci e denaro per una accomcndacio. 21 febbraio 1191."
Guglielmo Cassinese I,235,97,95,1191-02-21,accomendatio,235. Oberto Tachino porta una som m a in accom endacione di Pie tro della Croce e soci in Sardegna. 21 febbraio 1191.
Guglielmo Cassinese I,236,97,95,1191-02-22,other:reference to accomendatio/societas,"236. Gualterio genero del fu Carlo presta 20 marche d ’argento della sua società con Giovanni Guercio ad A nseim o da Prato, e Corrado Preveengo e 21 m arche d ’argento della sua società cori Giova n n i Grassomorselìo a Crosolano Apolio; da restituirsi in lire. 22 febbraio 1191."
Guglielmo Cassinese I,237,98,96,1191-02-22,other,237. M artino da Albaro e A rd u in o da Canneto pro m etto n o di pagare una som m a a Lam berto Buonalana. 22 febbraio 1191.
Guglielmo Cassinese I,238,98,96,1191-02-22,other,"238. L'arcidiacono Otto della chiesa di Genova e due abbati, giudici delegati del Papa Clem ente III, em ettono sentenza in u n p ro cesso d ’usura tra Ansaldo de Cassiano e Bernardo di Obizzone Tignoso da M ontalto e A ndrea della Villa. 22 febbraio 1191 (3)."
Guglielmo Cassinese I,239,99,97,1191-02-23,other:testament,239. Safran de Clavica fa testamento. 23 febbraio 1191.
Guglielmo Cassinese I,240,100,98,1191-02-23,other,240. B aiam onte Barlaim prom ette di pagare una som m a a Simona da I ser. 23 febbraio 1191.
Guglielmo Cassinese I,241,100,98,1191-02-23,other:reference to accomendatio/societas,241. Gualterio genero del fu Carlo presta dieci inarche d ’argento della sua società con G iovanni Guercio ad Enrico Giosberto e A nseim o da Prato e Uberto Vacca ne garantiscono il pagamento. 23 febbraio 1191.
Guglielmo Cassinese I,242,100,98,1191-02-24,other,242. Streiaporco garantisce di pagare una som m a a Gualtiero genero del fu Carlo a conto di Pileto da Liége lì presente. 24 febbraio 1191.
Guglielmo Cassinese I,243,101,99,1191-02-25,sale,243. R o d o lfo d i U m berto da Sagnes vende due schiavi saracern a R u b a ld o de Modo. 25 febbraio 1191.
Guglielmo Cassinese I,244,101,99,1191-02-25,other,244. A n s a ld o de Mari p ro m e tte di pagare una som m a a Giacomo F ic ia n i. 25 feb b raio 1191.
Guglielmo Cassinese I,245,101,99,1191-02-25,other,245. G ia c o m o R aschiero p ro m e tte di pagare w ia som m a a Enrico b a n c h ie re e d E n rico G iosberto e Bellardo Grugno garantiscono il p a g a m e n to . 25 feb b raio 1191.
Guglielmo Cassinese I,246,101,99,1191-02-25,other,"246. G io sb erto e G u g lielm o M usso pro m etto n o di pagare una som m a a L a n te lm o p ia c en tin o , per conto di Gemrdo Spandivino p ia c e n tin o , p r ò in cen so . 25 febbraio 1191."
Guglielmo Cassinese I,247,102,100,1191-02-26,other:obligation,247. Grillo C am panile da Lucca prom ette di pagare una som m a a M elano da M ilano e dà in p eg n o varie m erci in accomendacione con C oenna Lucchese. 26 febbraio 1191.
Guglielmo Cassinese I,248,102,100,1191-02-28,societas,"248. G iovanni Usura, Ruggero Nozenzio e G iovanni Mazamor c o n traggono u n a societas per affari in Sicilia. 28 febbraio 1191."
Guglielmo Cassinese I,249,103,101,1191-02-28,societas,249. G io v a n n i Usura e G uglielm o Ponzio contraggono una societa s i n c o m u n e con la societas di cui al doc. 2U8. 28 febbraio 1191.
Guglielmo Cassinese I,250,103,101,1191-03-01,other,250. G u e r c io da P avia da P orta Marenca e Giovanni di Bomano .si im p e g n a n o d i con seg n a re 5 balle di fustagno a Ugolino Mallo n o . G u g lie lm o de S a n to Sylo e A rm a n n o de Tromello garantis c o n o la co n seg n a . 1 m arzo 1191.
Guglielmo Cassinese I,251,103,101,1191-03-02,societas,251. M a n fr e d o da R o v e re to da San D onato e Oberto da Acquabona c o n tr a g g o n o u n a societas p e r affari in Tunisia. 2 marzo 1191.
Guglielmo Cassinese I,252,104,102,1191-03-03,other,252. Faxo da Piatello p ro m ette di dare una som m a di im periales a Marchesio de Zavar. 3 m arzo 1191.
Guglielmo Cassinese I,253,104,102,1191-03-03,dowry,253. G iovanni A vvocato dà quietanza della dote della m oglie Adelasia figlia del fu Obizzone Lecavelle e costituisce una controdote di l. 100. 3 m arzo 1191.
Guglielmo Cassinese I,254,105,103,1191-03-03,other,254. (3) G ia c o m o de S o ler co m p ra pepe da G uglielm o de Aldo e p r o m e tte d i p a g a rn e il p rezzo a Pietro de Rugiasco e Oberto de S o le r g a r a n tis c o n o il p a g a m en to . 3 m arzo 1191.
Guglielmo Cassinese I,255,106,104,1191-03-04,other,"255. A rm a n n o , Giacomo e Contessa figli del fu Nicola Pelle prom ettono di pagare a Buonvassallo di G uisulfo da Campo la dote di Giacoma, m oglie d ’esso Buonvassallo. 4 m arzo 1191."
Guglielmo Cassinese I,256,106,104,1191-03-04,other,256. O rbetello da Lucca e Laterio Calvetto com prano seta da Buona m ico da Lucca e ne pro m etto n o il pagam ento in Lucca o in S ciam p a g n a alla fiera di Bar. 4 m arzo 1191.
Guglielmo Cassinese I,257,107,105,1191-03-05,other,257. O tto lin o da S a n M artino si riconosce debitore di Ugolino Mallo n o e O b erto F alzono e Belardo G rugno garantiscono il debito. 5 m a r z o 1191.
Guglielmo Cassinese I,258,107,105,1191-03-05,other,"258. (4) G io v a n n i B oleto presta del suo e del capitale di Bernizio S c o to a O berto da V alfenera e R udolfo Garreto, i quali, con G u g lie lm o M onaco, garantiscono reciprocamente il debito. 5 m a r z o 1191."
Guglielmo Cassinese I,259,108,106,1191-03-05,other,259. (1) Belardo Belardengo e suo fratello Guiscardo com prano pepe da G uglielm o de Aldo. Pietro de Rugiasco e Oberto de Soler garantiscono il pagam ento. 5 m arzo 1191.
Guglielmo Cassinese I,260,108,106,1191-03-06,other,"260. Marchesio de Volta dichiara che Rogerio de Cafara non ebbe i 700 tari che Nicola da Bellerato avrebbe dovuto consegnargli per suo conto; perciò a n n u lla la quietanza e ne dà atto a Guido de Laude, che rappresenta l ’assente Buggero. 6 m arzo 1191."
Guglielmo Cassinese I,261,108,106,1191-03-06,other,261. A n n a di Rosso libera una schiava a nom e Margherita. 6 m arzo 1191.
Guglielmo Cassinese I,262,109,107,1191-03-13,other,262. O rla n d o della F o n ta n a deve una som m a a Martino Piccardo p e r c o n to d i Enric.o Jojo. 13 m arzo 1191.
Guglielmo Cassinese I,263,109,107,1191-03-06,societas,263. O tto C a lc h erio e O gerio• da Cartagenia contraggono una societas p e r a ffa ri O ltrem are e altrove. 6 m arzo 1191.
Guglielmo Cassinese I,264,109,107,1191-03-06,societas,264. Is im b a r d o da M ultedo e Ogerio da Cartagenia contraggono u n a so c ie ta s p e r affari in T u n isia e altrove. 6 m arzo 1191.
Guglielmo Cassinese I,265,110,108,1191-03-06,other:testament,265. R a im o n d o U m id o vende i suoi beni nel borgo di Saint Gilles a G u g lielm o Uzaldo. 6 m arzo 1191.
Guglielmo Cassinese I,266,110,108,1191-03-06,other:quittance,"266. T o m m a so de Pàscerà riceve da Raim ondo Unaldo 4 coppe di argento e u n a som m a di m oneta, m andategli da Raim ondo de Pàscerà p er m ano di Piero Raim ondo. 6 marzo 1191."
Guglielmo Cassinese I,267,111,109,1191-03-06,other:lease/hire,267. G u a lterio de T ren dà in nolo un cavallo a Orlando Bordello p e r 12 g io r n i o per u n m aggio alla fiera di Bar in Sciampagna. 6 m a rz o 1191.
Guglielmo Cassinese I,268,111,109,1191-03-07,mutuum,"268. B o n a v e n tu r a Clerico e Zaprina, coniugi, ricevono in m utuo p rò a m o re u n a so m m a da A m ico macellaio. 7 marzo 1191."
Guglielmo Cassinese I,269,111,109,1191-03-07,other:quittance,269. G rillo p r o m e tte di pagare diverse som m e dovute da Michele S tella a v a ri creditori che rilasciano quietanza per tutti gli altri d e b iti d o v u ti loro da M ichele Stella. 7 m arzo 1191.
Guglielmo Cassinese I,270,112,110,1191-03-07,other,970 Belardo Benedetto e Gandolfo B uzulino si dichiarano debitori di u na so m m a a G iovanni Boleto. Boleto dichiara che detta som m a appartiene a Bernizione Scoto. 7 m arzo 1191.
Guglielmo Cassinese I,271,112,110,1191-03-07,accomendatio,271 Isim bardo da Multedo e Martino Picardo contraggono una 'accom endacio per affari in Tunisia e altrove. 7 m arzo 1191.
Guglielmo Cassinese I,272,112,110,1191-03-07,other,272. G iacom o Monaco deve a Lam berto da M ultedo u n a som m a e Belardo da Valfenera garantisce il debito. 7 m arzo 1191.
Guglielmo Cassinese I,273,113,111,1191-03-08,societas,"273. M a n fr e d o da R o vereto da San Donato, usa parte del capitale d i u n a società® c h ’egli ha con Oberto da Acquabona, per contra rre u n a n u o va societas con tre donne, per affari in Tunisia. 8 m a rz o 1191."
Guglielmo Cassinese I,274,113,111,1191-03-08,other,274. (3) B e la rd o da Valfenera deve una som m a ad Enrico banchiere. G ia c o m o M onaco garantisce il debito. 8 marzo 1191.
Guglielmo Cassinese I,275,113,111,1191-03-08,mutuum,"275. (4) B e rn a rd o da V en tim ig lia prom ette di pagare una somma in m o n e ta d i P rovins a G iacom o D am iano. In caso di d im in u zio n e d i va lo re della m o n eta di Provins, il debito sarà da com p u ta r s i in ragione d i 45 soldi per m arco d ’argento. Pagamenlo da fa r s i a lla fiera di Bar con pegno di k torselli di cordovano che G era rd o de Zarroli p o rta alla fiera. 8 marzo 1191."
Guglielmo Cassinese I,276,114,112,1191-03-09,other:quittance,"276. Obizzone, abbate del m onastero di San F ruttuoso di Capodim onte concede in feudo ad Oberto da Poma, u n a terra nel borgo di Sestri Levante. 9 m arzo 1191."
Guglielmo Cassinese I,277,114,112,heading: ottega di martino. 10 m,accomendatio,"277. Martino battifoglio e Mobilia, coniugi, ed Idone de Palio contraggono una accom endacio per affari nella bottega di Martino. 10 m arzo 1191."
Guglielmo Cassinese I,278,115,113,1191-03-10,other:quittance,278. G u ìb e r to d a L a vagna e G uglielm o Cravorezza danno il lodo a rb itra le n e lla lite fra A lb erto Lìgam usca e Giovanni coltellaio. 10 m a rz o 1191.
Guglielmo Cassinese I,279,116,114,1191-03-11,other:obligation,"279. A rd izio n e da C om ignano prom ette di pagare una somm a a Pietro da Savona, e im pegna canapa in possesso di Lantelmo da Piacenza. 11 m arzo 1191."
Guglielmo Cassinese I,280,116,114,1191-03-11,other,"280. Otto M ontanario si riconosce debitore di Enrico Cujano, per conto di Sondano. 11 marzo 1191."
Guglielmo Cassinese I,281,116,114,1191-03-12,other,281. S im o n e da Iser si riconosce debitore di Giovanni Boleto. Giova n n i dichiara che una parte della som m a gli appartiene e il 115 re sto è d i B e r n iz o n e S co to . B aldovino de Gotefredo Campo </(*r a n tis c e il d e b ito . 12 m a rz o 1191.
Guglielmo Cassinese I,282,117,115,heading: otto lancer. 12 m,mutuum,282. G u a lte r io de T r e n si riconosce debitore di Guidotto Lancer. 12 m a r z o 1191.
Guglielmo Cassinese I,283,117,115,1191-03-12,mutuum,"283. A n f u s s o d e l fu Saraceno e D icunda, coniugi, ricevono in m u tu o u n a s o m m a da A m ic o R o m ed io e danno in pegno una terra in P r a to e il resto dei loro beni. 12 m arzo 1191."
Guglielmo Cassinese I,284,118,116,heading: o ttolino da san m artino si riconoscono debitori di m artino curto. 12 m,other,284. Belar do G rugno e O ttolino da San M artino si riconoscono debitori di M artino Curto. 12 m arzo 1191.
Guglielmo Cassinese I,285,118,116,1191-03-12,other,285. (1) Belardo da Valfenera e Giacomo Monaco si riconoscono debitori di Ogerio Galleta. G uglielm o Monaco garantisce il debito. 12 m arzo 1191.
Guglielmo Cassinese I,286,118,116,1191-03-13,societas,"286. G iovanni da Bogliasco nipote del prete Ingone, R uggero Noxenzio e G iovanni Mazamor contraggono una societas per affari in Sicilia. 13 m arzo 1191."
Guglielmo Cassinese I,287,119,117,1191-03-13,other,287. (1) E n r ic o A lfie ri si riconosce debitore di Baldovino Scoio e O rla n d o de F o n ta n a garantisce il debito. 13 marzo 1191.
Guglielmo Cassinese I,288,119,117,1191-03-13,other,288. (2) E n r ic o A lfieri si riconosce debitore di Delmeda di Soziylia e O rla n d o de F o n ta n a garantisce il debito. 13 marzo 1191.
Guglielmo Cassinese I,289,119,117,1191-03-14,societas,"289. G io v a n n i de D edo, Piero, A n tu lo e Oberto della Croce contra g g o n o u n a societas p e r affari in Provenza fino a Montpellier. G io v a n n i p o rta anche altra m erce data da terzi in consegna ai della C roce. 14 m arzo 1191."
Guglielmo Cassinese I,290,120,118,1191-03-14,societas+accomendatio,290. U m berto da Verzastello porta beni di due societales in Francia col consenso dei suoi soci. 14 m arzo 1191.
Guglielmo Cassinese I,291,120,118,1191-03-14,other,291. B uongiovanni Folderato deve una som m a a B u o n g io va n n i Respeito. Guido Spinola garantisce il debito. 14 m arzo 1191.
Guglielmo Cassinese I,292,120,118,1191-03-14,other,292. Zono sensale da Verona prom ette di pagare una so m m a a Buzzarino de Ablato. G iovanni Scriba garantisce il debito. 14 m a rzo 1191.
Guglielmo Cassinese I,293,121,119,1191-03-14,other,293. (1) G ia c o m o de S o ler p ro m e tte di pagare una somma a Baldov i n o de N u b ile to o a S ylo . Belardo Belardengo garantisce il deb ito . 14 m a r z o 1191.
Guglielmo Cassinese I,294,121,119,1191-03-14,other,294. R u g g e r o N o x e n zio deve u n a som m a a Lanfranco Buzo e a G u g lie lm o B u o n a d o n n a . 14 m arzo 1191.
Guglielmo Cassinese I,295,121,119,1191-03-15,other,295. I l p r e d e tto R u g g e ro deve u n a som m a ad Uberto de Clusa. 15 m a rz o 1191.
Guglielmo Cassinese I,296,121,119,heading: o tto dei c hiavaresi. 15 m,societas,"296. B ia n c o d a S a n G iorgio de Mercato e i della Croce e alcuni loro so ci c o n tr a g g o n o u n a societas per affari in Maremma fino alla S ic ilia , n e l g a le o tto dei C hiavaresi. 15 m arzo 1191."
Guglielmo Cassinese I,297,122,120,1191-03-15,mutuum,"297. Ruggero N oxenzio stipula u n m u tu o con Rosso della Volle, sulla sicurtà della sua parte del dazio sul sale. 15 m arzo 1191."
Guglielmo Cassinese I,298,122,120,1191-03-15,other,298. (3) Otto D am iano deve una som m a a G iovanni Boleto che dichiara appartenente a Bernizione Scoto. Orlando Vacca garantisce il debito. 15 m arzo 1191.
Guglielmo Cassinese I,299,122,120,1191-03-15,mutuum,"299. (4) M anfredo Goia deve una som m a in m oneta di Rom a, in R om a, a B uono di Giacinto. 15 marzo 1191."
Guglielmo Cassinese I,300,123,121,1191-03-15,accomendatio,"300. (2) R a im o n d o di R o d o lfo ed A rduino da Canneto contraggon o u n a acc o m en d ac io che in parte è u n prestito m arittim o, con m o lti te s s u ti fra n cesi dati in sicurtà, per affari in Messina. 15 m a rz o 1191."
Guglielmo Cassinese I,301,123,121,1191-03-16,other,"301. (4) R a im o n d o , di cu i so p m , fa u n contratto sim ile al preced e n te c o n O rlando da Canneto. 16 m arzo 1191."
Guglielmo Cassinese I,302,124,122,1191-03-16,other,"302. O bizzone A m noabosco deve una som m a a Baldovino Scoto, o a B ubaldo D iotisalve o ad Ogerio Scoto. Belar do Benedetto, Obizzone Vola ed Oberto de Viver garantiscono il debito. 16 marzo 1191."
Guglielmo Cassinese I,303,124,122,.NR,societas,303. Ogerio Porco e D onnice madre di Sozzobuono contraggono una societas p er affari in Sicilia e altrove. La parale di Donnice è costituita da beni di Sozzobuono. 16 marzo' 1191.
Guglielmo Cassinese I,304,125,123,heading: m are. 16 m,accomendatio,304. O gerio F a g u l e G iacom o correggiato contraggono una accom e n d a c io p e r affari O ltrem are. 16 m arzo 1191.
Guglielmo Cassinese I,305,125,123,heading: otto da langasco si dichiarano d eb ito ri d i u n a so m m a a pasquale ublagerio a marchesio de v u lp a ira e a tebaldo m uxeto. 16 m,other,305. (1) G u g lie lm o da C anneto ed Otto da Langasco si dichiarano d eb ito ri d i u n a so m m a a Pasquale Ublagerio a Marchesio de V u lp a ira e a Tebaldo M uxeto. 16 m arzo 1191.
Guglielmo Cassinese I,306,125,123,1191-03-16,accomendatio,"306. O liv iero S e tte lin g u e e L anfranco di Adele Alberici, con i beni di essa A d e le , contraggono u n a accom endacio per la Sicilia e altro ve. 16 m a rz o 1191."
Guglielmo Cassinese I,307,126,124,1191-03-16,societas,307. Orso da A renzano e i della Croce contraggono una societas per affari da M ontpellier fino a Napoli. 16 m arzo 1191.
Guglielmo Cassinese I,308,126,124,1191-03,other,308. Medio Lom bardo da Campo deve una som m a a Guarniero de Maguezato; Zirbino da Campo garantisce il debito. IT marzo 1191.
Guglielmo Cassinese I,309,126,124,heading: otto di lira. 18 m,sale,"309. Vivaldo Rosso da Voltri e Demanda coniugi, vendono parte d ’uria casa in Voltri a Pietro Algania e ad Eloisa m oglie di Otto di Lira. 18 m arzo 1191."
Guglielmo Cassinese I,310,127,125,1191-03-18,societas,310. (1) Guarnerio de Verzellato e Martino Corto contraggono u n a societas per due anni per affari dovunque voglia Guarniero.. 18 m arzo 1191.
Guglielmo Cassinese I,311,127,125,1191-03-18,dowry,311. Salvo Barbieri fa testamento. 18 marzo 1191.
Guglielmo Cassinese I,312,128,126,1191-03-19,other:lease/hire,"31.2. Ogerio Galleta preposto di San Lorenzo, ed altri chierici, danno a livello per 24 anni, una terra in Genova in Clavica dei canonici di San Lorenzo, a G uidiniso Botano. 19 m arzo 1191."
Guglielmo Cassinese I,313,131,127,1191-03-20,other:no-term trade capital,313. Una societas è contratta (senza darci il n o m e) fra G u g lielm o Barbavaria c Guidone Bonaventura per com m erciare in Genova. 20 marzo 1191.
Guglielmo Cassinese I,314,131,127,1191-03-20,accomendatio,"314. G iovanni Guercio ed Alda, moglie di G uglielm o R u b in o , coi beni di Guglielmo, contraggono una societas per affari in S icilia. 20 marzo 1191."
Guglielmo Cassinese I,315,131,127,1191-03-20,sale,"315. (4) A ugusto drappiere, a nom e di Maria, m oglie di L an fra n co de Crosa, vende una schiava saracena ad Oberto Falzono. 20 m arzo 1191."
Guglielmo Cassinese I,316,132,128,1191-03-20,societas,316. Ogerio Porco porta del capitale della sua societas con Giova n n i Boleto in Sicilia e altrove. 20 marzo 1191.
Guglielmo Cassinese I,317,132,128,1191-03-20,societas (by reference to no. 316),"317. Ogerio porla, com e sopra, dei beni di Ogerio Scolo. 20 marzo 1191."
Guglielmo Cassinese I,318,132,128,1191-03-20,other,"318. G uidiniso Botario vende la m età dei suoi diritti sulla terra a lui data, a livello dai canonici di San Lorenzo, a Bernardo Botario. 20 m arzo 1191."
Guglielmo Cassinese I,319,133,129,1191-03-20,societas,319. A nselm o Caito e i della Croce contraggono u n a societas p er affari da M ontpellier fino a Napoli. 20 marzo 1191.
Guglielmo Cassinese I,320,133,129,1191-03-20,societas,320. Guido Bonaventura e Ruggero Noxenzio contraggono una societas per affari in Sicilia e altrove. 20 marzo 1191.
Guglielmo Cassinese I,321,134,130,1191-03-20,accomendatio (by reference to no. 322),321. G uido Bonaventura porta dei beni di G uglielm o Barbavaira nella societas di cui al doc. 320. 20 marzo 1191.
Guglielmo Cassinese I,322,134,130,1191-03-20,accomendatio,322. Lo stesso Guido porta dei beni di Am ico drappiere e di Marchesio del fu D om enico da Castello nella societas di cui al doc. 320. 20 m arzo 1191.
Guglielmo Cassinese I,323,134,130,1191-03-20,other:quittance,"323. G uglielm o figlio del fu Gallo dà quietanza della dote della m oglie, A gnes a Ricom anna sua suocera. 20 m arzo 1191."
Guglielmo Cassinese I,324,134,130,1191-03-20,other:quittance,"324. R ico m a n n a de Mari dà quietanza di una som m a ricevuta dalla societas c h ’ella ha con Gallo del fu Gallo, som m a data da Gallo a G uglielm o Gallo per la dote di Agnese. 20 marzo 1191."
Guglielmo Cassinese I,325,135,131,1191-03-20,other:no-term trade capital,"325. Gallo dichiara di avere investilo la so m m a di cu i sopra, nella sua bottega, per conto di suo fratello G u g lielm o . 20 m arzo 1191."
Guglielmo Cassinese I,326,135,131,1191-03-20,mutuum,326. Fulco A rnaldo stipula u n m u tu o con D rogo. 20 m arzo 1191.
Guglielmo Cassinese I,327,135,131,1191-03-20,societas,327. B aldovino Scoto e R ubaldo D iotisalvi contraggono u n a societas per affari in Sicilia e altrove. 20 m arzo 1191.
Guglielmo Cassinese I,328,135,131,1191-03-20,other:no-term trade capital,"328. B aldovino, di cui sopra, porta in acco m en d acio n e u n a s o m m a di Ogerio Scoto. 20 m arzo 1191."
Guglielmo Cassinese I,329,136,132,1191-03-20,other,"329. B aldovino Scoto deve una som m a a Rubaldo D ioti salvi per la dote di sua figlia Aldice, m oglie di esso Rubaldo. 20 marzo 1191."
Guglielmo Cassinese I,330,136,132,1191-03-20,societas,330. Ugo da Rapallo e i della Croce contraggono una societas per affari fino a R om a. 20 marzo 1191.
Guglielmo Cassinese I,331,136,132,1191-03-21,other,"331. Enrico Medico prom ette di, pagare a G uglielm o Malocello, u n a som m a dovuta a G uglielm o da Ottobuono fig lio di E n rico, a causa della nave grande di Guglielmo. 21 m arzo 1191."
Guglielmo Cassinese I,332,137,133,1191-03-21,accomendatio,"332. Giosberto dichiara di avere in accom endacione, u n a so m m a e u n quantitativo d'argento da G uglielm o Gallo. 21 m arzo 1191."
Guglielmo Cassinese I,333,137,133,1191-03-21,societas,333. A rd u in o Judeco da Rapallo ed Ingone della Volta co n tra g g o no una societas per affari in M arem ma ed in Sardegna. D ue a m ici pro m etto n o piena restituzione in caso di d a n n i causati da A rduino. 21 m arzo 1191.
Guglielmo Cassinese I,334,137,133,1191-03-21,other:testament,334. G uglielm o Gallo del fu Gallo fa testam ento. 21 m arzo 1191.
Guglielmo Cassinese I,335,138,134,1191-03-21,societas,335. Marchesio da Sori ed Ansaldo Rataldo e Riccio Portonario contraggono una societas per affari in M arem m a ed altrove. 21 marzo 1191.
Guglielmo Cassinese I,336,138,134,1191-03-22,other,336. Oberto Clerico presta in m utuo pro am ore una so m m a a Marchesio del fu Guercio. 22 m arzo 1191.
Guglielmo Cassinese I,337,139,135,1191-03-22,societas,337. Otto calch eriu s ed Ogerio da Cartagena contraggono u n a societas per affari in Soria e altrove. 22 m arzo 1191.
Guglielmo Cassinese I,338,139,135,1191-03-22,other,"338. M anfredo Goia prom ette di dare u n a so m m a in m o n eta di R om a, in R om a, a Lorenzo di Benedetto Pauli de A tria. 22 m a r zo 1191."
Guglielmo Cassinese I,339,139,135,1191-03-22,other,"339. Lo stesso Manfredo prom ette di pagare una so m m a in m o n eta di R om a, a Pietro di Janno G arsulino, in R om a. 22 m arzo 1191."
Guglielmo Cassinese I,340,139,135,1191-03-23,other,340. Otto da Langasco presta gratis una so m m a a M anfredo de T u lb i del f u Idone. 23 m arzo 1191.
Guglielmo Cassinese I,341,140,136,1191-03-22,dowry,"341. R inaldo Merlo dà quietanza della dote della m oglie,. A dele, e costituisce u n a controdote. 22 marzo 1191."
Guglielmo Cassinese I,342,140,136,1191-03-22,sea_loan,"342. Prestito m arittim o fatto da Guglielmo sartore de Mari a Giacom o da Palavagna, per u n viaggio in M aremma fino a Roma e ritorno. 22 m arzo 1191."
Guglielmo Cassinese I,343,140,136,1191-03-22,other:lease/hire,"343. Ogerio Galleta, prevosto di S. Lorenzo, ed altri canonici, danno a livello a Salom one e Ruggero di Idone de Compel, una terra dei canonici in Sestri Ponente. 22 m arzo 1191."
Guglielmo Cassinese I,344,141,137,1191-03-22,other,344. (4) P ietro Guitano da A sti deve u n a so m m a a B aldovino Gotejredo C am po. 22 m arzo 1191.
Guglielmo Cassinese I,345,141,137,1191-03-22,other,345. B ernardo de Sorlavo e G uglielm o A riot devono una so m m a a G rillo. 22 m arzo 1191.
Guglielmo Cassinese I,346,142,138,1191-03-22,other,"346. Rinaldo, fratello di Camerlengo da Lucca deve una som m a ad A m brogio Dalmazzo. 22 m arzo 1191."
Guglielmo Cassinese I,347,142,138,1191-03-22,other,"347. Otto M ontanario deve, prò tabulatis, una so m m a a Giacomo F idano. 22 m arzo 1191."
Guglielmo Cassinese I,348,142,138,1191-03-23,other,348. Grillo deve una som m a a Gualtiero de Tren. 23 m arzo 1191.
Guglielmo Cassinese I,349,142,138,1191-03-23,other:quittance,"349. Ugo del fu Nicola Embriaci dichiara d ’aver ricevuto l. 25 da Alda, m oglie del fu Nicola Embriaci; som m a che Ugo doveva pagare a Nicola da Mari per 50 bisanti saraceni prestatigli Oltremare da esso Nicola dietro ordine di suo padre (Nicola Fimbriati) su prom essa di pagamento di l. 25 in Genova. A m igono da Castello si rende responsabile di fronte ad A lda nel caso che Ugo dovesse richiedere di nuovo il pagam ento della somma; ed Ugo a sua volta prom ette c h ’esso A m igono non subirà danni n ell’affare. 23 marzo 1191."
Guglielmo Cassinese I,350,143,139,1191-03-23,other,■350. M artino da A lbaro deve u n a so m m a a G ualtiero de T ren . 23 m arzo 1191.
Guglielmo Cassinese I,351,143,139,1191-03-23,accomendatio,351. G u g lielm o da V en tim ig lia ed A lb erto da F ontana contraggono u n a societas p e r affari in Ceuta. 23 m arzo 1191.
Guglielmo Cassinese I,352,143,139,1191-03-23,societas,"352. G u g lielm o da San Giorgio porta del capitale della sua societas con A n su isso da San Genesio, in Sicilia ed altrove. Il resto del capitale rim a n e con A n su isso . 23 m arzo 1191."
Guglielmo Cassinese I,353,144,140,1191-03-23,other:no-term trade capital,"353. Ansuisso da San Genesio dichiara d ’avere ricevuto una som ma da G uglielm o da San Giorgio, per affari d o vu n q u e voglia Ansuisso. 23 marzo 1191."
Guglielmo Cassinese I,354,144,140,1191-03-24,other:quittance,"354. Vasallo da Acquabona e RicheMa, coniugi, vendono la loro parte di u n a casa e della terra in Acquabona a Rubaldo da Acquabona. 24 marzo 1191."
Guglielmo Cassinese I,355,145,141,1191-03-24,other,355. P an izia d ’A lbenga deve una som m a a Baldovino Gotefredo C am po. 24 m arzo 1191.
Guglielmo Cassinese I,356,145,141,1191-03-25,other:quittance,356. R a im o n d o Unaldo riceve da Paolo drappiere una som m a dei beni di u n a societas con Giordano Ricerio e ne dà quietanza. 25 m arzo 1191.
Guglielmo Cassinese I,357,145,141,1191-03-25,other,357. Olio M ontanario deve a Pietro Regale una som m a. 25 marzo 1191.
Guglielmo Cassinese I,358,146,142,1191-03-25,other,358. Ugo sartore deve una som m a a G uglielm o cognato di Roberto Grasso. 25 m arzo 1191.
Guglielmo Cassinese I,359,146,142,1191-03-25,accomendatio,"359. G uglielm o da San Giorgio, col permesso d ’A nsuisso da San Genesio, e Grillo contraggono una societas per affari in Sicilia ed altrove. 25 m arzo 1191."
Guglielmo Cassinese I,360,146,142,1191-03-26,other,360. R am baldo Baraterio da Nizza deve una som m a a Sim one da Iser. G uglielm o Martino e Beltramo Sicardo garantiscono il debito. 26 m arzo 1191.
Guglielmo Cassinese I,361,147,143,1191-03-26,other,"361. (1) B elardo Belardengo prom ette di pagare una som m a ad O gerio Galleta, ad ad v en tu m dalla fiera di Bar. Giacomo de ScAer ga ra n tisce il pagam ento. 26 marzo 1191."
Guglielmo Cassinese I,362,147,143,1191-03-27,accomendatio,"362. P restito m a rittim o e accom andacio tra Enrico Vitale, Guglielm o M a rtin o , Beltram o Sicardo e Raim ondo di Odo, per affari in M essina, su p eg n o di tessuti. 27 marzo 1191."
Guglielmo Cassinese I,363,147,143,1191-03-27,other,363. O tto M o n ta n a rio deve una som m a a Melano Abbate da Milano. 27 m a rz o 1191.
Guglielmo Cassinese I,364,148,144,1191-03-27,accomendatio,364. Enrico Vitale e Raim ondo Unaldo contraggono una societas per affari in Sicilia ed altrove. 27 marzo 1191.
Guglielmo Cassinese I,365,148,144,1191-03-27,other:quittance,365. Ugo da Pavarano dà quietanza di una porte del! prezzo di una casa a lui dovuto da Pietro Guercio. 27 marzo 1191.
Guglielmo Cassinese I,366,148,144,1191-03-27,sale,366. Montanario da Passano vende terre in Liblela (L ib io la ?) e Monegara a G uglielm o di Ogerio de Liblela. 27 m arzo 1191.
Guglielmo Cassinese I,367,149,145,1191-03-27,societas,"367. G an d o ljo Corso, i detta Croce ed altri contraggono una societas p er a ffa ri in Sardegna. 27 m arzo 1191."
Guglielmo Cassinese I,368,149,145,1191-03-27,other,368. (3) B ela rd o di V atfenem deve una som m a a G iovanni Boleto. G u g lie lm o M onaco garantisce il debito. 27 m arzo 1191.
Guglielmo Cassinese I,369,150,146,1191-03-28,sale,"369. Ogerio Galleia, prevosto di San Lorenzo, ed altri canonici, vendono una casa di proprietà della chiesa di San Lorenzo, pi'ossima a Clavica, in Genova, ad Alda e a G rugno suo marito. 28 m arzo 1191."
Guglielmo Cassinese I,370,150,146,1191-03-28,other:lease/hire,"370. Gli stessi di cui sopra danno a livello per 20 a n n i la terra su cui è edificata la casa suddetta, ad Alda e a suo m arito Grugno. 28 m arzo 1191."
Guglielmo Cassinese I,371,151,147,1191-03-28,other:quittance,"371. C atania, m o g lie del fu Pagano da Recco, rilascia la m età dei fr u tti d i u n a terra che apparteneva ai figli, Guiberto ed Alberico, a G io v a n n i Centrago. Giovanni prom ette di pagare sol. 12 a n n u a t im a Catania, sua vita durante. 28 m arzo 1191."
Guglielmo Cassinese I,372,152,148,1191-03-28,other:quittance,"372. Alda, m oglie di Grugno, e Ialna, sorelle, ven d o n o a Giovanni Centrago la quarta parte del cortile di una casa in Recco. 28 marzo 1191."
Guglielmo Cassinese I,373,152,148,1191-03-28,mutuum,"373. La stessa Alda riceve in m utuo prò am ore una so m m a da Giovanni Centrago, al fine di pagare ai canonici di San Lorenzo una casa, e dà in pegno m u lin i ed altri beni. 28 m arzo 1191."
Guglielmo Cassinese I,374,152,148,1191-03-28,other,"374. (4) O ttolino da San Martino promette di pagare u n a som , ma ia G uglielm o Fornario da Clavica. Arnaldo G iliòm e Belardo Belardendo garantiscono il debito. 28 marzo 1191."
Guglielmo Cassinese I,375,153,149,1191-03-28,accomendatio,375. E n r i c o V ita le e P iero N aso contraggono una accomendacio p e r a ff a r i i n S icilia . 28 m a rz o 1191.
Guglielmo Cassinese I,376,153,149,1191-03-08,other:quittance,"376. Z i r b i n o d e C a m p o deve u n a som m a a Rolando da Fontana, e R o l a n d o d à q u ie ta n za p e l resto d ’u n debito a lui dovuto da '/irb i n o . 2 8 m a r z o 1191."
Guglielmo Cassinese I,377,153,149,1191-03-28,dowry,"377. O g e r io S c o to dà q u ie ta n za a Giovanni Boleto di una somma p e r la d o te d i sua n u o ra A n n a , m oglie del figlio Baldovino, 28 m a rz o 1191."
Guglielmo Cassinese I,378,154,150,1191-03-28,accomendatio,"cio su pegno, per affari in Ceuta. 28 marzo 1191."
Guglielmo Cassinese I,379,154,150,1191-03-28,societas,379. Raim ondo Dodo e Beltramo Sicardo (?) contraggono una societas per affari in Sicilia. 28 marzo 1191.
Guglielmo Cassinese I,380,154,150,1191-03-28,societas,"380. Merlo de Bonanada ed Ansaldo Rataldo contraggono una societas per affari in Sicilia ed altrove. Ansaldo affida a Merlo anche beni di suo figlio, Guglielmo Rataldo. 28 marzo 1191."
Guglielmo Cassinese I,381,155,151,1191-03-28,other,381. G io r d a n o M erenda d eve una somm a a Melano Abbate. 28 m a rz o 1191.
Guglielmo Cassinese I,382,155,151,1191-03-08,societas,382. G u g l i e l m o da S a n G iorgio deve portare in Sicilia e altrove una p a r t e d i s o c ie ta s che ha co n Ansuisso di San Genesio. Il resto r i m a n e n e l l e in a n i d ’A n su isso per affari dovunque voglia e<so A n s u i s s o . 2 8 m a rz o 1191.
Guglielmo Cassinese I,383,156,152,1191-03-29,accomendatio,3S3. Vasallo da Molino da Sori (?) e Mobilia di Baltigario contraggono una accomendacio per affari in Maremma. 29 marzo 1191.
Guglielmo Cassinese I,384,156,152,1191-03-29,accomendatio,"384. Giordano R id o da Mascarano e Martino. magister antelami, contraggono una accomendacio per affari in Palerm o ed altrove. 29 marzo 1191."
Guglielmo Cassinese I,385,156,152,1191-03-29,mutuum,385. Ingo de Flexia contrae u n m utuo con Oberto Porco. Ugo Mazale garantisce il debito. 29 marzo 1191.
Guglielmo Cassinese I,386,157,153,1191-03-29,societas,"386. I c a p ita li d i varie societates ed acoomendaciones fra Enrico, D io tis a lv i, P ietro da P orta, Natale ed Oberto cognato di Pietro, p e r a ffa r i i n P a lerm o , G enova ed altrove, vengono regolati dai d u e p r i m i . 29 m a rz o 1191."
Guglielmo Cassinese I,387,157,153,1191-03-09,societas,"387. B o n o v a s a llo d i B o n ifa z io da Piazzalunga, Rubaldo ed Enrico D io ti s a l v i c o n tr a g g o n o u n a societas per affari in Bugia ed altr o v e . 2 9 m a r z o 1191."
Guglielmo Cassinese I,388,158,154,1191-03-29,societas,388. Vasallo da Molino da Sori e Lanfranco da Castello contraggono una societas per affari in Maremma. 29 marzo 1191.
Guglielmo Cassinese I,389,158,154,1191-03-29,other,389. Rubaldo Corraengo deve som m e a Baldovino Gotefredo Campo e a Sim one da Iser. 29 marzo 1191.
Guglielmo Cassinese I,390,158,154,1191-03-29,other,"390. Codorno di Codorno (Cogorno?) cede tu tti i suoi diritti su Varie terre in Lavagna, Sambuceto e Casali a G iovanni magister di Sam buceto. 29 marzo 1191."
Guglielmo Cassinese I,391,159,155,1191-03-29,other,391. (1) O b e rto F alzono deve u n a som m a a Bonovasallo Respeito. B ela rd o B ela rd en g o ed O ttolino da San Martino garantiscono il d e b ito . 29 m a rz o 1191.
Guglielmo Cassinese I,392,159,155,1191-03-29,dowry,"392. G u g lie lm o de Palio dà a suo cognato, Guglielmo Porcello, q u ie ta n z a d i u n a parte d ’u n a som m a a lui dovuta per la dole d i su a m o g lie , G iacom a. Porcello prom ette di pagare il residuo a lla fe s ta d i S a n t’A ndrea. 29 marzo 1191."
Guglielmo Cassinese I,393,159,155,1191-03-30,other,393. V c tu lo M arino e G uido da Arenzano promettono di pagare u n a s o m m a ad A rm a n n o de Diana. 30 marzo 1191.
Guglielmo Cassinese I,394,160,156,1191-03,other:lease/hire,"394. Otto Galasio dà a Raim ondo Alguerio Geraldo de Somarano, Stefano Costerno e Guglielmo da Montacuto in nolo la nave sua e dei suoi soci per un viaggio a Montpellier e a Marsiglia. 80 marzo 1191."
Guglielmo Cassinese I,395,160,156,1191-03-30,other:no-term trade capital,"395. Oberto Laborabene dà a Malfassato de Cancur della bambagia da portare in Lombardia ad medietatem proficui e ne riceve acciaio, agli stessi patti. 30 marzo 1191."
Guglielmo Cassinese I,396,160,156,1191-03-30,other,"396. Rubaldo nipote di Filippo di Levanto dichiara che Olivierc Marzoco ha garantito al Podestà il pagamento di una somm e de facto cutelli, e prom ette di pagare i danni da lui Olivierc. sofferti se ve ne dovessero essere. 30 marzo 1191."
Guglielmo Cassinese I,397,161,157,1191-03-30,other,"397. D ru a , fig lia di Ugone Poeso, fa testamento. 30 marzo 1191."
Guglielmo Cassinese I,398,162,158,1191-03-30,other,398. G uglielm o Gota de Celasco giura di restituire u n a so m m a prestatagli gratis da Oberto Conte. 30 marzo 1191.
Guglielmo Cassinese I,399,162,158,1191-03-31,dowry,"399. Bellobruno di Castello vende a ll’abbatessa, M ansueta, di San Quirico tutta la terra a lui data da Rósso della Volta com e dote della figlia di Rosso. 31 marzo 1191."
Guglielmo Cassinese I,400,163,159,1191-03-31,other:quittance,400. L a d etta M ansueta p ro m ette di pagare a Bellobruno parte del p rezzo d e lla terra di cui al n. 399. 31 marzo 1191.
Guglielmo Cassinese I,401,163,159,1191-03-31,sale,"401. G io v a n n i Stropoldo del fu Pietro Guercio e Dolce, coniugi, v e n d o n o a M erlo de Plazastrello la m età di una terra della ered ità d i D o lce in Plazastrello. 31 marzo 1191."
Guglielmo Cassinese I,402,163,159,1191-03-31,mutuum,"402. G ira ld o da Ceranesi ed Adele, coniugi, e Oberto di Corso, su o c e ro d i Giraldo, h a n n o ricevuto una som m a da Guglielmo de D a ta ro in m u tu o prò amore. 31 marzo 1191."
Guglielmo Cassinese I,403,164,160,1191-03-31,other:lease/hire,403. Guglielmo de Dataro dà in affilio un luogo in Bisagno per 3 anni. 31 marzo 1191.
Guglielmo Cassinese I,404,164,160,heading: agoscuro. 1 a,sale,"404. Gisla, figlia del fu Conte de Dorcogna, moglie del fu Rubaldo Beganci d ’Albaro vende a Vasallo del fu Fulco de Cagneto un appezzamento di terra nel piano di Lagoscuro. 1 aprile 1191."
Guglielmo Cassinese I,405,165,161,heading: ottenere accesso e recesso al fo n d o . 1 a,other:lease/hire,"405. E n r ic o V ita le dà in livello a Lanfranco da Bisagno per 9 ann i u n a te rra in B isagno, e prom ette di ottenere accesso e recesso al fo n d o . 1 aprile 1191."
Guglielmo Cassinese I,406,165,161,1191-04-01,sale,"406. G io v a n n i P ia zza lo n g a e Sala, coniugi, vendono a Rustico d° R e za d e lla te rra a p p a rten en te a Sala, in Lavagna e vicinanze. 1 a p r i l e 1191."
Guglielmo Cassinese I,407,166,162,heading: martino di carro e giovanni di criva contraggono una societas coi della croce per affari in sardegrva. 1 a,societas,407. Martino di Carro e Giovanni di Criva contraggono una societas coi della Croce per affari in Sardegrva. 1 aprile 119.1.
Guglielmo Cassinese I,408,167,163,1191-04-02,accomendatio,408. Grimaldo di Castello e Guglielmo fondichiere contraggono una accomendacio per traffici in Sardegna. 2 aprile 1191.
Guglielmo Cassinese I,409,167,163,1191-04-02,societas,409. Pietro del fu Gaiardo e Lanfranco di Castello contraggono una societas per affari in Bugia. 2 aprile 1191.
Guglielmo Cassinese I,410,167,163,1191-04-02,societas,"410. Pietro, di cui sopra, contrae una societas con Ingone di Castello per traffici in Bugia. 2 aprile 1191."
Guglielmo Cassinese I,411,168,164,1191-04-02,other,411. Otto D amiano promette di pagare una som m a ad Ogerio Scoto. Orlando Vacca garantisce il debito. 2 aprile 1191.
Guglielmo Cassinese I,412,168,164,1191-04-03,societas,"412. Pietro del fu Gaiardo contrae una societas, portando beni di Cita, sorella di Ugo da Recco per affari in Bugia. 3 aprile 1191."
Guglielmo Cassinese I,413,168,164,1191-04-03,other:no-term trade capital,"413. Pietro Brando e Berta, coniugi, dichiarano d ’aver ricevuto una som m a da Mobilia di Baltigario per trafficare per u n anno a m età profitti. 3 aprile 1191."
Guglielmo Cassinese I,414,169,165,1191-04-03,sale,"414. Am elio Alvernazio ed Ottobuono Rosso del fu G uglielm o Rosso de Porta vendono un pezzo di terra in Arenzano, ad Ugone del fu Vivaldo d ’Arenzano. 3 aprile 1191."
Guglielmo Cassinese I,415,169,165,1191-04-03,other,115. Nicola Mattono ed Ugo Mattono danno in fitto una terra in Acquapendente per una fornace. 3 aprile 1191.
Guglielmo Cassinese I,416,170,166,1191-04-03,dowry,"416. Aldo, moglie di Ottobuono Rosso rinunzia a tu tti i d iritti occasione patrimonii vel antifacti sulla terra già ven d u ta ad Ugone del fu Vivaldo d'Arenzano dal m arito da A m e lio A lvernazio. 3 aprile 1191."
Guglielmo Cassinese I,417,170,166,1191-04-03,accomendatio,417. Amico de Bavali da Seretto porta in Ceuta in accomendacione una somma del prete Giovanni di San D am iano. 3 aprile 1191 (2).
Guglielmo Cassinese I,418,170,166,1191-04-03,societas,"418. Otto di Rustico da Savona ritira una somm a dalla societas che ha con Guglielmo Ferrando, per affari in Ceuta. G uglielm o dà permesso al detto Otto di contrarre se vuole u n a socielas con Arnaldo Savonese. 3 aprile 1191."
Guglielmo Cassinese I,419,171,167,1191-04-04,other,419. Grillo promette di dare una somma a G uglielm o Buonadon na. 4 aprile 1191.
Guglielmo Cassinese I,420,171,167,1191-04-04,mutuum,"420. Leone del /u Gandolfo de Lagnelo dichiara d'aver ricevuto da Giraldo Capono una somm a dei beni di Zenevria, m oglie di detto Giraldo. Dà in pegno due villani, che devono lavorare a profitto di Zenevria fino al pagamento del debito. Il paga m ento non dev'avere luogo che nella quadragesima. 4 aprile 1191."
Guglielmo Cassinese I,421,172,168,1191-04-04,other,421. Guglielmo Grasso e Gualtiero da Voltri p ro m e tto n o di pagare una somm a ad Ottone de Valdetari. 4 aprile 1191.
Guglielmo Cassinese I,422,172,168,1191-04-04,accomendatio,422. Giacomo Bombel e Guglielmo Ponzio contraggono una accomendacio per affari in Ceuta e altrove. 4 aprile 1191.
Guglielmo Cassinese I,423,172,168,1191-04-04,mutuum,"423. Arduino de Cumego promette di pagare u n a so m m a in m o neta di Champagne ad Alam anno M ischiavino, alla prossim a fiera di Provins. Se la moneta sarà svalutata egli prom ette di pagare in argento fino, alla rata di sol. 45 al m arco. 4 aprile 1191."
Guglielmo Cassinese I,424,173,169,1191-04-04,other,"424. Ottolino di San Martino si obbliga a pagare una fo m m a a O ttone Mallono. Boiardo Belardengo, Oberto Falzono e G iacom o de Soler garantiscono il debito. 4 aprile 1191."
Guglielmo Cassinese I,425,173,169,1191-04-04,accomendatio,"425. Giacomo de Bombel contrae una accomendacio con Buonovasallo da Cartagena ed Ansuisso di San Genesio, per affari in Ceuta e altrove. 4 aprile 1191."
Guglielmo Cassinese I,426,174,170,1191-04-04,accomendatio,"426. Giacomo de Bom bel porta gratis una som m a di A nsuisso di San Genesio, a Ceula e altrove, per traffici, a condizione di pagare tutte le spese di Rubaldo del fu Ingoile Galea, che viaggia con esso Giacomo. 4 aprile 1191."
Guglielmo Cassinese I,427,174,170,1191-04-04,dowry,"427. Giacomo de Bom bel dà quietanza per la dote della moglie, Aim elina, figlia del fu Ingone Galea, nella som m a di lib. 90, e costituisce l ’antefatto. 4 aprile 1191."
Guglielmo Cassinese I,428,174,170,1191-04-05,other:quittance,"428. R ubaldo de Molo e A nseim o arciere tutori degli eredi del fu Bonsignore Gatto, dichiarano d ’aver ricevuto una som m a da Verdilia vedova di Bonsignore e già tutrice d ’essi eredi. 5 aprile 1191."
Guglielmo Cassinese I,429,175,171,1191-04-05,other,429. Tebaldo Reverzolo si riconosce debitore di Idone de Palio. Guglielmo Monaco e Belardo Belardengo garantiscono il debilo. 5 aprile 1191 (1).
Guglielmo Cassinese I,430,175,171,1191-04-05,accomendatio,430. Oliviero di Castello e Ansuisso di San Genesio contraggono una accomendacio per affari in Bugia. 5 aprile 1191.
Guglielmo Cassinese I,431,175,171,1191-04-05,other:no-term trade capital,"431. Giovanni Silvagno porla uria som m a di G uglielm o Malfigliastro, ad quartam proficui per traffici in Ceuta e altrove. 5 aprile 1191."
Guglielmo Cassinese I,432,176,172,1191-04-06,accomendatio,"432. G iovanni Silvagno porta in accomendacione u n a som m a d i Ansaldo Rataldo, a Ceuta e altrove. 6 aprile 1191."
Guglielmo Cassinese I,433,176,172,1191-04-06,other,"433. Giraldo Capono, podestà delle plebi di Lagneto e di Celase,o e suoi soci prendono una som m a in m u tu o da G uglielm o Zetapane, im pegnandogli il loro pedaggio sui lucchesi. Zetapane presta anche 30 mezaroli di vino, ed i debitori prom ettono d i pagarlo, a nom e del com une di Lagneto, alla prossim a vendem m ia. 6 aprile 1191."
Guglielmo Cassinese I,434,177,173,1191-04-06,accomendatio,434. Ansuisso di San Genesio e Angelolo di Caffara contraggono una accomendacio per affari in Sicilia e altrove. 6 aprile 1191.
Guglielmo Cassinese I,435,177,173,1191-04-06,other,435. Otto Damiano si riconosce debitore di A nsuisso di San Genesio. 6 aprile 1191.
Guglielmo Cassinese I,436,177,173,1191-04-06,sale,"436. Ponzio fabbroferraio da Albenga vende uno schiavo saraceno, a nome Salom, ad Ansaldo Rataldo. 6 aprile 1191."
Guglielmo Cassinese I,437,178,174,1191-04-06,other,"437. Rubaldo Guercio promette di pagare una somm a, a B o n o m sallo Respeito. Lanfranco Rcza garantisce il debito. 6 aprile 1191."
Guglielmo Cassinese I,438,178,174,1191-04-07,accomendatio,"438. Enrico Gerundia contrae una accomendacio co n Gionata Cavarunco e Ogerio Scoto, per traffici in Bugia e altrove ad eccezione d'Alessandria d ’Egitto. 7 aprile 1191."
Guglielmo Cassinese I,439,178,174,1191-04-07,other,439. Rubaldo Caparaia e R uffino di Castelletto si riconoscono debitori di una som m a a Ottone di Valdetari. 7 aprile 1191.
Guglielmo Cassinese I,440,179,175,1191-04-07,sale,"440. Oberto Supa vende diversi pezzi di terra, situati tra il fossato de Falexano fino a Taxonaira, a Mobilia, che compra a nom e suo e del marito. 7 aprile 1191."
Guglielmo Cassinese I,441,180,176,1191-04-08,other:quittance,441. Anseim o Rivario di Castello e G uglielm o fratello di G iovanni Piccolo danno ad Ansaldo da Pavia quietanza p er tutte le socielates e accomendaciones contratte con esso A nsaldo. 8 aprile 1191.
Guglielmo Cassinese I,442,180,176,1191-04-08,other,"442. Rambaldo Baratario da Nizza prom ette di pagare una somma, a Sim one da Iser. Raim ondo Unaldo garantisce il debito. 8 aprile 1191."
Guglielmo Cassinese I,443,180,176,1191-04-08,other,443. Giacomo di Oddone Monaco si riconosce debitore di Oberio da Acquabuona ed a Oberto della Croce. Tebaldo Riverzolo e G uglielm o Monaco garantiscono il debito. 8 aprile 1191 (4j.
Guglielmo Cassinese I,444,181,177,1191-04-08,other,444. G iovanni de Veguli promette di dare una som m a a Giosberlo che pagò p er lui a Streiaporco. 8 aprile 1191.
Guglielmo Cassinese I,445,181,177,1191-04-08,societas,"445. A nsaldo da Pavia, Anseim o di Castello e Giordano Clerico contraggono una societas per affari in Ceuta o dove voglia A n saldo. 8 aprile 1191."
Guglielmo Cassinese I,446,181,177,1191-04-08,other,446. R a im o n d o IJnal'do si riconosce debitore verso Ragul (Rodolfo) T ren ch er o Gerardo de Baiolo. 8 aprile 1191.
Guglielmo Cassinese I,447,181,177,1191-04-09,other,447. G uido de Guelzis da Pavia si riconosce debitore di Ansuisso di San G enesió. 9 aprile 1191.
Guglielmo Cassinese I,448,182,178,1191-04-09,sale,448. G uglielm o Gola de Celasco ed il figlio Genovese vendono una tenuta (teudah?) in Moneqìia e in Fenojara ad Oberto Porro. 9 aprile 1191.
Guglielmo Cassinese I,449,183,179,1191-04-09,other,449. B oiardo B elardengo prom ette di pagare una somma ad Oberlo di A c q u a b o n a o a Pietro della Croce. Giacomo de Soler e O tto lin o d i S a n Martino garantiscono il debito. 9 aprile 1191 (3).
Guglielmo Cassinese I,450,183,179,1191-04-09,other,450. B a ia m o n te de Gajanego ed Anseim o del /u Oberto della Croce ja n n o u n co m p ro m esso per la costruzione d ’un m ulino in Gatu r n a . 9 a p r i l e 1191 (5).
Guglielmo Cassinese I,451,184,180,1191-04-09,other,451. Oberto de Paxano garantisce un debito dovuto da Francesco di Stulto verso Oberto Porco se il detto Francesco non paga. 9 aprile 1191.
Guglielmo Cassinese I,452,184,180,1191-04-09,other,452. Orlando da Canneto si l'iconosce debitore di Oddone Damiano. 9 aprile 1191 (1).
Guglielmo Cassinese I,453,184,180,1191-04-10,other,453. R uffino Reverzolo si riconosce debitore di Oberto de Veredeto. Tebaldo Reverzolo garantisce il debito. 10 aprile 1191 (2).
Guglielmo Cassinese I,454,184,180,1191-04-10,dowry,"454. Giovanni Silvagno dà piena quietanza della dote della moglie, Giuleta figlia del fu Oberto Scimia, dichiara annullata una precedente convenzione e costituisce l’antefatto. 10 aprile 1191."
Guglielmo Cassinese I,455,185,181,1191-04-10,other,455. O Ltolino d i San M artino si riconosce distintamente debitore di U g o lin o M allono e di Oberto Falzono. Belardo Belardengo g a ra n tisce il debito. 10 aprile 1191 (1).
Guglielmo Cassinese I,456,185,181,1191-04-11,other,"456. G u id o tto tin to re p ro m ette di pagare una somma a Tebaldo R e v e r z o lo . O bizzone borraor, e Pietro ed Ugozono tintori gar a n tis c o n o il debito. 11 a p rile 1191 (3)."
Guglielmo Cassinese I,457,186,182,1191-04-11,other,457. Orlando da Canneto prom ette di pagare una som m a a Tebaldo Reverzolo o a Belardo de Valfenera. 11 aprile 1191 (1).
Guglielmo Cassinese I,458,186,182,1191-04-13,other:no-term trade capital,"458. Isim bardo di Multedo porta una parte dei beni d ’Enrico de Petra, coll’assenso d ’Ogerio da Cartagena, in T unisia e altrove. 13 aprile 1191."
Guglielmo Cassinese I,459,186,182,1191-04-13,other,459. Ansuisso di San Genesio promette di pagare una som m a a Giacomo de Bom bel per dote della moglie d ’esso Giacomo. 13 aprile 1191.
Guglielmo Cassinese I,460,187,183,1191-04-13,accomendatio,"'160. Guglielmo Gontardo prende in accomendacione diverse som me da Gionata Gavarunco, da Rubaldo Artim ono e da Oddone de Melazo da portare in Ceuta, Garbo, e Spagna. 13 aprile 1191."
Guglielmo Cassinese I,461,187,183,heading: gena contraggono una accomendacio per affari in tunisia e altrove. 13 a,societas,461. Isim bardo de Multedo e Ogerio da Cartagena contraggono una accomendacio per affari in Tunisia e altrove. 13 aprile 1191.
Guglielmo Cassinese I,462,187,183,heading: ma ricevuta come parte della stradote di richelda. 17 a,other,462. Guglielmo de Canali dà alla sorella di Richelda sua m oglie quietanza di una somma ricevuta come parte della stradote di Richelda. 17 aprile 1191.
Guglielmo Cassinese I,463,188,184,1191-04-17,other:testament,463. Testam ento di G uglielm o de Canali. 17 aprile 1191.
Guglielmo Cassinese I,464,188,184,1191-04-17,sale,464. Ansaldo Buferio vende u n pezzo di terra in Alfoaro a Bongiovanni da Vigna Vecchia. 17 aprile 1191.
Guglielmo Cassinese I,465,189,185,1191-04-17,other,"465. Dongiovanni da Vigna Vecchia promette di pagare una so m ma ad. Ansaldo Bufcrio, resto del prezzo della suddetta terra. 17 aprile 1191."
Guglielmo Cassinese I,466,189,185,1191-04-18,dowry,"466. G uglielm o da Nervi del fu Lanfranco da Porla dà quietanza di una som m a per la dote della moglie, Francesca, e costituisce l ’antefatto. 18 aprile 1191."
Guglielmo Cassinese I,467,189,185,1191-04-18,sale,"467. Q uietanza fatta pei beni della defunta Superia, n ell’interesse del figlio Donideo. 18 aprile 1191."
Guglielmo Cassinese I,468,190,186,heading: mare. 18 a,accomendatio,468. Raim oìido Sacco e Gallo del fu Gallo contraggono una sooietas per affari in Messina e Oltremare. 18 aprile 1191 (1).
Guglielmo Cassinese I,469,190,186,1191-04-18,societas,"469. G uglielm o da Fontaneggi del fu Pietro e Biliardo, coniugi, prendono una som m a in societate per trafficare in bottega, da Giordano notaio. 18 aprile 1191."
Guglielmo Cassinese I,470,191,187,1191-04-18,sale,"470. Fra Damiano, a nome dell’ospedale di Santo Stefano, co m pra un pezzo di terra in Risturbio, da Ugolino Mallono. 18 a p r i l e 1191."
Guglielmo Cassinese I,471,191,187,1191-04-18,other,"471. L ’ospedale di Santo Stefano si riconosce debitore di Ugone Mallono, di parte del prezzo dovuto per la vendita della terra di cui al doc. 470. 18 aprile 1191."
Guglielmo Cassinese I,472,192,188,1191-04-18,accomendatio,"477. Rubaldo di Gionata Covarunco, col consenso del padre, porla pepe in accomendacione, da Ogerio da Cartagena, a Ceuta cd altrove. 18 aprile 1191 (1)."
Guglielmo Cassinese I,473,192,188,1191-04-19,other,473. Rufino da Canneto si riconosce debitore di una som m a verso Baldovino Gotefredo Campo. 19 aprile 1191.
Guglielmo Cassinese I,474,192,188,1191-04-19,other:declaration,"474. Federico dà quietanza ad Obizzone da Sori, di parte d una som m a data in accomendacione al detto Obizone. 19 aprile 1191 (4)."
Guglielmo Cassinese I,475,193,189,1191-04-19,accomendatio,475. G io va n n i Guercio e Giovanni da Liége contraggono una accom endacio per affari in Palermo e nella Sicilia. 19 aprile 1191.
Guglielmo Cassinese I,476,193,189,1191-04-19,societas,"476. G io va n n i Guercio e Gualterio genero del fu Carlo da Besançon (che contribuisce in parte merci di Giosberto nipote di C a rlo ), contraggono una societas per affari in Palermo, in Sicilia, e per tu tte le terre appartenenti al re di Sicilia. 19 aprile 1191."
Guglielmo Cassinese I,477,194,190,1191-04-19,accomendatio (by reference to no. 475),477. Federico di Soziglia e Tebaldo Muxeto m a n d a n o beni colio stesso G iovanni Guercio di cui al doc. à76. 19 aprile 1191.
Guglielmo Cassinese I,478,194,190,heading: mari si riconosce debitore di pietro vacchino. 19 a,other,478. Giovanni di Mari si riconosce debitore di Pietro Vacchino. 19 aprile 1191.
Guglielmo Cassinese I,479,194,190,1191-04-19,societas,479. Dodo da Chiavari e VasaUo de Langasco contraggono una societas per affari nel contado di Lione. 19 aprile 1191.
Guglielmo Cassinese I,480,194,190,1191-04-19,other:quittance,"480. Ricom anna de Mari dà quitanza ad Alberto Giudice, di una som m a d ’una accomendacio data a Gallo. 19 aprile 1191 (1)."
Guglielmo Cassinese I,481,195,191,1191-04-19,accomendatio,481. G io v a n n i S elva g n o e G uglielm o Ralaldo contraggono una a c c o m e n d a c io p er affari in Ceuta. 19 aprile 1191.
Guglielmo Cassinese I,482,195,191,1191-04-20,other,"482. Vari so c i, pro p rieta ri d ’u n a nave, s’accordano per condurla in S ic ilia o Barbaria o altrove d e. 20 aprile 1191."
Guglielmo Cassinese I,483,195,191,1191-04-21,accomendatio,483. R u b a ld o d i G ionata C avarunco ed Oddone di Melazo contragg o n o u n a a c c o m e n d a c io per affari in Ceuta e altrove. Rubaldo p o r ta a n c h e m e r c i del padre. 21 aprile 1191.
Guglielmo Cassinese I,484,196,192,1191-04-21,other:lease/hire,"484. G u g lie lm o Rataldo dà in affitto a due tintori, lucchesi, un bagno in R isto rb io . 21 aprile 1191."
Guglielmo Cassinese I,485,196,192,1191-04-21,other,"485. R in a ld o fabbroferraio si riconosce debitore di, A nseim o de C u m eg o p e r conto d ’uria Alamandra. 21 aprile 1191."
Guglielmo Cassinese I,486,197,193,1191-04-21,other:quittance,"486. O b erto p e lliz a r io de C o d u rn o e Piacenza, coniugi, pro m etto n o di p a g a re u n a s o m m a a L a n fra n co de Panigaja. 21 aprile 1191."
Guglielmo Cassinese I,487,197,193,1191-04-21,sale,"487. G u g lie lm o d e l fu O gerio Speltagrassa, a n o m e suo e della sorella G isla , v e n d e a G u g lie lm o M alocello u n pezzo di terra in M anza sco . 21 a p r i l e 1191."
Guglielmo Cassinese I,488,198,194,1191-04-02,accomendatio,488. B u b a ld o G avarunco p o rta p e r O gerio Gali eia fu sta g n o in aoco m en d acio n e a Ceuta e altrove. O gerio d ichiara che la detta m erce a p p a rtien e ad u n a societas che ha con G ionata Cavara n co ed O ddone • 2 2 a p r ile 1191.
Guglielmo Cassinese I,489,198,194,1191-04-22,sale,489. B aldizio R oza ven d e a G iovanni di Casanova la m età d ’u n pezzo di terra in O rpalaxio. 22 aprile 1191.
Guglielmo Cassinese I,490,199,195,1191-04-02,accomendatio,"490. G ia c o m o de B o m b e l, S u zo b o n o e B uonovasallo Zar itola contr a g g o n o u n a a c c o m e n d a c io , co stitu ita di spezie, per affari in C e u ta . 2 2 a p r i l e 1191."
Guglielmo Cassinese I,491,199,195,1191-04-22,sea_loan,"491. A m b r o g i o F erra b o ricev e u n p restito m a rittim o da Ogerio G a lle ta , im p e g n a n d o g li d u e balle di fu sta g n o da ven d ere in C e u ta a ff in e d i r ip a g a r g li il p re stito in 133 bis. m iglioresi. 22 a p r i l e 1191."
Guglielmo Cassinese I,492,200,196,1191-04-23,accomendatio,"492. Rubcildo C a va m n co riceve della noce m oscata e dei denari da A m e lio A lv e m a z io , in accomendacione, p er affari in Ceuta e altrove. 23 aprile 1191."
Guglielmo Cassinese I,493,200,196,1191-04-23,societas,493. B aud izzo n e di Borzoli e Gionata Cavam nco contraggono una societas p er affari in Ceuta e nella Tunisia. 23 aprile 1191 (2).
Guglielmo Cassinese I,494,200,196,1191-04-23,other:quittance,494. G ionata C avarunco dà p iena quitanza a Baudizzone p er tutti i contratti di societas e d ’accomendacio tra i due. 23 aprile 1191 (3).
Guglielmo Cassinese I,495,201,197,1191-04-03,other:no-term trade capital,495. R u b a l d o fr a te llo d e ll’arciprete di Rivarolo e Giovanni caz a o r c o n tr a g g o n o u n a societas per traffici che Rubaldo fora in S ic ilia . 2 3 a p rile 1191.
Guglielmo Cassinese I,496,201,197,1191-04-23,accomendatio,496. O tto F a r m o n t e p o rta in accom end acio ne tre fila di perle per E n r ic o D i o t i s a l v i a Ceuta. 23 aprile 1191.
Guglielmo Cassinese I,497,201,197,1191-04-23,other,"4.97. S i m o n e B a c e m o p r o m e t te a suo fratello Bartolomeo di cus to d ir e la p a r e n t e l a e la to rre della famiglia, fino al ritorno d i B a r t o l o m e o da u n v ia g g io . 23 aprile 1191."
Guglielmo Cassinese I,498,202,198,1191-04-23,other,"498. B artolo m eo Bacem o pro m ette di pagare una so m m a a S im o n e suo fratello , p er spese che farà la m oglie. 23 aprile 1191."
Guglielmo Cassinese I,499,202,198,1191-04-23,societas,499. Orso zoccolaio e G uglielm o Musso controggono u n a società? p e r affari in Ceuta e altrove. 23 aprile 1191.
Guglielmo Cassinese I,500,202,198,1191-04-23,accomendatio,500. G u g lie lm o Gontardo prende in accomendatione denaro da M artino da A lb a ro e da A rd u in o da Canneto per traffici in Ceuta e a ltro ve. 23 aprile 1191.
Guglielmo Cassinese I,501,203,199,1191-04-24,sale,"501. G io v a n n i d i S a n D a m ia n o , prete, presta una som m a a Buong io v a n ili d a V ig n a V ecchia, m età del prezzo della com pra d 'u n a v i g n a i n A lb a r o . P er sei a n n i il prete riceverà la m età del fruì lo . S e i l d e b ito n o n v ie n p a galo entro detto term ine, egli avrà d ir itto a l p i e n o possesso d ella proprietà, dietro pagam ento della s o m m a a B u o n g io v a n n i. 24 aprile 1191."
Guglielmo Cassinese I,502,203,199,1191-04-24,societas,"502. G a n d o lfo d e l f u M a rin o da Q uinto, O berto da S ottoripa e Sig im b a ld o d a Q u in to c o n tra g g o n o u n a societas p er traffici che G a n d o lfo fa r à in S ic ilia o in Barberia. 24 aprile 1191."
Guglielmo Cassinese I,503,204,200,1191-04-24,mutuum,"SOS. B on a vid a de Cirio e Offiza, coniugi, pren d o n o una so m m a in m u tu o da Oberto de Calce. 24 aprile 1191."
Guglielmo Cassinese I,504,204,200,1191-04-24,other,"504. Corbello de Molassana si rende responsabile presso Bochero de Marcelia e suo figlio Oberto, dei danni che Bochero e Oberto potranno subire da parte di Passio, m oglie di Pestello, a causa del possesso da loro otten u to per lodo di arbitri, della m età dei beni del fu Gandolfo Filastupa e della fu Alda sua figlia. 24 aprile 1191."
Guglielmo Cassinese I,505,205,201,1191-04-24,other:quittance,"505. L o d o d ’a rb itri eletti dalle parli, nella lite tra Bochero de M arcella e figlio, Oberto, ed i fig li di D onodio de M odelanico rig u a r d a n te l'eredità di Gandolfo Filastupa de M arcella ed A lda sua fig lia . 24 aprile 1191."
Guglielmo Cassinese I,506,205,201,1191-04-24,other,"506. Ila, m o g lie di R ubaìdo Belfoglio, a n om e del m a rito , dà p ro cura g en era le a R a im o n d o Sacco per tu tti i negozi risp etta n ti la n a ve d i R u b a ld o . 24 aprile 1191."
Guglielmo Cassinese I,507,206,202,1191-04-24,accomendatio,507. Y etu lo M arino prende in accomendacione una so m m a da A n saldo R ataldo p er traffici in Provenza. 24 aprile 1191.
Guglielmo Cassinese I,508,206,202,1191-04-25,other:no-term trade capital,"508. R ubaldo A r tim o n dichiara d ’avere l ’am m in istra zio n e di varie som m e di denaro appartenenti a Ottolino Gontardo ed atta dote della m o g lie d ’Ottolino, a rischio d ’O ttolino. 25 aprile 1191."
Guglielmo Cassinese I,509,207,203,1191-04-26,other,509. U go d r a p p ie r e si rico n o sce debitore a Girando de Bagnolo o a R a g u l T r e n c h e t. 26 a p r ile 1191.
Guglielmo Cassinese I,510,207,203,1191-04-26,other:testament,t10. T e s ta m e n to d i G u g lie lm o R o b in o . 26 a p rile 1191.
Guglielmo Cassinese I,511,208,204,1191-04-26,sale,"511. R u b a ld o Pezullo vende ad Enrico Cevolla U loca e m ezzo nella nave di A nsaldo Malocello, dichiarando che i loca appartengono ad E nrico Medico. 26 aprile 1191."
Guglielmo Cassinese I,512,208,204,1191-04-26,societas,512. E nrico Cevolla e Rubatelo Pezullo contraggono u n a socielas per affari d o vu n q u e viaggerà la nave d ’A nsaldo M alocello. I loca della nave form ano una parte del capitale. 26 aprile 1191 (1).
Guglielmo Cassinese I,513,208,204,1191-04-27,dowry,"513. B u o n g io v a n n i Guercio da Costa dà quitanza p er la dote d ’A n na, m o g lie di suo figlio R ubaldo, al padre d ’essa, G uglielm o Calvo. C onstituisce una controdote dello stesso valore. 27 ap rile 1191."
Guglielmo Cassinese I,514,209,205,1191-04-27,other,"514. A n n a d à q u ie ta n z a a su o padre, G u g lielm o Calvo, per ogni s u o d ir it to s u i b en i m a te r n i. 27 aprile 1191."
Guglielmo Cassinese I,515,209,205,1191-04-27,other,515. R u f i n o d i C a n n eto d eve u n a so m m a a B aldovino Gotefredo C a m p o p e r te s s u ti. P in e llo tin to re p ro m e tte di restituire i tessuti a B a l d o v i n o se R u fin o n o n paga. 27 aprile 1191 (1).
Guglielmo Cassinese I,516,210,206,1191-04-27,other:lease/hire,".'16. G ug lielm o Sardena co n tin u a in favore di R u b a ld o , n ip o te di F ilip p o di L evanto, una locazione già fatta a F ilip p o . 27 aprile 1191."
Guglielmo Cassinese I,517,210,206,1191-04-27,mutuum,5/17. G uglielm o Sardena riceve in m u tu o una so m m a da R u baldo di L evanto. 27 aprile 1191.
Guglielmo Cassinese I,518,210,206,1191-04-27,sale,"?1S. M ontanario de M almazana e Matelda, coniugi, ven d o n o una terra a Calefo di Galla. 27 aprile 1191."
Guglielmo Cassinese I,519,211,207,1191-04-08,sale,"519. A l b e r t o P ic a fa n a , su a m o g lie Solestele e suo fratello Raim ond o v e n d o n o ad A lb e r to d i G io va n n i Caito da Chiavari la metà d ’u n a c a s a ì ji M uro C in c to situata sulla terra di Baudizzone B o ja c h e s o . 2 8 a p r ile 1191."
Guglielmo Cassinese I,520,212,208,1191-04-28,other,520. G iovan n i F errocinlo giura di servire A lvernazio B ernardo per la durata d ’u n viaggio. 28 aprile 1191.
Guglielmo Cassinese I,521,212,208,heading: 28 a p rile 119.1.,dowry,"521. A r m a n n o del /u Oberto de Castagnola da M oneglia ha ricevu to la dote della m oglie, Alda del fu Giulio de M andulexo e costituisce u n a controdote della stessa som m a. 28 a p rile 119.1."
Guglielmo Cassinese I,522,213,209,1191-04-29,other,522. D ru a M a n g ia va c ca rin u n c ia tu tti i suoi d iritti sopra la persona e i b e n i d i B a ld o v in o d i In g u elfred o . 29 aprile 1191.
Guglielmo Cassinese I,523,213,209,1191-04-30,other,523. G rillo s i rico n o sce d eb ito re di u n a so m m a a Pietro de Barzato. 30 a p r i l e 1191.
Guglielmo Cassinese I,524,213,209,1191-04-30,other:no-term trade capital,524. G io v a n n i V o le n to si rico n o sce debitore di u n a so m m a verso Isa b ella B e r g o g n o n a p e r affari nella bottega. La m età del profitto a n d r à a fa vo re delle n ip o tin e d ’essa Isabella. 30 aprile 1191.
Guglielmo Cassinese I,525,214,210,1191-04-30,other:quittance,"525. G io va n n i Boleto e B aldovino Rosso danno quietanza a Maria, m o g lie d i A la m a n n o Quartano di 91 bisunti di .Siria. L ’Alam arino a veva ricevuto i bisanti in accom endazione dai consoli di G enova in Tiro. 30 aprile 1191."
Guglielmo Cassinese I,526,214,210,1191-04-30,other:reference to accomendatio/societas,"526. G iovanni Boleto e Baldovino Rosso regolano tra loro l ’affare dei b isa n ti di Alam anno, di cui sopra. 30 aprile 1191."
Guglielmo Cassinese I,527,215,211,1191-04-30,other,"527. A m b r o g io Ferrabo si riconosce debitore di u n a so m m a verso G rillo. G u id o de Rezo che ha beni di A m b ro g io in p eg n o , p ro m e tte d i pagare se A m b ro g io n o n paga. 30 aprile 1191."
Guglielmo Cassinese I,528,215,211,1191-04-30,other:obligation,528. O rla n d o Vacca e O berto de Viver p ro m etto n o di pagare u n a s o m m a a lla societas di A m ig o n o di Castello e G u g lielm o zoccolaio d i S a n D onalo. R u fin o Belser garantisce il debito. 30 a p r i le 1191.
Guglielmo Cassinese I,529,216,212,1191-04,societas,"529. Alberlo da Casanova ed il p r e te P ie tr o , c a n o v a i o d e ll'a r c ivescovo, contraggono u n a so cietas p e r a ffa r i n e l l a b o tte g a d 'A l berto. Il denaro del prete a p p a rtie n e a i su o i j ì i p o t i . 3 0 a p r i l e 1191."
Guglielmo Cassinese I,530,216,212,1191-05-02,societas,530. Pietro de F a n tib u s porta i n B a rb e ria il c a p i t a l e d ' u n a societas con Lantelm o sarto. 2 m a g g io 1191.
Guglielmo Cassinese I,531,216,212,1191-05-02,other:lease/hire,531. Guido de Laude dà q u ita n za a O r la n d o d e F o n t a n a d i u n a som m a per l ’affìtto d ’u n a v o lta p e r 2 a n n i e m e z z o . 2 m a g g i o 1191 (3).
Guglielmo Cassinese I,532,217,213,1191-05-02,dowry,"532. L a d o t e d i B e r l a , di G io v a n n i d i San Quirico di Fassoìo è pag a ta d a s u o c o g n a t o , G io v a n n i, al marito, Trancherio del ju C u n i b e r t o d a S a v o n a , ch e co stitu isce una controdate. 2 maggio 1191."
Guglielmo Cassinese I,533,217,213,1191-05-02,other:quittance,"533. G i o v a n n i , f r a t e l l o di Berta, di cui sopra, promette di pagare a T r a n c h e r i o l a d o t e di Berta. 2 maggio 1191."
Guglielmo Cassinese I,534,217,213,1191-05-02,societas,534. G u g l i e l m o A z a r i o e Marrufo de Paver contraggono una societas p e r a f f a r i i n R o m a e altrove. 2 maggio 1191.
Guglielmo Cassinese I,535,218,214,1191-05-03,other,"535. Lanfranco R ozo concede a ll’a b a te d i S a n to S t e f a n o l ’a c q u a dal m alino di P ig n ixello alla c h iu s a d e l m u l i n i d i S a n t o S te fa n o , per l ’annuo canone di u n q u a r tin o e m e z z o d i g r a n o . 3 m aggio 1191."
Guglielmo Cassinese I,536,218,214,1191-05-03,other:quittance,536. Oberto di Via di Q uinto d à q u ie ta n z a d e lla s tr a d o te d e lla m o glie l ’asqaa. 3 maggio 1191.
Guglielmo Cassinese I,537,219,215,1191-05-03,other:reference to accomendatio/societas,"537. P a g a n o G r o p o s i rico n o sce d eb ito re di Giosberto, pel 1° giug n o . 3 m a g g io 1191."
Guglielmo Cassinese I,538,219,215,1191-05-03,other,538. L ib e rto M o n a c o darà a U go Ism a e l una so m m a entro l ’ottava d i S . G i o v a n n i (24 g iu g n o ). 3 maggio 1191.
Guglielmo Cassinese I,539,219,215,1191-05-03,other,"539. A l a m a n n o M is c h i a v in o si riconosce debitore di una somma ad U go Is m a e l, c h e darà a ll'o tta v a di S. G iovanni. 3 maggio 1191."
Guglielmo Cassinese I,540,220,216,1191-05-03,mutuum,540. Rinaldo Com es di Etam pes si o b b l i g a v e r s o T e b a l d o R cv e rzolo di pagare mia s o m m a di p r o v i s i n i a l l a f i e r a d i m a g g i o di Provins. 3 maggio 1191 (1).
Guglielmo Cassinese I,541,220,216,.NR,other:reference to accomendatio/societas,"541. Oberto de Soler darà a B a ia m o n te B a r l a i r a u n a s o m m a in agosto, per pepe e a llu m e ; u n a p a r te d i q u e s t a s o m m a è d ella societas che ha con G u g lie lm o M a lfilia s tr o . 3 m a g - g i o 1191 (3)."
Guglielmo Cassinese I,542,220,216,heading: 3 m a g g i o 1 1,other:reference to accomendatio/societas,"542. Enrico A lfer darà a L a m b e r to F o r n a r i u n a s o r n m a in c a m bio di steriini, al rito rn o d e lla m a g g io r a n z a d e i m e r c a n ti d a lla fiera di m a g g io di P ro v in s. 3 m a g g i o 1 1 9 1 (4)."
Guglielmo Cassinese I,543,221,217,1191-05-03,other,543. R o l a n d o d e F o n ta n a si o b b lig a verso Ogerio Scoto al pagam e n t o d i u n a s o m m a a lla m e tà luglio. 3 maggio 1191 (1).
Guglielmo Cassinese I,544,221,217,1191-05-03,other:reference to accomendatio/societas,"544. U g o A l a c i o s o darà a L a m b e r to Foi'nari u n a somma quindici g i o r n i d o p o il r ito r n o d e lla m aggioranza dei mercanti dalla fie r a d i m a g g i o d i P ro vin ,s. 3 m aggio 1191 (2)."
Guglielmo Cassinese I,545,221,217,1191-05-03,other:reference to accomendatio/societas,"5'15. U g o A l a c i o s o c o m p r a p e p e da Baiam onte Barlaira, e prom e t t e d i p a g a r g li u n a s o m m a al p rim o di settembre. 3 magg io 1191."
Guglielmo Cassinese I,546,222,218,1191-05-03,accomendatio,"546. Guido da Lodi dichiara di a v e re in a c c o m e n d a c i o , d a G u g l i e l m o e Simone M alocello, sette lo c a d i n a v e , f a c e n t i p a r t e d i ciò che Ansaldo M alocello ha p o r ta to a N a p o li; c o n v a r i e p a t t u i zioni relative. 3 m a g g io 1191 (1)."
Guglielmo Cassinese I,547,222,218,1191-05-03,other:declaration,547. Guido da Lodi fa u n a d ic h ia r a zio n e a g g i u n t i v a a l p r e c e d e n te documento. 3 m a g g io 1191.
Guglielmo Cassinese I,548,223,219,1191-05-04,societas,"548. E n r i c o d e B o n ja n d e l, d i R a p a llo , dichiara di avere una somm a i n s o c i e t a s da O b erto B o leto , im piegata in due loca e noi c a r ic o d i u n a n a ve p e l c o m m e rc io in Barberia. 4 maggio 1191 (1)."
Guglielmo Cassinese I,549,223,219,1191-05-04,other,549. O b e r to d e S o le r si o b b lig a d i pagare u n a somma a Rubaldo M a llo n o p e l 1 5 lu g lio . 4 m a g g io 1191 (1).
Guglielmo Cassinese I,550,223,219,1191-05-04,societas,"55 0. O b e r to C o r s o d i S. M aria M addalena dichiara di portare in s o c i e t a t e u n a s o m m a d i G u g lie lm o Zetapane, in Corsica e altrov e , d o v e a n d r à il g a le o tto d i Caito, per commercio. 4 maggio 1191 (6)."
Guglielmo Cassinese I,551,224,220,1191-05-04,other,"551. Alamanno M isch ia vin o si o b b lig a a p a g a r e u n a s o m m a a d Ottone Mallono e U golino de T u r r e , a n c h e d i s g i u n t a m e n t e , al 15 luglio. 4 m a g g io 1191."
Guglielmo Cassinese I,552,224,220,1191-05-04,dowry,"552. Guglielmo di R odolfo dà q u ie ta n z a d i u n a s o m i n a d e lla d o te della moglie Verde, e le c o s titu is c e Z’a n t i f a c t u m i n lir e 100. 4 maggio 1191."
Guglielmo Cassinese I,553,224,220,1191-05-05,other,"553. Gionata di Savo n a contrae u n p r e s tito c o n M o n ta n a r ia , fig lia di. Guglielmo Fornari. 5 m a g g i o 1191."
Guglielmo Cassinese I,554,225,221,1191-05-05,accomendatio,554. O t a c h i n o S o r c i o r co n tra e u n a accomendacio con Berta calzola ia p e r a f f a r i i n B u g ia . 5 m a g g io 1191.
Guglielmo Cassinese I,555,225,221,1191-05-06,other,555. G u g lie lm o e B a rto lo m e o ered i del fu Guglielmo Galleta man o m e t t o n o la s c h ia v a F io ria . 6 maggio 1191.
Guglielmo Cassinese I,556,226,222,1191-05-06,other:quittance,"556. Ogerio del f u A lb erto R e tto r e d i C a n n e to d i N e r v i d à q u ie tanza della dote della m o g lie M o b ilia , e le c o s t i t u i s c e l'a n tifa U o . 6 maggio 1191."
Guglielmo Cassinese I,557,226,222,heading: 6 m a g g i o 1 1,other,"557. Enrico A lfer si obbliga al p a g a m e n to d i u n a s o m m a v e rso Ottone di Castello, pel 1° a g o sto . 6 m a g g i o 1 1 9 1 (1)."
Guglielmo Cassinese I,558,226,222,1191-05-06,other,558. Agnese vedova del fu B a u d o de C o n tissa f a t e s t a m e n t o . 6 m a g gio 1191.
Guglielmo Cassinese I,559,227,223,1191-05-06,other,559. G ia c o m o 1 o ì a si o b b lig a a pagare una somm a a Rubai do Mailo n o a m e t à lu g l io . 6 m a g g io 1191.
Guglielmo Cassinese I,560,227,223,.NR,other:quittance,560. A n s e i m o P o l i x i n o e su o fra te llo Ugo cedono i loro diritti sul
Guglielmo Cassinese I,561,227,223,.NR,other,"561. R o l a n d o G u e r c io cede a R o m a n o di Putello, un pezzo di terra"
Guglielmo Cassinese I,562,228,224,1191-05-07,dowry,"562. P ietro Rosso riceve da Bono de Bonevelo la dote della nuora R oaxia, m o g lie di suo fig lio R u baldo e questi le co stitu isce V a n tifatto. 7 m a g g io 1191."
Guglielmo Cassinese I,563,229,225,1191-05-07,other:quittance,"503. B o n o d e B o n e v e lo dà q u ieta n za a G iacom o portonarìo della r e s titu z io n e d i u n a s o m m a prestata alla m adre sua, garantita su fo n d i i n G a lla , C isinasco e Larozenia. 7 m a g g io 1191."
Guglielmo Cassinese I,564,229,225,1191-05-07,other:testament,"564. G io v a n n i, fig lio del f u A lb e rto C lerici de Predi o Fassolo, dà q u ita n z a al p r e te B o n ifa cio , priore di S. Teodoro, della som m a la scia ta g li d a s u o p adre. 7 m a g g io 1191."
Guglielmo Cassinese I,565,229,225,1191-05-08,other,565. B u f in o B e ls e r e R o la n d o Vacca ricevo n o da B ernizione Scoto dei d a n a r i d a r e s titu ir e a m e tà lu g lio . 8 m a g g io 1191.
Guglielmo Cassinese I,566,230,226,1191-05-08,other,"566. Boiardo B elardengo e G iacom o de Soler ricevo n o da Nicola G olino u n a so m m a da restituire a m età lu g lio , d a n d o in p eg n o i loro b en i di G enova, in custodia di M anfredo G uercio. 8 m a g gio 1191."
Guglielmo Cassinese I,567,230,226,1191-05-08,other,"567. O berto de V iver pagherà u n a so m m a a A n sa ld o R ataldo, p er m età lu g lio . 8 m agg io 1191."
Guglielmo Cassinese I,568,231,227,1191-05-08,other,568. R o la n d o V a cca p a g h erà a G io va n n i G rita una so m m a pel p r im o a g o s to . 8 m a g g io 1191.
Guglielmo Cassinese I,569,231,227,1191-05-08,other,"569. G io s b e r to e G u g lie lm o M usso, e G u g lielm o suo nipote co m p r a n o c o to n e da E m b r ia c o d i Luca, da pagarsi al T agosto. 8 m a g g i o 1191."
Guglielmo Cassinese I,570,231,227,1191-05-08,other,"570. R o la n d o Vacca, p a g h e rà a Vassallo S tralleira una so m m a en tro a g o s to . 8 m a g g i o 1191."
Guglielmo Cassinese I,571,231,227,1191-05-08,other,571. R o la n d o V a cca p a g h e rà a N icola G olino u n a so m m a a m età lu g lio . 8 m a g g i o 1191.
Guglielmo Cassinese I,572,232,228,1191-05-08,other,"572. Ogerio Galleta co n vien e c o n A m b r o g io F e r r a b o d i trasportare, o mandare nel Garbo d u e ba lle d i f u s t a g n i b ia n c h i , in pegno, e di pagargli l l k bisanti m e lg o r e s i p e r la s o m m a da lu i avuta. 8 maggio 1191."
Guglielmo Cassinese I,573,232,228,1191-05-08,accomendatio,"573. Ugo Mazali riceve uria s o m m a in a c c o m e n d a c i o n e da P ellegrina, m oglie di G u g lielm o O sta lib o i p e r a ffa r i in Ceuta. 8 maggio 1191."
Guglielmo Cassinese I,574,233,229,1191-05-08,other,"574. G io v a n n i t o r n a o r p r o m e tte , p e r conto di suo fratello Gerardo, u n a s o m m a a O b e rti de Z erri, da pagare m età al 2U giugno e m e tà a l 2 9 s e tte m b r e . 8 m a g g i o 1191."
Guglielmo Cassinese I,575,233,229,1191-05-09,other,"575. P e lle g r in o R o s s i riceve robe d i M ontanaria, figlia di Guglielm o F o r n a r i, p e r le q u ali p r o m e tte una so m m a a metà novem bre. 9 m a g g i o 1191."
Guglielmo Cassinese I,576,233,229,1191-05-09,accomendatio,"576. E n r ic o M a z a li e Id o n e M azali danno u n a som m a in accomend a c i o n e a B o n o v a s s a llo d i G u g lie lm o C rispino, per affari in Sicilia . N e lla s o m m a data da Id o n e sono com presi danari della so re lla e d e lla m o g lie . 9 m a g g io 1191."
Guglielmo Cassinese I,577,234,230,1191-05-08,sale,577. Giordana del fu G u g lie lm o e d i O tta d i S a v i g n o n e v e n d e a Manfredo Gavazza In terra c o m p r a ta da A n d r e a d e C a v a li in F i gar et in su b tu s Figar. 8 m a g g i o 1191.
Guglielmo Cassinese I,578,234,230,1191-05-09,other,"578. Manfredo C a w zza p a g h erà a G io rd a n a u n a c c o n t o d e l p r e z z o della terra com perata, p el 29 s e tte m b r e . 9 m a g g i o 1191."
Guglielmo Cassinese I,579,235,231,1191-05-09,other,579. G i a c o m o e O p iz o n e V o la p a g h era n n o a Guglielmo de Canneto e P i e t r o d e S i l o u n a s o m m a a metà luglio. 9 maggio 1191.
Guglielmo Cassinese I,580,235,231,1191-05-09,accomendatio,580. A n s e i m o B a r c a r io riceve in accomendatione da Ottone di Lang a s c o e M a r t i n o d i A lb a ro u n a s o m m a per affari in Tripoli e altr o v e . 9 m a g g io 1191.
Guglielmo Cassinese I,581,235,231,1191-05-09,accomendatio,581. O g e r io V e r r o r ic e v e in accomendatione da Gandulfo barbiere u n a s o m m a p e r a ffari i n B a rb eria e altrove. 9 maggio 1191.
Guglielmo Cassinese I,582,236,232,1191-05-09,other:quittance,"582. Prete Bonifacio, priore di S. Teodoro, dà quitanza a Ogerio di Cartagena di una som m a, dell’eredità di Alberto Clerici e Allegra. 9 m aggio 1191."
Guglielmo Cassinese I,583,236,232,1191-05-09,societas,"583. M artino di Quinto contrae una societas con Pietro, Antuh> c Oberto della Croce, e Sofia vedova di Bonvassallo Mongasilvani, per affari in Bugia e altrove per u n anno. 9 maggio 1191."
Guglielmo Cassinese I,584,236,232,heading: 9 maggio 119].,other:reference to accomendatio/societas,"584. R aim ondo e Giacomo Damiano daranno a Lamberto Fornari, per m età luglio, una somm a, metà appartenente alla societas d i L a m b e r to con O gerio Scoto, e m età a G uglielm o Fornari. Sim i l m e n t e d a ra n n o a O gerio Scoto 5U lire. 9 maggio 119]."
Guglielmo Cassinese I,585,237,233,.NR,other:quittance,585. A n s e i m o ta io r dà q u ita n za di una so m m a a Falco scudaio che g li a v e v a presta to . 9 maggio' 1191.
Guglielmo Cassinese I,586,237,233,heading: di c e lle i n c a stejen o . 10 m,sale,"586. B o n a c o r s o de S a lin o ven d e a ^G u g lielm o calderaio e Pietro G ra n a ra l ’in tro ito d ella decima, che da lui tiene Giovanni di C e lle i n C a stejen o . 10 m a g g io 1191."
Guglielmo Cassinese I,587,238,234,1191-05-10,sale,587. Pietro Granara e G uglielm o calderaio locano a Giovanni di Celle lía suddetta decima. 10 maggio 1191.
Guglielmo Cassinese I,588,238,234,heading: gento. 10 m,mutuum,"588. Zamar de Moiren, Berio de Monmirajo, G uglielm o Oliverio e Stefano de Brunaj pagheranno a Enrico Alfer e Oberto Vacca lire 12 di provenisini, alla fiera di Provins, in maggio, in ragione di soldi U5 per marco d ’argento. 10 maggio 1191."
Guglielmo Cassinese I,589,239,235,heading: luglio. 10 m,sale,589. O b e r to de Soler e F ilip p o di Langasco pagheranno a Giovanni d i Ix in g a s c o u n a so m m a a m età luglio. 10 maggio 1191.
Guglielmo Cassinese I,590,239,235,1191-05-10,sale,"f>90. P ie tr o G u ito n o ven d e ad A nseim o de Palio, Fatima, schiava saracejxa. 10 m a g g io 1191."
Guglielmo Cassinese I,591,239,235,1191-05-10,accomendatio,"591. B e r t o lin o P orcelli porta in accomendacione, in Barberia e altr o v e , u n a s o m m a d i Maria, vedova di Anseim o Porcelli. 10 m a g g i o 1191."
Guglielmo Cassinese I,592,240,236,heading: luglio. 10 m,other,"592. Oberto de Valfenera e Rotondo de Viver pagheranno a Giacom o de Trczastellis una som m a a metà luglio. 10 maggio 11.91,"
Guglielmo Cassinese I,593,240,236,1191-05-10,other,"593. Sorlion Deiadato e Uberto Vacca daranno a Ogerio di Cartagena una so m m a al prim o agosto, per una partita di legno per tintura. 10 m aggio 1191."
Guglielmo Cassinese I,594,240,236,heading: mare in genova. 10 m,mutuum,"594. Guasco de Nadale e Montanario prendono a m utuo da Suzobono una so m m a che gli renderanno al 2 febbraio dell’anno prossim o, fornendogli gratuitamente dieci migliaia di mattoni di m edia grossezza, alla riva del mare in Genova. 10 maggio 1191."
Guglielmo Cassinese I,595,241,237,heading: agosto. 10 m,other,595. O b e r to d a V alfenera e R olando de Viver pagheranno a Ido d e P a lio u n a s o n u n a al p r im o agosto. 10 maggio 1191.
Guglielmo Cassinese I,596,241,237,heading: 24 giugno. 10 m,other,"596. l m b e r t o d e V erzellato pagherà a Ugo Laurei una somma, parie il p r i m o g iu g n o e parte il 24 giugno. 10 maggio 1191."
Guglielmo Cassinese I,597,241,237,.NR,other:no-term trade capital,5 9 /. A n s a ld o b a rc a rio p o rta in Barberia e altrove una somma di
Guglielmo Cassinese I,598,242,238,heading: a prossim a fiera di provins. 10 m,mutuum,598. Zannar de Moiren pagherà a Guglielmo Scavino una somma di p ro ven isin i alla prossim a fiera di Provins. 10 m aggio 1191.
Guglielmo Cassinese I,599,242,238,heading: luglio. 10 m,other,599. Belardo Belardengo pagherà a Guglielmo de M oro una somm a a m età luglio. 10 maggio 1191.
Guglielmo Cassinese I,600,242,238,heading: luglio. 10 m,cambium,"600. Belardo di Yalfenera pagherà a Gualtieri, genero di Carlo, una sovìm a « m età luglio. 10 maggio 1191."
Guglielmo Cassinese I,601,243,239,1191-05-10,societas,"001. B o n a d u d i S . D a m ia n o contrae u n a societas con Oliviero M a rzo c o e B a ia m o n te B a rla ira , per com m erci in Tripoli di B a r b e r ia . 10 m a g g i o 1191."
Guglielmo Cassinese I,602,243,239,1191-05-10,other,"602. P i e t r o L o m b a r d o dà fid e iu ssio n e pel debito di Giovanni peciin a r i u s , d i A le s s a n d r ia , v e rso Sim o n e de Iser. 10 maggio 1191."
Guglielmo Cassinese I,603,243,239,1191-05-10,other:quittance,"603. A m b r o g i o F erra b o p r o m e tte d i p a g a r e a Bernardo nipote di R o s s o b a n c h i e r e u n a s o m m a , per il 10 agosto, e gii dà in pegno 2 u s b e r g h i e 2 g a m b a li. 10 m aggio 1191."
Guglielmo Cassinese I,604,244,240,1191-05-11,accomendatio,"604. Giovanni de Marino riceve da D rogo d i S . L o r e n z o una som ma, da impiegare a Bugia in ragione d i b is a n ti 515 riceve dallo stesso una somma in acc o m e n d a c io n e p e r B ugia; e inoltre Drogo gli manda assieme il figlio G u g lie lm o . 11 maggio 1191."
Guglielmo Cassinese I,605,244,240,1191-05-11,accomendatio,"005. Marchese de Stajano contrae una a c c o m e n d a c io con Pietro, Àntulo ed Oberto (della Croce), G uglielm o d e P o r tic u e Ugone Laurei, Giordano Clerici e Lanfranco G u ercio , p e r B ugia e altrove, esclusa Alessandria d ’Egitto. 11 m a g g i o 1191."
Guglielmo Cassinese I,606,245,241,1191-05-11,societas,606. G u g l i e l m o C a s s in a co n tra e u n a societas per Bugia con Boriv a s s a llo R e s p e i t o . 11 m a g g i o 1191.
Guglielmo Cassinese I,607,245,241,heading: a prossima fiera di t r o y e s . 11 m,other,607. G ia c o m o R a s u r a e su o fra te llo Vassallo pagheranno a Giacom o R a s c e r o u n a s o m m a d i p ro ven isin i alla prossima fiera di T r o y e s . 11 m a g g i o 1191.
Guglielmo Cassinese I,608,245,241,heading: a prossima fiera di m a g g i o d i p r o v i n s e altra alla fiera di troyes. 11 m,other,608. V a s s a llo R a s u r a e suo fra te llo Giacomo pagheranno a Vizardo B e l a r d e n g o u n a s o m m a di p ro ven isin i alla prossima fiera di m a g g i o d i P r o v i n s e altra alla fiera di Troyes. 11 maggio 1101.
Guglielmo Cassinese I,609,246,242,1191-05-11,accomendatio,"609. Tebaldo del fu A g m i de Stam pex porta in accomendatio da G iovanni cognato del fu Carlo una som m a im piegata in rame, a Bugia. 11 m aggio 1191."
Guglielmo Cassinese I,610,246,242,1191-05-11,other:testament,"610. Benadu di San Damiano dispone, per causa di m orte, a favore di Marietta, schiava di Giordano Pataraldo, se diverrà libera. 11 m aggio 1191."
Guglielmo Cassinese I,611,247,243,1191-05-11,accomendatio,611. G io sb e rto c o n tr a e u n a accom endatio con Lanfranco Lizano. 11 m aggio 1191.
Guglielmo Cassinese I,612,247,243,1191-05-11,sale,612. O b e r to d e l f u ìn g o de T u r rizi vende a Giovanni de Pezagno u n a te rr a i n S a lin o . 11 m a g g io 1191.
Guglielmo Cassinese I,613,247,243,1191-05-11,societas,613. O tto G o n ta r d o contrae u n a societas con Rubaldo Artimon i>?r B u g ia . 11 m a g g i o 1191.
Guglielmo Cassinese I,614,248,244,1191-05-12,accomendatio,"614. Oberto figlio del fu Ingone de Turrizi contrae una societas con G uglielm o Barbavaira, per Bugia. 12 maggio 1191."
Guglielmo Cassinese I,615,248,244,1191-05-12,other:no-term trade capital,615. Giacomo di Guglielmo Rizisom porta una som m a di Raim ondo A nfusso da negoziare alla fiera di Provins. 12 maggio 1191.
Guglielmo Cassinese I,616,249,245,1191-05-12,other,"616. G u id o d e Casta pagherà a Ido de Palio una som m a, al 4° agosto , p e r c u o io . 12 m a g g io 1191."
Guglielmo Cassinese I,617,249,245,1191-05,mutuum,"617. V a ssa llo R a su ra e suo fratello Giacomo pagheranno a Pietro de R u g ia s c o lire 12 d i pro ven isin i, alla fiera di Troyes. 14 (L8) m a g g i o 1191."
Guglielmo Cassinese I,618,249,245,heading: di co m p en d io della dote della moglie adalasia. 14 m,dowry,"618. G io v a n n i A d vo c a riu s ven d e alla propria suocera, Mabilia, u n a casa i n G enova, di co m p en d io della dote della moglie Adalasia. 14 m a g g i o 1191."
Guglielmo Cassinese I,619,250,246,1191-05-14,other,"619. Vicino, del fu Giovanni Bergalio, cede, ad estinzione del suo debito, terre in Becco e altrove alla sorella Bardella. 14 maggio 1191."
Guglielmo Cassinese I,620,251,247,heading: luglio. 14 m,other,"G20. O b e r to d e Soler p agherà una som m a a Bernizone Scoto e altra a G io v a n n i B oleto, p er m età luglio. 14 maggio 1191."
Guglielmo Cassinese I,621,251,247,heading: o ttone di castello e figlia di ansaldo forn a r i fa te s ta m e n to . 14 m,other,621. G io v a n n a m o g lie di O ttone di Castello e figlia di Ansaldo Forn a r i fa te s ta m e n to . 14 m ag gio 1191.
Guglielmo Cassinese I,622,252,248,1191-05-14,other,"622. R aim o n d o Unaldo pagherà a Oberto Taberna u n a som m a, entro m i mese, per due balle di fustagni. 14 m agg io 1191."
Guglielmo Cassinese I,623,252,248,heading: agosto. 14 m,other,623. Giacomo de Soler pagherà a A m elio Alvernazzo e a Ottone di Milazzo una som m a per m età agosto. 14 m aggio 1191.
Guglielmo Cassinese I,624,252,248,heading: luglio. 14 m,other,624. Zerbino de Campo pagherà a Rolando de F ontana una somm a per m età luglio. 14 maggio 1191.
Guglielmo Cassinese I,625,252,248,.NR,other,625. Belengerio de Volta porterà a vendere in Marsiglia una balla
Guglielmo Cassinese I,626,253,249,heading: m a g g i o 1 1,other,626. G u id o G a m b io e Tedaldo di Lucca pagheranno a Giosberlo e M u sso u n a s o m m a al p r im o agosto. 1 6 m a g g i o 1 1 9 1 .
Guglielmo Cassinese I,627,253,249,heading: otto de iser. 17 m,other,"627. P ie tr o G u ito n e , di A lb en g a , pagherà una som m a a Giliotto de Iser. 17 m a g g i o 1191."
Guglielmo Cassinese I,628,253,249,heading: sette m b r e . 18 m,other,628. L a m b e r to de C lusura e suo fratello Rubaldo pagheranno a O b erto d e A q u a b o n a o a Pietro de Cruce una som m a al 1° sette m b r e . 18 m a g g io 1191.
Guglielmo Cassinese I,629,254,250,1191-05-20,other:quittance,"029. P iccam iylio riceve da Rolando de Fontana il pagam ento di una som m a, a conto del debito di Corrado Calcagno. 20 m aggio 1191."
Guglielmo Cassinese I,630,254,250,1191-05-20,mutuum,630. Giacomo Beccaleca pagherà a Guianego di A sti una som m a di provenisini alla fiera di Troyes. 20 m aggio 1191.
Guglielmo Cassinese I,631,255,251,1191-05-20,other,"631. T ren ccivel, m ilanese, pagherà ad A nsaldo de Mari una somm a , p e l 25 luglio. 20 m aggio 1191."
Guglielmo Cassinese I,632,255,251,1191-05-21,other,632. B e la rd o B elardengo pagherà a Vincijent una som m a a metà lu g lio . 21 m a g g io 1191.
Guglielmo Cassinese I,633,255,251,1191-05-21,other,fs33. P ie tr o de R ugiasco pagherà a Giacomo de Trezastellis una s o m m a al 1° agosto. 21 m agg io 1191.
Guglielmo Cassinese I,634,255,251,1191-05-21,other,634. G rillo p a g h erà a E n rico Cujono una som m a pel 1° agosto. 21 m a g g i o 1191.
Guglielmo Cassinese I,635,255,251,1191-05-21,other:quittance,"635. I g iu d ic i, delegati d a ll’arcivescovo nella causa tra Alm erigo d i M o la ssa n a e V ig o n zo n e di A ggio danno sentenza favorevole al p r im o . 21 m a g g io 1191."
Guglielmo Cassinese I,636,256,252,1191-05-21,other:obligation,"636. A m b ro g io Ferrabo pagherà, a Rogerio Caldino, una som m a pel 30 novem bre; e gli dà in pegno 2 balle di fustagni. 21 m aggio 1191."
Guglielmo Cassinese I,637,256,252,1191-05-21,other,637. Rolando de Fontana pagherà a Anseim o de Castello e Baudo Rivario una som m a per fine luglio. 21 maggio 1191.
Guglielmo Cassinese I,638,257,253,1191-05-21,other,638. P a o lo d ra p p iere pagherà a Sim one di Stanfort una som m a p e r l ’o tta v a di S. G io va n n i (24 giugno). 21 maggio 1191.
Guglielmo Cassinese I,639,257,253,1191-05-22,other,639. R u fin o d i C anneto pagherà a Ogerio de Nevedo o a Im berto de V e rze lla to u n a so m m a pel giugno. 22 maggio 1191.
Guglielmo Cassinese I,640,257,253,1191-05-22,other,"G40. D a n ie le Nacaro riceve tanto da Mollazana de Volta, per cui p a g h e r à u n a so m m a p er V anno prossim o. 22 maggio 1191."
Guglielmo Cassinese I,641,257,253,.NR,other,641. P ie tro G enoardo e Pietro Lavorante e G uglielm o Lam brusca di
Guglielmo Cassinese I,642,258,254,1191-05-23,other:quittance,"642. Allegra, vedova di Alberto Clerici, e il figlio Giovanni, ricevono da Ogerio de Cartegena una som m a, che egli aveva ricevuto dal priore di San Teodoro. 23 m aggio 1191."
Guglielmo Cassinese I,643,259,255,1191-05-23,other,643. O g erio d e C artagena riceve una som m a dai predetti. 23 m a g g io 1191.
Guglielmo Cassinese I,644,259,255,1191-05-23,other,"644. O tto n e c o n te di V e n tim ig lia dona alla chiesa di Santa Maria d i C a stello q u a ttro stai di fic h i secchi a ll’anno, sul suo reddito d i B u s s a n a . 23 m a g g io 1191."
Guglielmo Cassinese I,645,259,255,1191-05-24,sale,"645. G u ig o n z o n e e Isabella di A quabona vendono a Rubaldo d i A q u a b o n a la m e tà d e ll’albero di castagno, chiamato Verdone, c o n la te rra a d ia cen te, presso la chiusura di Aquabona. 24 m a g g i o 1191."
Guglielmo Cassinese I,646,260,256,1191-05-24,other,646. Vendita di una vigna in Acquabona tra le stesse parti di cui al doc. 645. 24 maggio 1191.
Guglielmo Cassinese I,647,260,256,1191-05-24,sale,"647. C uglielm o Fornari vende a Ottone Gotarubea u n servo, di nom e G iovanni, per una somm a. 24 maggio 1191."
Guglielmo Cassinese I,648,261,257,1191-05-24,other,"648. G riilo p a g h e r à a B ergonzio Guaitamac u n a som m a, pel 1° lu g lio . 24 m a g g io 1191."
Guglielmo Cassinese I,649,261,257,1191-05-24,cambium,(#49. S im o n e de Ise r e suo fratello Gilio daranno a Oberto Morando e su o fr a te llo O ddone u n a so m m a a ll’ottava di S. Giovanni. 24 m a g g io 1191.
Guglielmo Cassinese I,650,261,257,1191-05-25,cambium,"650. G io v a n n i de C anali pagherà a B alduino Gotefredo Campo u n d eb ito , c h e a veva suo padre, entro u n mese dal ritorno delle n a v i d ì O ltrem a re, p er S a n t’A ndrea, se arriverà suo fratello o suo n ip o te . 25 m a g g io 1191."
Guglielmo Cassinese I,651,262,258,1191-05-25,other,651. R olando de Canneto pagherà a Roberto Fordino una somma per l'ottava di S. G iovanni. 25 maggio 1191.
Guglielmo Cassinese I,652,262,258,1191-05-25,other,652. A rd u in o de Canneto pagherà a Roberto Fordino una somma per l ’ottava di S. Giovanni. 25 maggio 1191.
Guglielmo Cassinese I,653,262,258,1191-05-26,other,('53. Anfosso banchiere pagherà a Balduino Gotofredo Campo una so m m a per l’ottava della pentecoste. 26 maggio 1191.
Guglielmo Cassinese I,654,262,258,1191-05-26,other,654. A nfosso banchiere pagherà a Balduino Gotofredo Campo una so m m a per l ’ottava della Pentecoste. 26 maggio 1191.
Guglielmo Cassinese I,655,263,259,heading: mare. 16 m,societas,"<>55. G io v a n n i di L o n d ra e N icola figlio di E nrico di Londra cos titu is c o n o u n a societas, p er com m ercio, conferendo ciascuno il c a p ita le; la società sarà sciolta se Nicola andrà Oltremare. 16 m a g g i o 1191."
Guglielmo Cassinese I,656,263,259,1191-05-26,other,"656. G era rd o de P erona colloca a servizio presso Basilia la figlici A d a la sin a , p e r 6 a n n i; il contratto non si risolverà che se la fa n c iu lla fa rà cosa, insopportabile « in arbitrio bonorum homin u m ». 26 m a g g io 1191."
Guglielmo Cassinese I,657,264,260,1191-05-26,sale,657. Baudo de Plazo e la m oglie Maria vendono a maestro Oberto e suo fratello Fulco una terra in Struppa. 26 maggio 1191.
Guglielmo Cassinese I,658,264,260,1191-05-26,other:testament,658. 'Adalasia figlia del fu Gerardo Scoto fa testamento. 26 maggio 1191.
Guglielmo Cassinese I,659,265,261,1191-05-27,other,"659. G io v a n n i T a ifer darà ad A ld a sorella di Arnaldo de Figar una s o m m a e u n a m in a di fr u m e n to lom bardo, per la festa di S. B a r to lo m e o . 27 m a g g io 1191."
Guglielmo Cassinese I,660,265,261,1191-05-27,other,660. C o rra d o C alcagno p a g h erà una so m m a a Enrico de D om oc o lta p e l 1° settem b re. 27 m a g g io 1191.
Guglielmo Cassinese I,661,265,261,1191-05-27,other,"661. L a m b e r to B o n a la n a pagherà a Oberto e Oddone Morando una s o m m a p e r l'o tta va di S. G iovanni, e gli dà in pegno dei tessuti. 27 m a g g i o 1191."
Guglielmo Cassinese I,662,266,262,1191-05-27,accomendatio,"662. A nsaldo Barcario porta in accomendatio, da Rolando e Arduino, una som m a, in Barberia e altrove. 27 maggio 1191."
Guglielmo Cassinese I,663,266,262,1191-05-28,dowry,"663. G uglielm o di Giovanni di Vallelonga dà quitanza della dote della m oglie Richelda, e le costituisce l’antifatto. 28 maggio 1191 (4)."
Guglielmo Cassinese I,664,267,263,1191-05-28,other,"664. G io v a n n i de V allelonga rin u n cia a ta lli i d iritti che ha sui figli, G u g lie lm o e G ia n nihono, e stille cose loro. 28 m aggio 1191."
Guglielmo Cassinese I,665,267,263,1191-05-23,other:quittance,665. G u g lie lm o e G iannihono fa n n o divisione dei loro averi. 23 m a g g io 1191.
Guglielmo Cassinese I,666,268,264,1191-05-28,dowry,666. G uglielm o di G iovanni de Valìelonga dà quitanza della d'de alla m oglie Bichelda e le costituisce Vantifatto. 28 m aggio 1191.
Guglielmo Cassinese I,667,268,264,1191-05-29,other,667. M ontanario ed Enrico fig li di Guglielmo Doria si riconoscono debitori verso Rubaldo Tardilo di una som m a da pagargli al 1° giugno. 29 maggio 1191.
Guglielmo Cassinese I,668,268,264,1191-05-29,other,668. G uglielm o Barbavara pagherà a Sim one de Iser una somm a al 10 agosto. 29 maggio 1191.
Guglielmo Cassinese I,669,269,265,1191-05-29,other,669. G e r a rd o de B a g n o lo p a g h erà a Oberto Morando de Zarite e a O tto n e s u o fra te llo u n a so m m a entro qu in d ici giorni dopo S. G io v a n n i; d e b ito g a ra n tito su beni di Gerardo tenuti da GugUrlin o R i z i s o m . 29 m a g g io 1191.
Guglielmo Cassinese I,670,269,265,1191-05-29,other,670. O tto n e M o n ta n a rio p a g h erà a Enrico Cujono una somm a al 1 a g o s to . 29 m a g g io 1191.
Guglielmo Cassinese I,671,269,265,1191-05-31,other:quittance,"671. A ld a , v e d o v a di A lb e r to de Senebaldo, dona al figlio Oddone il te r z o d i u n a casa in C hiavari. 31 m aggio 1191."
Guglielmo Cassinese I,672,270,266,1191-05-31,other:quittance,"672. Agnese vedova di Baìdo de Contessa dona alla, nipote Juxiana una so m m a riservatasi nella donazione fatta. al figlio Baiduino. 31 m aggio 1191."
Guglielmo Cassinese I,673,270,266,1191-06-01,other,673. Giacomo Boccalecca pagherà una som m a di provenisini a G andolfo de A qua e Pietro di Rugiasco. 1 giugno 1191.
Guglielmo Cassinese I,674,270,266,1191-06-02,other:quittance,674. S im one Boiario dichiara che Fulco figlio di Fulco di Castello riceve da Rolando Donnioto una som m a che questi aveva in accoinendacio. 2 giugno 1191.
Guglielmo Cassinese I,675,271,267,1191-06-03,other,"{i75. Lj g o F o r n a r i p r o m e tte a B alduino Gotofredo Campo e a Sim on e d e I s e r e A b r a m o di S ta n fo rt una somma, dovuta a Pietro Leon a r d o e a G ilio lo de Iser, p e l 1° agosto. 3 giugno 1191."
Guglielmo Cassinese I,676,271,267,1191-06-03,dowry,"Ii76. G u id o d e l fu G io va n ili de L am andrella dà quietanza della dote d e lla m o g lie , G ajarda, e le costituisce Vantifatto. 3 giugno 1191."
Guglielmo Cassinese I,677,272,268,1191-06-04,other,"677. G uglielm o fig lio di G iovanni di Vallclonga riceve una som m a dal padre, che dovrà restituire entro due anni, m antenendo, col reddito, il fratello G iovannino. 4 giugno 1191."
Guglielmo Cassinese I,678,272,268,1191-06-04,other,"678. Peire fusterius, di M ontpellier, si im pegna di stare a servizio di G iovanni Morello, per i anno. 4 giugno 1191."
Guglielmo Cassinese I,679,272,268,1191-06-04,mutuum,"679. Ugo Spalla cede alla suocera Erm elina i crediti e le ragioni contro di lei e contro Ansaldo B onvicino, che egli ha rilevato da Lanfranco Ricerio. 4 giugno 1191."
Guglielmo Cassinese I,680,273,269,1191-06-04,other:quittance,"680. G u g l i e l m o de B eders p ro m e tte a B alduino de Gotefredo Camp o u n a s o m m a , p e r la P asq u a prossim a; e Balduino dà quilanza d i o g n i a ltr o ' c r e d ito . 4 g iu g n o 1191."
Guglielmo Cassinese I,681,273,269,1191-06-04,other,681. O tto M o n ta n a r io deve a M elano Abate una som m a per il 1° lug lio . 4 g i u g n o 1191.
Guglielmo Cassinese I,682,273,269,1191-06-04,other:quittance,"€82. A d a la s ia m o g lie di R u b a ld o de Palma si dichiara soddisfatta e r i n u n c i a a d o g n i p ro p ria ragione nei confronti dell’ospedale d i S . G io v a n n i, circa l ’ered ità dei genitori. 4 giugno 1191."
Guglielmo Cassinese I,683,274,270,1191-06-04,other:lease/hire,"683. Il clero di S. Lorenzo dà a livello a G uglielm o de Bezo, calzolaio, e a R ubaldo m agister una terra e casa in « Clavica ». 4 g iugno 1191."
Guglielmo Cassinese I,684,275,271,1191-06-05,other,"0 84. B e r ta d e l fu G erardo de Serra, con Stefano de Boarano, suo fr a te llo , R o la n d o de L e v a n t e Lorenzo di Gerardo di Meze colloc a n o a s e r v iz io } p resso Giacom o Falaguerra, Enrico, figlio di B e r la , p e r a n n i 7. 5 g iu g n o 1191."
Guglielmo Cassinese I,685,275,271,1191-06-05,other,685. B a l d u in o G otefi'edo C am po no m in a suo procuratore in Genov a P ie tr o L eo n a rd o . 5 g iu g n o 1191.
Guglielmo Cassinese I,686,275,271,1191-06-05,other:quittance,"U86. M a io r d ia di L a va g n a riceve da Bubaldo di Levanto una somm a le g a ta le da A m ic u s di Lavagna, di cui si presume la morie. 5 g i u g n o 1191."
Guglielmo Cassinese I,687,276,272,1191-06-06,mutuum,"687. R u fin o de C anneto riceve a m u tu o una som m a da Pietro Gairaldo, da restituirsi, con l ’interesse, in Pisa; e dà in pegno del tessuto. 6 g iu g n o 1191."
Guglielmo Cassinese I,688,276,272,1191-06-06,other,"688. L otiringo de Rustiguello, di Pisa, riceve a m utuo, alle condizioni di cui sopra, una som m a da Peiro Garaldo; e dà in pegno due balle di fu stagni bianchi. 6 giugno 1191."
Guglielmo Cassinese I,689,277,273,1191-06-06,mutuum,"689. M a rzio d e A x in u s to p ag h erà a Pietro da Bussolo una somma, i n te r z o li, a m e tà g iu g n o , a Milano. 6 g iugno 1191."
Guglielmo Cassinese I,690,277,273,1191-06-06,other,690. U go d r a p e r iu s p a g h e rà u n a so m m a a Pietro Leonardo al 1° g iu g n o . 6 g iu g n o 1191.
Guglielmo Cassinese I,691,277,273,1191-06-07,other,"691 G rilla p a g h e r à u n a s o m m a a Pietro da Bussolo, al prossimo 29 s e tte m b r e . 7 g iu g n o 1191."
Guglielmo Cassinese I,692,277,273,1191-06-07,sale,"692. U g o S c o to fig lio d i G erardo e di A n n a dà quitanza a Ogerio S c o to d i u n a s o m m a del p rezzo di u n a casa con torre, già com p e n d i o d e lla dote m a te rn a . 7 g iu g n o 1191."
Guglielmo Cassinese I,693,278,274,1191-06-07,other,693. Ogerio Scoto pagherà a Ugo del fu Gerardo Scoto una somm a al p ro ssim o Natale. 7 giugno 1191.
Guglielmo Cassinese I,694,278,274,1191-06-07,mutuum,"694. Sibilia de Bergogno dà rendiconto dell’am m inistrazione dei beni del suo defunto figlio Baudizone, prim a e dopo il decesso. 7 g iu g n o 1191."
Guglielmo Cassinese I,695,279,275,1191-06-08,mutuum,"695. O d ip r a n d o d e l f u S eg n o rello di Pisa riceve a m utuo da Peiro G a ira ld o u n a s o m m a che g li restituirà, con l ’interesse, in Pisa, d a n d o g li i n p e g n o cin a b ro e m in io . 8 g iu g n o 1191."
Guglielmo Cassinese I,696,279,275,1191-06-08,dowry,"696. G io v a n n i B r u s c a Fasoli riceve la dote della moglie Guilia, e le c o s titu is c e l ’a n tifa tto . 8 g iu g n o 1191."
Guglielmo Cassinese I,697,280,276,1191-06-10,societas,"697. G ianni Flos contrae una società» con Coenna lucchese, per com m ercio in Corsica. 10 giugno 1191."
Guglielmo Cassinese I,698,280,276,heading: marlino curto dichiara la parte spettantegli nella societas con g iovanni di castelletto. 10 g,other:declaration,698. Marlino Curto dichiara la parte spettantegli nella societas con G iovanni di Castelletto. 10 g iugno 1191.
Guglielmo Cassinese I,699,280,276,heading: setole di cavallo. 11 g,accomendatio,"699. F ilippo nipote di Filippo di Levanto porta a Ceuta in accom endatione una som m a da Bonadie Sezadario e A n tu lo de Cruce, im piegata in setole di cavallo. 11 giugno 1191."
Guglielmo Cassinese I,700,281,277,heading: 11 g i u g n o 1 1,sale,">00. M a te ld a , v e d o v a d i G io v a n n i Bonopnnc, vende, a AnjUHHO de G u a r c e llo u n s u o fo n d o d o la le in N ervi, locdùità Mnxcnianimi. 11 g i u g n o 1 1 9 1 ."
Guglielmo Cassinese I,701,281,277,heading: lu g lio . 11 g,other,"701. A n f u s s o d e G uarcello p a g h erà una parte del prezzo, dovuto a M a te ld a , a l 1° lu g lio . 11 g iu g n o 1191."
Guglielmo Cassinese I,702,282,278,1191-06-11,other:quittance,"702. Gli arbitri, eletti d a ll’arcivescovo Bonifacio, d a n n o sentenza nella lite tra Agnese, vedova di T om m aso, e il n ip o te suo Giovanni, in contum acia di q u est’u ltim o . 11 g iu g n o 1191."
Guglielmo Cassinese I,703,282,278,heading: d ici anni. 11 g,other:lease/hire,703. L ’arcivescovo Bonifacio dà in locazione a G iordano de Cavanna una terra in Figar e una in Cavanna p er u n d ici anni. 11 g iu g n o 1191.
Guglielmo Cassinese I,704,283,279,1191-06-11,dowry,"/©4. U g o d e l f u V iva ld o de Panablo dà quitanza della dote della m o g l i e G ia c o m a , fig lia d i G andolfo de Fossato, e le costituisce l ’a n l i f a t t o . 11 g iu g n o 1191."
Guglielmo Cassinese I,705,283,279,heading: d i c o s tu i. 11 g,societas,"/0 5 . R o g e r i o d i N ervi, fig lio d i Oberto Verri, contrae una societa s , p e r C e u ta , co n O berto, suocero di Omodeo magister, con b e n i d i c o s tu i. 11 g iu g n o 1191."
Guglielmo Cassinese I,706,284,280,1191-06-11,accomendatio,"706. Ugo Mazali porta a Ceuta, in accom endacione, da A nsuisio di San Genesio, della lacca. 11 g iu g n o 1191."
Guglielmo Cassinese I,707,284,280,1191-06-11,accomendatio,"707. Ugo Mazali, per volontà di Enrico Mazali, suo socio, prende una som m a in accom endatione da Anfelice de Porcis, per com m ercio in Ceuta. 11 giugno 1191."
Guglielmo Cassinese I,708,284,280,heading: mare con c a r ic o d i g r a n o . 11 g,societas,"708. Vivaldo di Portovenere contrae una, societas con Sibilia, m o glie di A m elio e con beni di costui, e con O ddone de Melazo, p e r C e u t a e a ltr o v e n e l G arbo; e potrà recarsi oltremare con c a r ic o d i g r a n o . 11 giugno 1191."
Guglielmo Cassinese I,709,285,281,heading: 11 g i u g n o 1 1,societas,709. V i v a l d o d i P o rto v e n e re contrae societas anche con Goenna. 11 g i u g n o 1 1 9 1 .
Guglielmo Cassinese I,710,285,281,1191-06-11,accomendatio,"710. E n r i c o M a llo n o contrae u na accom endatio con Guglielmo R a t a l d o , p e r C eu ta e a ltro v e dove andrà con le merci di Ingone d e V o l t a . 11 g iu g n o 1191."
Guglielmo Cassinese I,711,286,282,1191-06-12,other,711. A lberto de Bolego pagherà a Ogerìo F o rn a ti u n a so m m a al prossim o sa n t’Andrea. 12 g iu g n o 1191.
Guglielmo Cassinese I,712,286,282,1191-06-12,mutuum,712. R u fin o de C anneto contrae u n m u tu o con Peiro Gairaldo; pagam ento in Pisa. 12 g iu g n o 1191.
Guglielmo Cassinese I,713,286,282,heading: 1 agosto. 12 g,other,713. R ufino de Canneto pagherà a Pietro de Rugiasco una som m a al 1 agosto. 12 giugno 1191.
Guglielmo Cassinese I,714,286,282,heading: dice vende a suo figlio ido una terra in albaro. 12 g,sale,714. Aldice vende a suo figlio Ido una terra in Albaro. 12 giugno 1191.
Guglielmo Cassinese I,715,287,283,1191-06-12,other:quittance,"715. B i a n c a r d o del /u R a im o n d o Capellano dà quietanza di una s o m m a , s tr a d o te della m o g lie Donnola. 12 giugno 1191."
Guglielmo Cassinese I,716,287,283,1191-06-12,accomendatio,716. A ic a r d o d i M oneglia contrae societas per Ceuta con Rolando e G r illo . 12 g iu g n o 1191.
Guglielmo Cassinese I,717,287,283,1191-06-12,other,",317. R u f i n o d i C anneto si dichiara debitore di una somma verso C o n te s s a , v e d o v a di B ertoloto de Orto. 12 giugno 1191."
Guglielmo Cassinese I,718,288,284,1191-06-12,sale,718. Oberto Porco vende a Ugo Mazale la m età di una terra in Bisagno. 12 g iu g n o 1191.
Guglielmo Cassinese I,719,288,284,1191-06-12,mutuum,719. Oberto Porco prende a m u tu o una som m a da Ugone Mazale. 12 g iu g n o 1191.
Guglielmo Cassinese I,720,289,285,1191-06-12,other:quittance,"720. U g o M a z a le d à q u ie ta n za a suo suocero Oberto Porco di una s o m m a , p a r t e d e lla dote di su a m oglie Forcella. 12 giugno 1191."
Guglielmo Cassinese I,721,289,285,heading: 12 g i u g n o 1 1,dowry,"721. G e r a r d o C a p u t Iu d ei, del f u Gerardo di Lione dà quietanza dì u n a s o m m a d e lla dote d ella m oglie Verdilia, del fu Giovanni N e g r i d i S a v i g n o n e , e le costituisce una somm a in antifatto. 12 g i u g n o 1 1 9 1 ."
Guglielmo Cassinese I,722,289,285,1191-06-12,accomendatio,"722. E n r i c o M a llo n o co n tra e u n a accomendacio con Mabilia, mog lie d i C a p u d O rg o lii, p e r com m ercio in Ceuta e altrove. 12 g iu g n o 1191."
Guglielmo Cassinese I,723,290,286,heading: di crevato vende a ugo fornari u n terreno in polanesi. 13 g,sale,"723. Bonaor, vedova dì V igonzone di Crevato vende a Ugo Fornari u n terreno in Polanesi. 13 g iu g n o 1191."
Guglielmo Cassinese I,724,291,287,1191-06-13,sea_loan,"724. M a rin o r a p a llin o riceve da Enrico Croso u n a som m a da restitu ir g li, c o n l ’interesse, dopo il ritorno dalla Corsica e Sardeg n a . 13 g i u g n o 1191."
Guglielmo Cassinese I,725,291,287,1191-06-14,accomendatio,"725. G u g lie lm o C aito contrae u n a accom endatio con Bonvassallo de C a rta g e n ia e A n s u ix o de Sancto Genesio, per Tunisi e altrove. 14 g i u g n o 1191."
Guglielmo Cassinese I,726,291,287,heading: m a rittim o . 15 g,societas,"726. M ich ele N a c a ru s contrac una societas con Lamberto de Dom o c o lta , p e r c o m m e r c io m a rittim o . 15 g iugno 1191."
Guglielmo Cassinese I,727,292,288,heading: mare. 15 g,accomendatio,"727. G uglielm o de. Dodo contrae accom endatio con Giacomo Trezastelle, p er Sardegna e Oltremare. 15 g iu g n o 1191."
Guglielmo Cassinese I,728,292,288,heading: di ceranesi. 15 g,sale,"728. D ionigi fabbro e sua m oglie Giulia vendono a Alessio de Gazo che com pra per la chiesa di S. Maria di Ceranesi, e a Oberto de C am polongo della terra nel piviere di Ceranesi. 15 g iugno 1191."
Guglielmo Cassinese I,729,293,289,heading: 29 sette m b r e . 15 g,sale,729. A m b r o g io de Gazo e O berto de C am polongo prom ettono di p a g a r e u n a p a rte del p rezzo suddetto al 15 agosto e al 29 sette m b r e . 15 g iu g n o 1191.
Guglielmo Cassinese I,730,294,290,1191-06-15,other:quittance,"730. U m ana cede al padre, D ionigi fabbro, la terra che ha in Rapallo e i d iritti sui beni di Ansaldo fabbro. 15 giugno 1191."
Guglielmo Cassinese I,731,294,290,1191-06-15,societas,"731. Enrico di Lam berto de Cisura, di Rapallo, porta in accomandai ione una som m a di M artino Curto, in Corsica e Sardegna. 15 g iu g n o 1191."
Guglielmo Cassinese I,732,294,290,heading: mare. 15 g,societas+accomendatio,"732. Ido di Albaro contrae una accom endatio con Ugo Laurei e suo cognato Ugo de Casanova, per Sardegna e Oltremare. 15 giugno 1191."
Guglielmo Cassinese I,733,295,291,heading: d i c avatorta u n a so m m a che gli avevano data in a c c o m e n d a tio . 15 g,other:quittance,733. C o rra d o d e C abenna e P ietro de Vignoli ricevono da Guglielm o n ip o te d i C avatorta u n a so m m a che gli avevano data in a c c o m e n d a tio . 15 g iu g n o 1191.
Guglielmo Cassinese I,734,295,291,1191-06-15,other:quittance,734. O g c rio S c o to e L a n fra n co de Mirosa perm utano terre in Quarto. 15 g i u g n o 1191.
Guglielmo Cassinese I,735,296,292,heading: agosto. 16 g,mutuum,"735. Lusco de Podio e G iovanni de Vaccareza pagheranno a Giacom o Concialetame una som m a, per conigli, in Milano, entro agosto. 16 g iu g n o 1191."
Guglielmo Cassinese I,736,296,292,1191-06-16,societas,"736. Badono di Voltri e Raijierio Lom bardo contraggono una societas con Ogerio de Cartagenia, per la Sardegna. 16 giugno 1191."
Guglielmo Cassinese I,737,296,292,1191-06-16,accomendatio,"737. A nsaldo Spreca contrae una accom endatio con Guglielmo Maza, p er la Sardegna e altrove, eccetto l ’im pero Bizantino e Alessandria. 16 g iu g n o 1191."
Guglielmo Cassinese I,738,297,293,1191-06-17,dowry,"73S. R o la n d o fe rra riu s , del f u R olando de Podio dà quietanza di u n a s o m m a d ella dote della m oglie Agnese, del fu Pietro de Pax ia d i S e s ta r o n o , e le costituisce altra som m a in antifatto. 17 g iu g n o 1191."
Guglielmo Cassinese I,739,297,293,1191-06-17,other:quittance,"739. S e d ic i c o m p r o p rie ta r ii di due schiave sarde, Giusta e Vereta, le v e n d o n o al c o n d o m in o R a im o n d o Baltigario. 17 giugno 1191."
Guglielmo Cassinese I,740,298,294,1191-06-17,societas,"740. Baudizo G ulfionus, F ilippo de Campis e Opizo de Martura contraggono u n a societas con Pietro Grasso, per com m erci in Sardegna e Corsica. 17 g iu g n o 1191."
Guglielmo Cassinese I,741,298,294,heading: di costui e alia sua m orte. 17 g,other,"” 41. Mazuco de Pomario prom ette che darà a ll’ospedale del Bisagno u n a som m a, di proprietà di Milo, a nom e di costui e alia sua m orte. 17 giugno 1191."
Guglielmo Cassinese I,742,299,295,heading: 17 g i u g n o 1 1,other,"742. M a z u c o d e P o m a r io g a ra n tisce l ’ospedale del Bisagno da ogni m o le s tia o r ic h ie s ta d i M ilo, p e r la donazione fatta all'ospedale. 17 g i u g n o 1 1 9 1 ."
Guglielmo Cassinese I,743,299,295,1191-06-17,other,743. I f r a t i d e l l ’O spedale del B isagno promettono di non molestare n è a g ir e c o n t r o M ilo e M azuco. 17 giugno 1191.
Guglielmo Cassinese I,744,300,296,1191-06-17,accomendatio,"744. M archesio del fu Bernardo di Teloso contine societas con Martino di Albaro, per T unisi, portando anche so m m e di Arduino e Rolando de Canneto. 17 g iu g n o 1191."
Guglielmo Cassinese I,745,300,296,1191-06-17,accomendatio (by reference to no. 744),"745. Genoardo drappiere si associa a ll’affare, anche con una somm a di G iovanni, inserviente di Im berte de Verzellato. 17 giugno 1191."
Guglielmo Cassinese I,746,300,296,1191-06-18,other:obligation,"746. A m b ro g io Ferrabo prom ette di pagare, entro l ’ottava di S. M ichele, a Vassallo Strallaire e Gregorio de Castello una som ma, prezzo di « brazile », e dà in pegno sei balìe di fustagni bianchi e tin ti. 18 giugno 1191."
Guglielmo Cassinese I,747,301,297,heading: mare. 18 g,sea_loan,"""47. O tto M a za to rta p r o m e tte di pagare una som m a in Constantin o p o li, s a n a e u n te n av is, a A n seim o arciere al conto dei figli d i B u o n s ig n o r e d i Mare. 18 g iu g n o 1191."
Guglielmo Cassinese I,748,301,297,1191-06-18,accomendatio,"748. N ic o la de I n fa n tib u s contrae u n a accom endatio con Vilia, fig lia d i A n fe lic e de P orcis, p er la Sardegna. 18 giugno 1191."
Guglielmo Cassinese I,749,302,298,1191-06-18,sale,"749. R olando de Gaivo dichiara che gli sono fideiussori, per un debito verso A nsaldo Buferio, Bernardo de F u m o , A nseim o de C um ego, Ugo de Puzolo, Lam berto calzolaio e Pietro Buvica, e dà garanzie pel debito. 18 giugno 1191."
Guglielmo Cassinese I,750,302,298,heading: marsiglia. 18 g,accomendatio,"750. A lberto Pestagalla contrae accomendatio con Marchesio Cap utdu ro , per Marsiglia. 18 giugno 1191."
Guglielmo Cassinese I,751,302,298,1191-06-19,societas,"751. In g o P ignolo dichiara le aggiunte alla soeietas con Ogerio de Cartagenia, per Bugia e altrove, se la nave non sarà ivi venduta. 19 g iugno 1191."
Guglielmo Cassinese I,752,303,299,heading: o tto g u e z io e la m o g lie maria prendono una som m a a m utuo g r a tu ito d a b uonvassallo barbavara. 19 g,mutuum,752. O tto G u e z io e la m o g lie Maria prendono una som m a a m utuo g r a tu ito d a B uonvassallo Barbavara. 19 giugno 1191.
Guglielmo Cassinese I,753,303,299,1191-06-20,other,"753. M a r tin o C urto p a gherà a Brajo Capono una somm a, al 1° otto b r e . 20 g iu g n o 1191."
Guglielmo Cassinese I,754,303,299,1191-06-20,other:quittance,754. D u r a n to fig lio di G ordiano da Carrara si obbliga a conseg n a re u n a co lo n n a di m a rm o a G uglielm o fondichierc. 20 giug n o 1191.
Guglielmo Cassinese I,755,304,300,1191-06-20,sea_loan,"755. Obcrto Caropapa, Bando R ubco e Bertoloto Smercilo contraggono m u tu i con Bernizzone Scoto. 20 giugno 1191."
Guglielmo Cassinese I,756,304,300,1191-06-20,other,756. Raniero Strucio si im pegna a lavorare e servire con Anseimo de Palio. 20 g iu g n o 1191.
Guglielmo Cassinese I,757,305,301,1191-06-20,other:quittance,757. G io r d a n o R icerio p er su o fratello Lanfranco dichiara di aver r ic e v u to u n q u a n tita tivo di m attoni da B alduino figlio di Giov a n n i .C a n e . 20 g iu g n o 1191.
Guglielmo Cassinese I,758,305,301,1191-06-20,societas,758. F ilip p o d e C am pis e O pizone de Martura contraggono una so cietas c o n M artino Corto. 20 g iu g n o 1191.
Guglielmo Cassinese I,759,305,301,1191-06-20,other,759. R a im o n d o U naldo si obb lig a di pagare una som m a ad Uberlo C osta. 20 g iu g n o 1191.
Guglielmo Cassinese I,760,306,302,1191-06-20,mutuum,760. R aim o n d o de Misel e R aim ondo Torsello si obbligano di dare u n a som m a di provenisini alla fiera di Troyes oppure al ritorno dalla fiera in Genova a Uberto Costa. 20 giugno 1191.
Guglielmo Cassinese I,761,306,302,1191-06-21,mutuum,761. Ragul vescovo di Liége contrae u n prestito con Nicola Biondo di Arras. 21 g iugno 1191.
Guglielmo Cassinese I,762,307,303,1191-06-21,other,"762. B e llu c o d i C arrara, B o n vicin o m arm orario, Guido di Ganizo, D u ra n te fi g lio d i G ordiano di Carrara affidano Uberiino figlio d i B o n s ig n o r e de M iseja a G uidone Reja per stare con esso e serv irlo . 21 g iu g n o 1191."
Guglielmo Cassinese I,763,307,303,1191-06-21,other,763. G u id o n e R e ja p ro m ette di insegnare la sua arte a Ubertino di cu i al d o c. 762. 21 g iu g n o 1191.
Guglielmo Cassinese I,764,308,304,1191-06-21,other,764. Marchesio di Z inzina e Bonifazio di Z inzina si obbligano di pagare una som m a a R ubaldo Nano. 21 g iugno 1191.
Guglielmo Cassinese I,765,308,304,1191-06-21,dowry,"765. R ubaldo Nano e la m adre sua A nna dichiarano di aver ricevuta lu dote di A im elina, m oglie di Rubaldo e pari importo donano p ro p ter nuptias. 21 giugno 1191."
Guglielmo Cassinese I,766,308,304,1191-06-21,other:no-term trade capital,766. R a im o n d o de Misel porta alla fiera di Troyes una somm a di Odeberto R aim ondo. 21 giugno 1191.
Guglielmo Cassinese I,767,309,305,1191-06-21,other,767. M elio sp e zia le dichiara di pagare a Guidolto Lancer una som m a p e r p e llic c ie ricevute. 21 g iugno 1191.
Guglielmo Cassinese I,768,309,305,1191-06-22,other,768. A i m e l in a fig lia di M archese di Z inzina dona a suo padre una s o m m a . 22 g iu g n o 1191.
Guglielmo Cassinese I,769,310,306,1191-06-22,other:lease/hire,769. Gerardo Capono di Lagneto affitta una tenuta ad Alberto di Castagnola. 22 g iu g n o 1191.
Guglielmo Cassinese I,770,310,306,1191-06-22,sale,"770. O pizzone, abate del m onastero di San Fruttuoso, costituisce in livello u n a terra in Portofm o a G uglielm o Guercio figlio del fu G u g lielm o Vaccario. 22 giugno 1191."
Guglielmo Cassinese I,771,311,307,1191-06-22,other,771. B o n o v a s s a llo fig lio del fu Marino di Rapallo prom ette di pagare u n a s o m m a a G rillo. 22 g iu g n o 1191.
Guglielmo Cassinese I,772,312,308,1191-06-24,societas,772. G iordano da Sori contrae una societas con W idone tornaor. 24 g iu g n o 1191.
Guglielmo Cassinese I,773,312,308,1191-06-25,societas,773. Oberto Q uarterio contrae una societas con Giacomo Senescalco p er affari in Sardegna. 25 giugno 1191.
Guglielmo Cassinese I,774,312,308,1191-06-25,mutuum,774. M arino fig lio del fu Vassallo de Minuto contrae un m utuo con R ubaldo suo cognato. 25 giugno 1191.
Guglielmo Cassinese I,775,312,308,heading: dichiara di aver ricevuto da ottone di val di taro la sua parte di una societas. 18 l,other:quittance,775. G uglielm o Maio dichiara di aver ricevuto da Ottone di Val di Taro la sua parte di una societas. 18 luglio 1191.
Guglielmo Cassinese I,776,313,309,1191-06-24,mutuum,"776. Pietro di Morceceno si obbliga di dare a D onnioto A b ella n io u n a so m m a di provenisini alla fiera di Troyes, oppure a Genova, se n o n pagasse in fiera. 24 giugno 1191."
Guglielmo Cassinese I,777,313,309,1191-06-26,societas,">77. L afranco d i Ceranesi contrae una, societas con Pietro Grasso per affari in Sardegna. 26 g iugno 1191."
Guglielmo Cassinese I,778,314,310,1191-06-27,other,778. M artino C orto si obbliga di pagare una som m a a Manfredo D alm azzo. 27 g iu g n o 1191.
Guglielmo Cassinese I,779,314,310,1191-06-27,mutuum,779. D odo di M ontescoto dichiara di aver ricevuto da Pietro Leonardo la spesa del trasporto di panni dalla Fiandra. 27 giugno 1191.
Guglielmo Cassinese I,780,314,310,1191-06-28,sale,780. M aniardo fig lio del fu Calzagatta di Aramo vende la parte di u n casale a O ttone de Sublavia. 28 giugno 1191.
Guglielmo Cassinese I,781,315,311,1191-06-28,dowry,781. Venco fig lio di Oberto de Serra dichiara di aver ricevuto la dote della m oglie Regina figlia di Grico di M oneglia e le costituisce Z’an tifactu m . 28 g iugno 1191.
Guglielmo Cassinese I,782,315,311,1191-06-28,other:quittance,"782, Il prevosto della chiesa di S. Lorenzo e i suoi preti >:e.dono ai canonici di S. Maria di Castello ogni diritto nella chiesa di San Marco al Molo. 28 giugno 1191."
Guglielmo Cassinese I,783,318,314,1191-06-28,other,783. G iordano C lerico e Oberto de Monte insiem e al genero A n saldo si dich ia ra n o debitori di Bellotino de Brixano. 28 giugno 1191.
Guglielmo Cassinese I,784,319,315,1191-06-28,other,784. A lin erio figlio del fu R id o di Passano cede a Passano M edico u n feu d o che avrà dal com une di Genova. 28 g iu g n o 1191.
Guglielmo Cassinese I,785,319,315,1191-06-28,societas,785. G iovanni Iocelm o di M ontpellier stipula u n a societas con G ug lielm o Zetapane per affari in Provenza. 28 g iu g n o 1191.
Guglielmo Cassinese I,786,319,315,1191-06-28,other,786. R u fin o di Canneto si dichiara debitore di G iovanni de Porla e di Gil'io Vitello. 28 g iugno 1191.
Guglielmo Cassinese I,787,320,316,1191-06-28,other:obligation,781. A m b r o sio Ferrabo si dichiara debitore di Malerba de Porta e di G iordano M erenda per m erce ricevuta. 28 g iu g n o 1191.
Guglielmo Cassinese I,788,320,316,1191-06-28,other,788. O ttone M ontanario si dichiara debitore di Gotofredo figlio del f u A ld ig u ero di Lucca. 28 g iugno 1191.
Guglielmo Cassinese I,789,320,316,1191-06-29,dowry,789. R o la n d o fig lio di Vivaldo de Loztu riceve la dote della m oglie A lda del f u A n d rea de L om ajo e le costituisce la. donatio propter n u p tia s. 29 g iu g n o 1191.
Guglielmo Cassinese I,790,321,317,1191-06-29,other,"790. A m b ro g io Ferrabo si obbliga a pagare una so m m a al rito rn o dallo, fiera di Troyes a Guidone de Paver. 29 g iu g n o 1191."
Guglielmo Cassinese I,791,321,317,1191-06-30,other:quittance,791. G iovanni maestro di Castelletto dichiara di ricevere la dote di Nigra sua m oglie. 30 giugno 1191.
Guglielmo Cassinese I,792,321,317,1191-06-30,other:no-term trade capital,792. Bonesegno del fu A m igueto di Lucca fa quietanza a Majo di G uidone di M onleon del capitale e del profitto di u n a socielas. 30 g iu g n o 1191.
Guglielmo Cassinese I,793,322,318,heading: m a rittim o con marchese di c arignano. 1 l,sea_loan,793. G uidoto Cazabo contrae u n prestito m a rittim o con Marchese di C arignano. 1 lu g lio 1191.
Guglielmo Cassinese I,794,322,318,1191-07-02,mutuum,794. A lb erto E n g u ilin g o e Uberto Daino si riconoscono debitori di u na so m m a verso P etrino fig lio di Uberto de Clusa. 2 luglio 1191.
Guglielmo Cassinese I,795,322,318,1191-07-02,mutuum,795. R a in iero de A rcu lo si riconosce debitore di A m brogio Ferrabo. 2 lu g lio 1191.
Guglielmo Cassinese I,796,323,319,1191-07-02,sale,"(96. G io va n n i Advocario vende a Mabilia vedova di O pizone Lecovela u n a quota della melò, della statio del m a rito in G enova. 2 lu g lio 1191."
Guglielmo Cassinese I,797,323,319,.NR,sale,797. G iovanni Advocario si obbliga di restituire a M abilia vedova
Guglielmo Cassinese I,798,324,320,1191-07-02,mutuum,"798. G io va n n i A dvocario contrae u n m u tu o con Suzubono, dando in peg n o Z’in tro itu s porte. 2 luglio 1191."
Guglielmo Cassinese I,799,325,321,.NR,mutuum,799. U berto Diano si riconosce debitore d i una
Guglielmo Cassinese I,800,325,321,1191-07-02,mutuum,800. Uberto Diano e Alberto E ng u ilin g o si riconoscono debitori di una so m m a in m oneta im periale verso Pietro Regale. 2 lu g lio 1191.
Guglielmo Cassinese I,801,325,321,1191-07-03,mutuum,801. U berto D iano e Alberto E n g u ilin g o si riconoscono debitori verso Urso Prodaxio di una so m m a in im periali. 3 lu g lio 1191.
Guglielmo Cassinese I,802,325,321,1191-07-03,other,802. Uberto D iano e A lberto E n g u ilin g o si riconoscono debitori di u n a so m m a in m o n eta im periale verso U golino A lbo. 3 lu g lio 1191.
Guglielmo Cassinese I,803,326,322,1191-07-03,mutuum,803. A lb e rto E n g u ilin g o si riconosce debitore di una som m a in m o n e ta im p eria le verso Pietro Regale. 3 luglio 1191.
Guglielmo Cassinese I,804,326,322,1191-07-03,other,804. A lb erto E n g u ilin g o si riconosce debitore di una som m a in m o n eta im p eria le verso A lbertone Tenca. 3 luglio 1191.
Guglielmo Cassinese I,805,326,322,1191-07-03,accomendatio,805. G u g lielm o di Alba contrae una accom endatio con R ufino de C anneto. 3 lu g lio 1191.
Guglielmo Cassinese I,806,326,322,.NR,other,806. A r d u in o de C anneto si riconosce debitore di Gilio de Iser.
Guglielmo Cassinese I,807,326,322,1191-07-04,other,807. A lb erto di A cquafredda si obbliga a pagare il prezzo di un m u lo ad A n se im o P olixin o de Palavanega. 4 luglio 1191.
Guglielmo Cassinese I,808,327,323,1191-07-04,other,808. M abilia di Lecavela dichiara di aver avuto in prestito da Oddone di Melazo una som m a per la dote di sua figlia. 4 lu g lio 1191.
Guglielmo Cassinese I,809,327,323,1191-07-09,other,809. O pizo Arancabosco si obbliga di pagare u n a so m m a a Rainaldo Stru g n o n o al ritorno dalla fiera di Troyes. 9 lu g lio 1191.
Guglielmo Cassinese I,810,328,324,1191-07-09,accomendatio,810. M archesio di Carignano stipula una accom endatio con Verdelia m o g lie di G uidone Borgognone per com m erciare in Tunisi e altrove. 9 luglio 1191.
Guglielmo Cassinese I,811,328,324,1191-07-04,other,811. Maria fig lia di Giordano Rosso ordina diverse donationes mortis causa. 4 lu g lio 1191.
Guglielmo Cassinese I,812,328,324,1191-07-05,societas,812. R u b a ld o Ocello e Oberto A rm o in o si obbligano di pagare una so m m a a G u g lielm o Rataldo ed Enrico Boccaro. 5 luglio 1191.
Guglielmo Cassinese I,813,329,325,1191-07-08,other,813. A n su ix o Mazanello e Anseim o Navarro si o b b lig a n o a pagare un a so m m a a Tebaldo e Guaio Reverzola. 8 lu glio 1191.
Guglielmo Cassinese I,814,329,325,1191-07-08,other,814. Segnorando di Pegli. si obbliga di pagare una som m a a Mollazana de Volta. 8 luglio 1191.
Guglielmo Cassinese I,815,329,325,1191-07-05,dowry,"815. M ichele, conciatore, dichiara di aver ricevuta la dote della m o g lie Adalasia e le costituisce l ’antefatto. 5 luglio 1191."
Guglielmo Cassinese I,816,330,326,1191-07-05,sale,816. U gonc E m briaco vende due pezze di terra in Quarto a Gioix in n i Grita. 5 luglio 1191.
Guglielmo Cassinese I,817,330,326,1191-07-05,societas,"817. B ern icio n Scoto contrae una societas con Giovanni Boleto, P ig n o lo e B aiam onte Barlaira per affari in Oltremare. 5 luglio 1191."
Guglielmo Cassinese I,818,331,327,1191-07-05,dowry,818. B on g io va n n i di Monleon riceve Ut dote della m o g lie Agnese e le costituisce l ’antefatto. 5 luglio 1191.
Guglielmo Cassinese I,819,331,327,1191-07-03,dowry,819. A lessandro figlio del fu Filippo de Greva di Parigi riceve la dote della m oglie Adelasia del fu Gioffredo G uanterio e le costituisce l ’antefatto. 3 luglio 1191.
Guglielmo Cassinese I,820,331,327,1191-07-09,sale,"820. M artino Gota vende a O puone arciprete di R ivarolo, che com pra per la propria madre, diverse pezze di terra in Cam pegelle. 9 luglio 1191."
Guglielmo Cassinese I,821,332,328,heading: di cariogena o g n i diritto che aveva sopra una schiava sarda di nome maria pagana. 10 l,sale,821. M ichele di Portovenere rinuncia in favore di Ogerio di Cariogena o g n i diritto che aveva sopra una schiava sarda di nome Maria Pagana. 10 luglio 1191.
Guglielmo Cassinese I,822,333,329,1191-07-11,other:lease/hire,S22. ln g ° n c de Volta dà terre a livello a Gandolfo de Guancialino. 11 lu g lio 1191.
Guglielmo Cassinese I,823,333,329,heading: marchesio de volta. 12 l,mutuum,823. Prospero de F im er contrae u n m utuo con Marchesio de Volta. 12 lu g lio 1191.
Guglielmo Cassinese I,824,334,330,1191-07-12,mutuum,824. M obilia contrae u n m u tu o con Suzubono. 12 luglio 1191.
Guglielmo Cassinese I,825,334,330,1191-07-12,mutuum,825. M abilia confessa di aver ricevuto una so m m a a m u tu o dalla m adre A ltilia p er la dote della figlia e ne prom ette la restituzione. 12 lu g lio 1191.
Guglielmo Cassinese I,826,334,330,1191-07-12,other,"826. M abilia de Lecavele dichiara di aroer investito la som m a ricevu ta a m u tu o dalla m adre con il doc. 825, nella compera di case in G enova, p er la dote della figlia. 12 luglio 1191."
Guglielmo Cassinese I,827,335,331,heading: a prevosto di san lorenzo si accorda con baidu in o guercio e oglono de isul per la costruzione d i una via. 12 l,other,827. O gerio Gallela prevosto di San Lorenzo si accorda con Baidu in o Guercio e Oglono de Isul per la costruzione d i una via. 12 lu g lio 1191.
Guglielmo Cassinese I,828,335,331,heading: genero di carlo contraggono una societas. 13 l,societas,"828. Nicola Blondet di Arras, Giovanni di Liége e Gualterio genero di Carlo contraggono una societas. 13 luglio 1191."
Guglielmo Cassinese I,829,336,332,1191-07-13,accomendatio,829. A¡cola B io n d o di Arras contrae una accom endacio con Baim o n d o U naldo. 13 lu g lio 1191.
Guglielmo Cassinese I,830,336,332,heading: m artino gota ven d e a r ubaldo lanze di sestri levante la quarta parte di u n a terra in san quirico. 13 l,sale,830. M artino Gota ven d e a R ubaldo Lanze di Sestri Levante la quarta parte di u n a terra in San Quirico. 13 luglio 1191.
Guglielmo Cassinese I,831,337,333,heading: m arino de m inuta vende a guglielmo de costa p er la chiesa di san pietro in chiavari una pezza di terra nel territorio di c hiavari. 13 l,sale,831. M arino de M inuta vende a Guglielmo de Costa p er la chiesa di San Pietro in Chiavari una pezza di terra nel territorio di C hiavari. 13 luglio 1191.
Guglielmo Cassinese I,832,337,333,1191-07-13,societas,832. Salim b en c di Santa Fede contrae una societas con G uglielm o Loorengo. 13 luglio 1191.
Guglielmo Cassinese I,833,338,334,1191-07-13,other,"633. M urchesio, A m ico , e G uglielm o Barbavaira drappieri, p ro m e tto n o di pagare diverse so m m e a Gerardo di Bagnolo o a B aim i T ren ch et. 13 luglio 1191."
Guglielmo Cassinese I,834,338,334,1191-07-14,other:quittance,834. S en ten za arbitrale data dagli arbitri in una controversia esistente tra R ichelda figlia del fu Ingone de Castello e i suoi fratelli B o n a ven tu ra e G ontardo. 14 luglio 1191.
Guglielmo Cassinese I,835,339,335,1191-07-15,other,"835. R u b a ld o Cardinale promette di pagare diverse s o m m e a d O gerio Galleta, prevosto di San Lorenzo. 15 lu g lio 1191."
Guglielmo Cassinese I,836,339,335,1191-07-15,other:testament,836. M abilia che abita con Opizone pellicciaio /a il suo testam ento 15 luglio 1191.
Guglielmo Cassinese I,837,340,336,1191-07,other,837. 1Ida de M olinello si obbliga di pagare a Vivaldo nipote di \ ¡l'aldo Boccagrassa una so m m a sul ricavo di m erci di Guglielm o C o lu m b o . lb lu g lio 1191.
Guglielmo Cassinese I,838,340,336,1191-07-16,accomendatio,"838. G u g lielm o di A lbavilìa de Pentirio contrae una accomendatio con In g o n e Lucense de Campo, suo cognato. 16 luglio 1191."
Guglielmo Cassinese I,839,340,336,1191-07-17,other:no-term trade capital,839. B u fin o de C anneto si riconosce debitore di Sim one di Stanfo rt p er d ra p p i ricevuti. 17 luglio 1191.
Guglielmo Cassinese I,840,341,337,heading: 17 g iu g n o 115)1.,other,"840. R ubaldo de Tasaleto si accorda con Superia, sua cognata, circa la successione del fratello Oberto Clerico. 17 g iu g n o 115)1."
Guglielmo Cassinese I,841,341,337,1191-07-17,other:quittance,841. S im o n e di Stanfort rilascia quitanza di u n a so m m a ad A rd uino. 17 luglio 1191.
Guglielmo Cassinese I,842,341,337,1191-07-18,mutuum,842. Sibilia del fu Bellone di Ortogallo contrae un m u tu o con m aestro Oberto notaio. 18 luglio 1191.
Guglielmo Cassinese I,843,342,338,heading: ottone di languisco. 18 l,other,843. G rillo de C anneto si riconosce debitore di Ottone di Languisco. 18 lu g lio 1191.
Guglielmo Cassinese I,844,342,338,heading: ottone di langasco di u n legato lasciato ai suoi fig li dal nonno. 18 l,other,844. G rillo de C anneto rilascia quietanza a Ottone di Langasco di u n legato lasciato ai suoi fig li dal nonno. 18 luglio 1191.
Guglielmo Cassinese I,845,342,338,1191-07-19,sale,845. A id ela m o g lie di Oberto Gontardo vende una terra in Sampierd a ren a ad A ndrea de Domocolta. 19 luglio 1191.
Guglielmo Cassinese I,846,343,339,1191-07-21,other,846. Giordano Clerico dichiara di tenere a fru tto u n a so m m a d ì G eremia figlia del fu M artino de Fozo. 21 luglio 1191.
Guglielmo Cassinese I,847,343,339,1191-07-23,other:quittance,847. Vivolo di Chiavari rilascia quietanza di u n a so m m a ad A ld a figlia di R ubaldo di Casaleto. 23 lu glio 1191.
Guglielmo Cassinese I,848,344,340,1191-07-23,other:quittance,848. A ld a fig lia di R u baìdo di Casaleto si obbliga di pagare una s o m m a a V ivo lo di Chiavavi. 23 luglio 1191.
Guglielmo Cassinese I,849,344,340,1191-07-23,dowry,849. V ivolo di C hiavari si obbliga verso Superia m oglie del fu O berto Clerico di dargli la m età del realizzo dei beni del m arito d efu n to . 23 lu g lio 1191.
Guglielmo Cassinese I,850,345,341,1191-07-24,other,"850. G iovanni, fabbro, e Basilia, co n iu g i, si o b b lig a n o di pagare u na so m m a in m oneta m ergorense a Stefano di T orre Cobraria. 24 lug lio 1191."
Guglielmo Cassinese I,851,345,341,1191-07-24,other:testament,851. Sansa figlia del fu G uglielm o Longo fa il suo testam ento. 24 lu g lio 1191.
Guglielmo Cassinese I,852,345,341,1191-07-25,sale,852. D rua figlia del fu Ugone Cane vende una terra in G enova a In g o n e de Volta. 25 lu g lio 1191.
Guglielmo Cassinese I,853,346,342,1191-07-25,other:quittance,853. trigone de Volta p ro m ette il pagam ento di u n residuo sul prezzo della v e n d ita fattale da D rua e di cui al doc. 852. 25 luglio 1191.
Guglielmo Cassinese I,854,346,342,1191-07-26,societas,854. P inabello da Tortona e A m b ro g io scudaio contraggono una società p e r afaitare azur. 26 lu g lio 1191.
Guglielmo Cassinese I,855,347,343,1191-07-26,mutuum,855. G uglielm o Porcello contrae un m utuo pro am ore con Idone Mazale. 26 luglio 1191.
Guglielmo Cassinese I,856,347,343,1191-07-27,other,856. B audo Rosso e Am edeo di Savona si riconoscono debitori di Oberto de Mari. 27 luglio 1191.
Guglielmo Cassinese I,857,348,344,1191-07-27,other,"857. B o n g io va n n i di Corrado de Jordona di Savona, si riconosce debitore di una so m m a verso Oberto de Mari. 27 luglio 1191."
Guglielmo Cassinese I,858,348,344,1191-07-27,other,85S. G iuberto prete di San Nazaro si dichiara debitore di una som m a verso B ola n d in o del fu V ulturino. 27 luglio 1191.
Guglielmo Cassinese I,859,348,344,1191-07-28,other,859. G io va n n i e O berto di Langasco si obbligano a pagare una s o m m a a Pasquale M arzono. 28 luglio 1191.
Guglielmo Cassinese I,860,349,345,1191-07-28,other:quittance,860. A ld a de M olinello di Voltri dichiara di aver ricev u to u n a s o m m a e m onete d ’oro da Enrico D entexe Nolasco. 28 lu g lio 1191.
Guglielmo Cassinese I,861,349,345,1191-07-28,sale,861. Ogerio di Cartagena dichiara di avere una so m m a di E nrico D entice e stipula con lui alcuni patti accessori. 28 luglio 1191.
Guglielmo Cassinese I,862,350,346,1191-07-28,sea_loan,"862. D aniele Battezzato e Maria, con iu g i contraggono u n m u tu o con R u b a ld o de Modo. 28 lu g lio 1191."
Guglielmo Cassinese I,863,350,346,heading: 29 luglio 119.1,other,^63........................si obbliga di pagare a .................. u n a som m a e Guidotto tin to re p ro m ette di rendere p a n n i tin ti. 29 luglio 119.1
Guglielmo Cassinese I,864,350,346,1191-07-29,mutuum,864. R ain a ld o de M anezano de Plano si obbliga di pagare a Oddone de Plaza e G andolfo Baalvengo una som m a in provisini alla p ro ssim a fiera di C ham pagne. 29 luglio 1191.
Guglielmo Cassinese I,865,351,347,1191-07-29,other,865. R ogerio Caldino si obbliga di pagare una so m m a a Paxio d i Lucca. 29 luglio 1191.
Guglielmo Cassinese I,866,351,347,1191-07-29,accomendatio,866. G iovanni da P ontrem oli contrae una accom endacio e u n a societas con Matelda m oglie di Rogerono e Mobilia m oglie di N icola M allone. 29 luglio 1191.
Guglielmo Cassinese I,867,351,347,1191-07-29,mutuum,867. A dalaxia de Caprino contrae u n m u tu o pro am ore con L a m berto fig lio di Drogo. 29 luglio 1191.
Guglielmo Cassinese I,868,351,347,1191-07-30,mutuum,868. G iovanni e Gandolfo di Cruce contraggono un m u tu o con Pietro de Cruce. 30 luglio 1191.
Guglielmo Cassinese I,869,352,348,1191-07-30,other,"S69. Bonovassallo Barbavaira e A ndrea de D om ocolta si rico n o scono debitori di A lda, m o g lie del fa A nxaco. 30 luglio 1191."
Guglielmo Cassinese I,870,352,348,.NR,other:procuration,870. .4 m b ro g io Fcrrabo n o m in a suo procuratore G uidone de Rezo-.
Guglielmo Cassinese I,871,353,349,heading: di castello contrae una acco m en d atio con in sa ld o bataldo. 13 a,accomendatio,871. G rim aldo di Castello contrae una acco m en d atio con in sa ld o Bataldo. 13 agosto 1191.
Guglielmo Cassinese I,872,353,349,1191-08-14,other:sale on commission,"872. G u g lielm o Zetapannis dichiara di ricevere merce da G iovanni Io lcelm o di M ontpellier per venderlo, e pagargliene il profitto. 14 agosto 1191."
Guglielmo Cassinese I,873,353,349,1191-08-14,other,"873. G iova n n i nipote di B onbel macellaio, prom ette di stare come garzone con Vivaldo, nipote di Boccagrossa. 14 agosto 1191."
Guglielmo Cassinese I,874,354,350,heading: marchese di san lorenzo di u n a so m m a che aveva avuto da lui in societate. 14 a,other:quittance,874. G u g lielm o A g n ello rilascia quietanza a Marchese di San Lorenzo di u n a so m m a che aveva avuto da lui in societate. 14 agosto 1191.
Guglielmo Cassinese I,875,354,350,1191-08-14,accomendatio,875. B ernardo de Soriano contrae una accom endatio con B ustico de A iro lo . 14 agosto 1191.
Guglielmo Cassinese I,876,354,350,heading: o tto m ontanario si obbliga al pagam ento di una som m a verso m elano a bbate. 14 a,other,876. O tto M ontanario si obbliga al pagam ento di una som m a verso M elano A bbate. 14 agosto 1191.
Guglielmo Cassinese I,877,354,350,heading: n ova si obbliga al pagam ento di una som m a in m o n eta im periale verso a rd ig o de puteo di milano. 14 a,mutuum,877. M oscardo de N ova si obbliga al pagam ento di una som m a in m o n eta im periale verso A rd ig o de Puteo di Milano. 14 agosto 1191.
Guglielmo Cassinese I,878,355,351,1191-08-14,societas,878. Pietro de Cruce e Oberto suo nipote contraggono u n a societas con B onadie di S a n t’A m brogio. 14 agosto 1191.
Guglielmo Cassinese I,879,355,351,1191-08-14,other,879. G uglielm o di Rodolfo si obbliga di pagare una so m m a a N icola Lecanoze per pepe ricevuto. 14 agosto 1191.
Guglielmo Cassinese I,880,356,352,heading: a p ro ssim a pasqua. 15 a,other,880. A n sa ld o Lecavela si obbliga di pagare a G iovanni S u zu b o n o e O ddone de Melazo una so m m a alla p ro ssim a Pasqua. 15 ago sto 1191.
Guglielmo Cassinese I,881,356,352,1191-08-15,other,8S1. O berto Porco si riconosce debitore di R olando de Canneto e di A r d u in o de C anneto. 15 agosto 1191.
Guglielmo Cassinese I,882,356,352,heading: o ttone di langasco. 16 a,mutuum,SS2. S o rlio n Cavallo della pieve di Serra contrae u n m u tu o con O ttone di Langasco. 16 agosto 1191.
Guglielmo Cassinese I,883,356,352,1191-08-16,mutuum,"883. A u g u sto , drappiere, contrae u n m u tu o p rò am ore con L a n franco de Crosa. 16 agosto 1191."
Guglielmo Cassinese I,884,357,353,1191-08,sale,884. Oberto figlio di B ongiovanni de Costa vende a O berto d i C am p o lu n g o u n a terra in Ceranesi. IT agosto 1191.
Guglielmo Cassinese I,885,357,353,1191-08-17,dowry,885. O pizone de Castello riceve la dote della m o g lie M obilia dallo suocero A nsaldo p o m a ri e le costituisce l'a n tefa tto . 17 agosto 1191.
Guglielmo Cassinese I,886,357,353,1191-08-17,sale,886. G iovanni Pellicia si riconosce debitore di M elano A bbate. 17 agosto 1191.
Guglielmo Cassinese I,887,358,354,1191-08-17,societas,887. G u g lielm o di A lb a contrae u n a societas con R u fin o de Canneto. 17 agosto 1191.
Guglielmo Cassinese I,888,358,354,1191-08-17,sale,888. Stefa n o de Clavica ven d e ad A lbertone de Vanzono u n schiavo saraceno. 17 agosto 1191.
Guglielmo Cassinese I,889,358,354,heading: dichiara di aver ricevuto u n a som m a come prezzo di u n a terra ven d u ta ad oberto de c am polongo a alessio. 17 a,other:quittance,889. D io n isio fabbro dichiara di aver ricevuto u n a som m a come prezzo di u n a terra ven d u ta ad Oberto de C am polongo a Alessio. 17 agosto 1191.
Guglielmo Cassinese I,890,359,355,1191-08-17,mutuum,890. lo co ra lm o de Celasco contrae u n m u tu o pro am o re con G ug lielm o Zetapane. 17 agosto 1191.
Guglielmo Cassinese I,891,359,355,1191-08-19,other:lease/hire,891. Giordano Ricerio affitta la sua casa a Tebaldo b o rrao r. 19 agosto 1191.
Guglielmo Cassinese I,892,359,355,1191-08-19,mutuum,892. T rencherio di Lagneto contrae u n m u tu o pro am o re a G ug lielm o Zetapane. 19 agosto 1191.
Guglielmo Cassinese I,893,360,356,1191-08-19,other:quittance,893. G io va n n i Busca rilascia quitanza a Vasallo Stralleira di una so m m a d ip e n d en te da u n a accom endatio e da una societas.. 19 agosto 1191.
Guglielmo Cassinese I,894,360,356,1191-08-19,other:accounting,"894. Vasallo Stralleira dichiara di aver ritirato u n a som m a da una societas e da u n a acco m en d atio che aveva con Gandolfo, figlio di G io va n n i Busca. 19 agosto 1191."
Guglielmo Cassinese I,895,360,356,1191-08-20,other,"895. A n n a , m o g lie del fu A n seim o de Castello, dona una terra all'ospedale di Rusca. 20 agosto 1191."
Guglielmo Cassinese I,896,361,357,1191-08-20,other,896. Sen za n o m e A lber e A lbertono de Vanzono si riconoscono debitori di Ogerio Scoto. 20 agosto 1191.
Guglielmo Cassinese I,897,361,357,1191-08-21,other,"897. R ainalde, fratello di Cam arlengo, si riconosce debitore di M archesio de Azo. 21 agosto 1191."
Guglielmo Cassinese I,898,361,357,.NR,mutuum,898. B ertram o de M ignanego si riconosce debitore di una so m m a
Guglielmo Cassinese I,899,362,358,1191-08-21,accomendatio,899. A n su ix o di. San Genesio contrae u n a accom endalio con Angeloto di Caffara. 21 agosto 1191.
Guglielmo Cassinese I,900,362,358,1191-08-22,other,900. O ttone M ontanario si riconosce debitore di W igonzono de Greco. 22 agosto 1191.
Guglielmo Cassinese I,901,362,358,1191-08-22,other,901. M atalafo di C am ogli si riconosce debitore di Tebaldo Reverzolo. 22 agosto 1191.
Guglielmo Cassinese I,902,362,358,1191-08-22,other,902. G rillo si riconosce debitore di Bergonzio Guaitamao. 22 agosto 1191.
Guglielmo Cassinese I,903,363,359,1191-08-22,mutuum,"903. G ug lielm o di Fontaneggi e Biliardo., co n iu g i co n tra g g o n o u n m u tu o p ro am ore con Alberto de Fontana. 22 agosto 1191."
Guglielmo Cassinese I,904,363,359,1191-08-23,sea_loan,904. R ola n d o Rosso di Portovenere contrae u n m u tu o con G uidone B ergognono. 23 agosto 1191.
Guglielmo Cassinese I,905,363,359,1191-08-24,societas,"905. Variazione nelle som m e apportate nella societas stipulata da S im o n e di Bulgaro, con Gionata Cavaranco e O ddone Melazo. 24 agosto 1191."
Guglielmo Cassinese I,906,364,360,1191-08-24,societas,906. Variazione delle so m m e apportate nella societas che Ogerio Galleta ha con G ionata e O ddone de Meltìzo. 24 agosto 1191.
Guglielmo Cassinese I,907,364,360,1191-08-25,other,907. G iovanni Mazatorta contrae con Verdilia u n prestito m arittim o colla garanzia di Vasallo Mazatorta. 25 agosto 1191.
Guglielmo Cassinese I,908,364,360,1191-08-25,other,"908. G io va n n i Gazano cede a m aestro Oberto, notaio, ogni suo credito verso S ib ilia de Ortogallo. 25 agosto 1191."
Guglielmo Cassinese I,909,365,361,1191-08-26,mutuum,909. A lb erto n o de Z im ignano e Ugo de Begai si ob b lig a n o a pagare u n a so m m a di p ro ven isin i a Tebaldo e F ilip p o R everzo lo. 26 agosto 1191.
Guglielmo Cassinese I,910,365,361,1191-08-27,other,910. Pasio di Lucca si dichiara debitore di u n a so m m a verso Baid u in o B iondo e G uglielm o Vezzoso. 27 agosto 1191.
Guglielmo Cassinese I,911,365,361,1191-08-27,other:quittance,911. B erg o g n o n o fig lio di A m b ro g io di C ortem ilia fa quitanza di un a so m m a a F ulcone del fu A d iu to M arcachii di Lucca. 27 agosto 1191.
Guglielmo Cassinese I,912,366,362,1191-08-27,other,912. L a n fra n co R icerio si riconosce debitore dei fratelli Oberlo e O ddone M orando. 27 agosto 1191.
Guglielmo Cassinese I,913,366,362,1191-08-27,other:quittance,913. d o n a ta C avarunco contrae una accom endatio con Rainaldo S tru g n o n o . 27 agosto 1191.
Guglielmo Cassinese I,914,367,363,1191-08-28,mutuum,A y o u l. 28 agosto 1191.
Guglielmo Cassinese I,915,367,363,1191-08-28,other:quittance,915. Pietro di Vignolo dichiara di aver ricevuto u n a so m m a de stradote dalla m oglie E rm elina. 28 agosto 1191.
Guglielmo Cassinese I,916,367,363,1191-08-28,accomendatio,916. Belardo di Sestri Levante contrae una accom endatio con Mabilia de Baltigario. 28 agosto 1191.
Guglielmo Cassinese I,917,368,364,1191-08-28,societas+accomendatio,917. O liverio N otula di Quarto contrae una accom endatio con B uonvassallo Barbavaira. 28 agosto 1191.
Guglielmo Cassinese I,918,368,364,1191-08-29,other:quittance,918. G uglielm o Pom arolo dona in ter vivos una terra a V erdina sua sorella. 29 agosto 1191.
Guglielmo Cassinese I,919,368,364,1191-08-30,other,919. A nsaldo L om b a rd o si riconosce debitore di Gilio de Gotejredo C am po. 30 agosto 1191.
Guglielmo Cassinese I,920,369,365,1191-08-30,accomendatio,520. G io v a n n i de D o d o d i P iacenza contrae u n accom endatio con G u g lie lm o Barca. 30 ag o sto 1191.
Guglielmo Cassinese I,921,369,365,1191-08-30,other:quittance,■921. V a sa llo d e H elia rilascia quitanza di u n a som m a a Balduino V iv o s itis . 30 agosto 1191.
Guglielmo Cassinese I,922,369,365,1191-08-31,accomendatio,922. G io v a n n i B albo co n tra e u n a accom endatio con Enrico Mazalc. 31 a g o s to 1191.
Guglielmo Cassinese I,923,370,366,1191-08-31,dowry,923. G iovanni fig lio del fu Oberto de Plazo dichiara di ricevere la dote dalla m oglie S ib ilia e le costituisce l ’a n tifa tto . 31 agosto 1191.
Guglielmo Cassinese I,924,370,366,heading: genesio. 11 s,sea_loan,924. R a im o n d o Unaldo contrae u n m u tu o con A n su ix o de S anclo Genesio. 11 settem bre 1191.
Guglielmo Cassinese I,925,371,367,1191-08-31,other,925. G u g lie lm o P a rvo di C anneto si riconosce debitore di Raguì T r e n c h e t. 31 ag o sto 1191.
Guglielmo Cassinese I,926,371,367,1191-08-31,sale,926. R o g e r io G alia v e n d e a O gerio Scoto u n locum in Quarto. 31 a g o s to 1191.
Guglielmo Cassinese I,927,372,368,1191-09-01,mutuum,927. F ilippo Aradei contrae u n m u tu o p rò am ore per l ’ospedale di Rivarolo con A lberto de Fontana. 1 settem bre 1191.
Guglielmo Cassinese I,928,372,368,1191-09-02,other:reference to accomendatio/societas,928. O ttolino di San M artino si obbliga a pagare u n a so m m a a Oberto di A cq uabuona. 2 settem bre 1191.
Guglielmo Cassinese I,929,373,369,1191-09-02,other,929. O tto d e C a stello si o b b lig a a pagare u n a so m m a a E nrico Jojo. 2 s e tte m b r e 1191.
Guglielmo Cassinese I,930,373,369,1191-09-02,other,930. G io r d a n o de M ari si o b b lig a a pagare u n a som m a a Trencavel d i M ila n o . 2 se tte m b re 1191.
Guglielmo Cassinese I,931,373,369,1191-09-03,other,"931. B e la rd o C u ia ld a si riconosce debitore di G uglielm o di A ld o , p e r p e p e r ic e v u to . 3 se tte m b re 1191."
Guglielmo Cassinese I,932,373,369,1191-09-03,mutuum,932. B a in o c in o di L a g n eto contrae u n m u tu o pro am ore con Gug lie lm o Z eta p a n e. 3 settem b re 1191.
Guglielmo Cassinese I,933,374,370,1191-09-03,mutuum,933. Belardo G rugno e O ttolino di San M artino di A sti si riconoscono debitori di G iacom o Cassa. 3 settem bre 1191.
Guglielmo Cassinese I,934,374,370,1191-09-03,other,934. Giacomo de Soler si riconosce debitore di D onodeo di Pegli. 3 settem bre 1191.
Guglielmo Cassinese I,935,374,370,1191-09-03,other:quittance,"935. F ine A m o re e O ddone Barleta si accordano circa, la restitu zione di u n a casa e circa so m m e date in occasione di essa. 3 settem bre 1191."
Guglielmo Cassinese I,936,376,372,1191-09-03,mutuum,936. Guiardo de S ta m p ex e A zo lin o Clarez si obbligano verso Oberto di C antinata di A lb a a pagare u n a so m m a alla fiera di SaintA y o u i in C ham pagne. 3 settem bre 1191.
Guglielmo Cassinese I,937,376,372,1191-09-03,mutuum,937. R olando D ux si obbliga a pagare u n a so m m a a Giacomo Cassa. 3 settem bre 1191.
Guglielmo Cassinese I,938,376,372,1191-09-03,other,938. G andoljo di R aalvengo si obbliga di pagare u n a so m m a a G iacom o Cassa. 3 settem bre 1191.
Guglielmo Cassinese I,939,377,373,1191-09-04,mutuum,939. G u ia r d o d i S ta m p e x si o b b lig a a pagare a Uberto Vacca e E n r i c o I o s b e r t o u n a s o m m a in p ro v e n isin i alla fiera di SaintA y o u l i n C h a m p a g n e . 4 se tte m b re 1191.
Guglielmo Cassinese I,940,377,373,1191-09-04,other:accounting,"940. R a i n a l d o S tr u g n o n o e G u g lie lm o G ruato, figlio di Anseimo, s i a c c o r d a n o circa u n a p a r tita di incenso im portata da Rainaldo d a B u g i a . 4 s e tte m b r e 1191."
Guglielmo Cassinese I,941,378,374,1191-09-04,dowry,941. L anfranco di San M ichele dichiara di aver ricevuta la dote di M abilia fig lia del fu G iordano Bastone e le costituisce i ’antifatto. 4 settem bre 1191.
Guglielmo Cassinese I,942,378,374,1191-09-05,other,942. R olando D uronaso si obbliga a pagare il prezzo di pepe ricevu to da G uglielm o di A ldo. 5 settem bre 1191.
Guglielmo Cassinese I,943,378,374,1191-09-06,societas,943. A lb erto pellicciaro di Vesim e contrae u n a societas con Ogerio di Cartagena. 6 settem bre 1191.
Guglielmo Cassinese I,944,379,375,1191-09-06,other:testament,944. V a sa llo de B ardi fa il suo testam ento. 6 settem bre 1191.
Guglielmo Cassinese I,945,379,375,1191-09-06,sea_loan,945. L eo d i S a v o n a si riconosce debitore di G uglielm o figlio di Baid u in o S c o to . 6 settem b re 1191.
Guglielmo Cassinese I,946,380,376,1191-09-06,other,946. G u g lielm o Barca e A n sa ld o R ataldo si riconoscono debitori di G iovanni Bonardo e di A lb erto di P axijano. 6 settem bre 1191.
Guglielmo Cassinese I,947,380,376,1191-09-06,other,947. Belardo B elardengo si riconosce debitore di Oberto di A cquabuona. 6 settem bre 1191.
Guglielmo Cassinese I,948,380,376,1191-09-07,societas,948. M arignono S p in a di Cagliari de Seveteravi contrae u n a societas con O berto e G u glielm o di Acquabona. 7 settem bre 1191.
Guglielmo Cassinese I,949,381,377,1191-09-07,other,949. R a i m o n d o C ancelliere si riconosce debitore di Drogo di San L o r e n z o . 7 se tte m b re 1191.
Guglielmo Cassinese I,950,381,377,1191-09-07,sea_loan,950. S im o n e d i B u lg a ro contrae u n m u tu o con Ogerio Galtetcì. 7 s e tte m b r e 1191.
Guglielmo Cassinese I,951,382,378,1191-09-07,other,951. Bonovasallo Barbavaira si riconosce debitore di R olando de F ontana. 7 settem bre 1191.
Guglielmo Cassinese I,952,382,378,1191-09-07,societas,952. G io va n n i cazaor contrae u n a societas con M artino di Albaro e G u g lielm o Gallo. 7 settem b re 1191.
Guglielmo Cassinese I,953,382,378,1191-09-08,other,953. Giacom o de Soler si obbliga a pagare u n a so m m a a D onodeo di Pegli. 8 settem b re 1191.
Guglielmo Cassinese I,954,382,378,1191-09-08,accomendatio,954. Blancardo di B ulgaro stipula u n a accom endatio con Baudo R ivario. 8 settem bre 1191.
Guglielmo Cassinese I,955,383,379,1191-09-08,other,955. I c o n iu g i W id o B erg o g n o n o e Verdilia si riconoscono debito r i d i R u b a ld o de M odo e A nseim o arciere. 8 settem bre 1191.
Guglielmo Cassinese I,956,383,379,1191-09-08,accomendatio,956. B la n c a r d o di B ulgaro contrae una accom endatio con Oliviero M a rzo c o . 8 settem b re 1191.
Guglielmo Cassinese I,957,383,379,1191-09-09,other,957. G u g lie lm o pisano e Maria figlia del fu Ansaldo Galia si acc o r d a n o circa u n a so m m a tra loro in contestazione. 9 settem bre 1191.
Guglielmo Cassinese I,958,384,380,1191-09-09,other:reference to accomendatio/societas,958. O liviero M arzoco dichiara a Ottone di Sestri Levante di aver a vuto dei bisanzi in accom endatione. 9 settem bre 1191.
Guglielmo Cassinese I,959,384,380,1191-09-09,accomendatio,959. Leo d i Savona contrae u n a accom endatio con E nrico Detesalvo. 9 settem b re 1191.
Guglielmo Cassinese I,960,385,381,1191-09-09,other:no-term trade capital,960. G u g lie lm o fig lio di B a ld u in o Scoto contrae una accom endacio c o n B u b a ld o D etesalvo. 9 settem bre 1191 (1).
Guglielmo Cassinese I,961,385,381,1191-09-09,societas,961. G u g lie lm o fig lio di B alduino Scoto contrae una societas con R u b a ld o D etesa lvo e u n a accom endatio con Ogerio Scoto. 9 sette m b r e 1191.
Guglielmo Cassinese I,962,385,381,1191-09-09,other,962. O d d o D a m ia n o si riconosce debitore di Bonovassallo Zaritola. 9 s e tte m b r e 1191.
Guglielmo Cassinese I,963,386,382,1191-09-09,mutuum,963. B oìiavida de C um ego si riconosce debitore di u n a so m m a di p ro v e n isin i verso A n se im o di Prato. 9 settembre 1191.
Guglielmo Cassinese I,964,386,382,1191-09-09,other,964. R u b a ld o G uercio si dichiara debitore di E rm elina m oglie di Ogerio A g u zzin o . 9 settem bre 1191.
Guglielmo Cassinese I,965,386,382,1191-09-10,other,"965. R estu fa to sensale deve ad E rm elina m oglie di Ogerio A g u xin o u na so m m a , p er l ’a n n o prossim o. 10 settembre 1191."
Guglielmo Cassinese I,966,387,383,heading: gena vende a v ineijent u n terreno in b o r z o li. 10 s,sale,966. B o n v a s s a llo de Cartagena vende a V ineijent u n terreno in B o r z o li. 10 s e tte m b re 1191.
Guglielmo Cassinese I,967,387,383,heading: a proficui. 10 s,other:no-term trade capital,"967. L a m b e r to F o rn a ri porta m erci di G iovanni Boleto e Oberto de N o n a ta r a C o sta n tin o p o li, da negoziare ad quartana proficui. 10 s e tt e m b r e 1191."
Guglielmo Cassinese I,968,388,384,1191-09-10,other:quittance,"968. S o lim a n o del fu B a ld u in o di S o lim a n o riceve u n a so m m a da O ttone G iudice, pro p ortare ad la b o ra n d u m . 10 settem bre 1191."
Guglielmo Cassinese I,969,388,384,1191-09-10,other,"969. H elion de Clavica, con le sorelle A ldana e D rua rim ettono a O ttone giudice ogni loro diritto sulla so m m a di cui a ll’atto precedente. 10 settem bre 1191."
Guglielmo Cassinese I,970,389,385,1191-09-10,other:testament,"970. P ie tr o d e Tora.no, da L iég e, fa testam ento. 10 settembre 1191."
Guglielmo Cassinese I,971,389,385,.NR,other,"971. Z e n o d i V e r o n a p a g h erà a D om enico de Boxato una sominn,"
Guglielmo Cassinese I,972,389,385,.NR,societas,"972. N ic o la G o lin o contrae u n a societas, per Oltremare, con Gio-"
Guglielmo Cassinese I,973,390,386,heading: dicem bre. 11 s,other,"973. R am b a ld o Baraterio e G uglielm o Boado pagheranno a Sim one de Iser, m ia so m m a , al 1° dicem bre. 11 settembre 1191. [No-"
Guglielmo Cassinese I,974,390,386,.NR,societas,"974. Ido Stancone contrae u n a società, per esercizio di una taver-"
Guglielmo Cassinese I,975,391,387,.NR,societas,"975. N ic o la G o lin o , col consenso dei consoci Vassallo Stralìera e"
Guglielmo Cassinese I,976,391,387,.NR,other:accounting,978. G io v a n n i G rita fa dichiarazione di avere ricevuta una som m a
Guglielmo Cassinese I,977,391,387,.NR,other,977. G u g lie lm o M alfiliastro pagherà a Roberto Grasso una so m m a .
Guglielmo Cassinese I,978,391,387,.NR,other:testament,"978. D a ta r o , d el fu O berto de Dataro, istituisce erede la sorella"
Guglielmo Cassinese I,979,392,388,.NR,mutuum,"979. P atirigio di C ortem ilia pagherà a Giacomo Vola u n a som m a,"
Guglielmo Cassinese I,980,392,388,.NR,accomendatio,980. Vasello D am iano porta in accomendacio da Oddone de Me-
Guglielmo Cassinese I,981,392,388,.NR,other:quittance,"981. G uglielm o, del fu O ttonebono, dà quietanza al suocero Bu-"
Guglielmo Cassinese I,982,393,389,.NR,other,"982. G ia c o m o d e S o ler p a g h erà a B aiam onte Barlaira una somma,"
Guglielmo Cassinese I,983,393,389,.NR,dowry,983. S t a b i l i n o d e M eleda dà q u itanza di u n a som m a della dote di
Guglielmo Cassinese I,984,393,389,.NR,societas,984. S t a b i l i n o d e M eleda contrae una societas per Oltremare e al-
Guglielmo Cassinese I,985,394,390,.NR,other,985. M azuco de Pom ario rin u n cia alla donazione fattagli da Milo
Guglielmo Cassinese I,986,394,390,1191-09-12,other,"986. Milo di Piazzalunga conferm a la donazione fatta a ll’Ospedale del Bisagno, che lo riceve per confratello. 12 settembre 1191"
Guglielmo Cassinese I,987,394,390,1191-09-12,mutuum,"987. O berto F alzono pagherà a Ricerio Caviglia una som m a, in g en o vin i, p er l ’ottava di S. Andrea; e, se n o n pagherà allora, u n a so m m a in p ro ven isin i alla fiera di Lagny. 12 settembre 1191."
Guglielmo Cassinese I,988,395,391,.NR,other,988. B ondì di Sarraceno di Pisa e Ugolino Bandini pagheranno a
Guglielmo Cassinese I,989,395,391,.NR,other:quittance,"989. Matelda, m oglie di Milo riceve una som m a dall'Ospedale del"
Guglielmo Cassinese I,990,396,392,.NR,other:reference to accomendatio/societas,990. G iacom o de Soler pagherà a Vassallo de Merlo u n a so m m a
Guglielmo Cassinese I,991,396,392,heading: a proficui. 13 s,other:no-term trade capital,"991. L a m b erto di D rogo di S. L orenzo porta una so m m a di Berta de M igdonia, O ltrem are e altrove, ad quartana proficui. 13 sette m b re 1191."
Guglielmo Cassinese I,992,396,392,1191-09-13,other,"992. G uglielm o Bolla e sua m o g lie A gnese devono a Ogerio Vento una so m m a , p er V anno prossim o. 13 settembre 1191."
Guglielmo Cassinese I,993,397,393,1191-09-14,other,"993. Bonvassallo di Sturla pagherà a Enrico Iosberto o a Sorleonc Deladato una som m a, pel prossimo S. Andrea. 14 settembre 1191."
Guglielmo Cassinese I,994,397,393,1191-09-14,other,"994. A m elio Alvernazzo pagherà a Oddone D am iano u n a som m a, al pro ssim o S. Andrea. 14 settembre 1191."
Guglielmo Cassinese I,995,397,393,heading: m are e altrove. 14 s,societas,995. Pietro de Pom airo contrae societas con Oberto de A q u a b o n a per Oltrem are e altrove. 14 settembre 1191.
Guglielmo Cassinese I,998,398,394,heading: 14 settembre 119 l,mutuum,"998. Bonifacio eli C hieri, Pietro Carteso, Giacom o Cavazzono, Grafano O cino e Oberto d i A m b ro g io pagheranno una som m a a Boiardo Belardengo e O ddone G oiam onti. 14 settembre 119 L."
Guglielmo Cassinese I,999,398,394,1191-09-15,other:testament,"999. G iulia, m o g lie di G u g lielm o A lfa ch in o fa testam ento. 15 sette m b re 1191."
Guglielmo Cassinese I,1000,399,395,heading: dicembre. 15 s,other,"1000. Bonifacio del fu Giacomo de Volta pagherà una so m m a a R olando de Fontana, pel 1° dicembre. 15 settembre 1191."
Guglielmo Cassinese I,1001,399,395,1191-09-17,other,"1001. Il suddetto Bonifacio pagherà una som m a a Sicardo Mesclavin o , allo stesso term ine. 17 settembre 1191."
Guglielmo Cassinese I,1002,399,395,1191-09-15,dowry,"1002. G iovanni del fu Pietro Balbo di Bargagli dà quitanza di una parte della dote della m oglie, Verde del fu R ubaldo Scruiati e le costituisce antifatto. 15 settembre 1191."
Guglielmo Cassinese I,1003,400,396,1191-09-15,sale,"1003. L ’ospedale dì S. G iovanni dà in locazione, p er 20 a n n i, una terra in Varese a G uido de Statione e sua m o g lie Bordella. 15 settem bre 1191."
Guglielmo Cassinese I,1004,400,396,1191-09-15,societas,1004. B u b a ld o de Serrino contrae una societas con G uglielm o P a ritari e O berto de A quabona. 15 settembre 1191.
Guglielmo Cassinese I,1005,401,397,1191-09-15,accomendatio,1005. B alduino di Roderico contrae una accomendatio con O berlo Castagna. 15 settembre 1191.
Guglielmo Cassinese I,1006,401,397,heading: ottachino sartior. 15 s,other,1006. Bauditio Strejaporci regola i suoi rapporti con G uglielm o de C anneto e Ottachino Sartior. 15 settembre 1191.
Guglielmo Cassinese I,1007,402,398,heading: o ttone galleta ricevono da g iovanni cognato del fu carlo la dote di m argherita fig lia del fu carlo. 15 s,cambium,"1007. G iordano M erendo et D onum D eo Caldera e Sicca m adre d ì O berto, del f u O ttone Galleta ricevono da G iovanni cognato del fu Carlo la dote di M argherita fig lia del fu Carlo. 15 sette m b re 1191."
Guglielmo Cassinese I,1008,403,399,1191-09-15,accomendatio,1008. Onorato figlio di Giovanni Boleto contrae u n a accom andatio con Oberto Castagna. 15 settembre 1191.
Guglielmo Cassinese I,1009,403,399,1191-09-16,accomendatio,"1009. R ubaldo de Serrino, con il consenso dei soci G uglielm o Forn a n o e Oberto de Aquabona, contrae una accomandatio con A rd u in o de Canneto. 16 settembre 1191."
Guglielmo Cassinese I,1010,403,399,heading: mare. 16 s,societas,1010. G iacom o Mazamor e G iovanni da Liége contraggono una societas p er affari in Oltremare. 16 settembre 1191.
Guglielmo Cassinese I,1011,404,400,heading: m are. 16 s,societas,1011. G uidone B o n a ven tu ra e R ogerio N oxentio contraggono una societas per affari in O ltrem are. 16 settem bre 1191.
Guglielmo Cassinese I,1012,404,400,1191-09-16,accomendatio,1012. Oberto dì Iosberto contrae u n a accom andatio con losberto. 16 settem bre 1191.
Guglielmo Cassinese I,1013,405,401,heading: genero di carlo. 16 s,accomendatio,"1013. Giacomo Mazamor, con il consenso del socio G iovanni da Liége contrae una accomandatio con Gualterio, genero di Carlo. 16 settembre 1191."
Guglielmo Cassinese I,1014,405,401,heading: mare con gualtiero genero di carlo. 16 s,societas,"1014. Tebaldo Muxeto, con il consenso dei soci G iovanni cognato di Carlo, Marchesio da Vulpaira, contrae una societas per affari in Oltremare con Gualtiero genero di Carlo. 16 settembre 1191."
Guglielmo Cassinese I,1015,408,402,1191-09-16,accomendatio,1015. G iovanni G uertio contrae una accom andatio con Tebaldo M uxeto. 16 settem bre 1191.
Guglielmo Cassinese I,1016,408,402,1191-09-16,accomendatio,"1016. G ug lielm o Zarela, con il consenso del socio Ogerio Zarela, contrae u n a accom andatio con A n seim o Zarela. 16 settembre 1191."
Guglielmo Cassinese I,1017,408,402,1191-09-16,accomendatio,1017. A nsaldo H ospinel contrae u n a accom andatio con G iovanni Boleto e Oberto da Nonatar. 16 settembre 1191.
Guglielmo Cassinese I,1018,409,403,1191-09-16,sale,1018. Ugo del fu Gerardo Scoto vende appezzam enti di terra situati in Rivarolo e in Costa a Baldovino Scoto. 16 settembre 1191.
Guglielmo Cassinese I,1019,410,404,1191-09-16,accomendatio,1019. Oberto di N igro contrae una a c c o m a n d a t a con G iovanni Boleto. 16 settem bre 1191.
Guglielmo Cassinese I,1020,410,404,heading: m are con oberto de nonatar. 16 s,other:no-term trade capital,1020. Onorato di G iovanni Boleto contrae una accom endacio Oltrem are con Oberto de Nonatar. 16 settem bre 1191.
Guglielmo Cassinese I,1021,410,404,1191-09-16,accomendatio,"1021. Onorato di G iovanni Boleto contrae una accom andatio con la societas che B ern itio n Scoto ha con G iovanni Boleto, Baiam o n te Barlaira e P ignolo. 16 settem bre 1191."
Guglielmo Cassinese I,1022,411,405,heading: marzono deve a sim one da lser una som m a. 16 s,other,1022. Pasquale Marzono deve a Sim one da lser una som m a. 16 settembre 1191.
Guglielmo Cassinese I,1023,411,405,1191-09-16,accomendatio,1023. /Uberto L a m n in o contrae una accomandatio con G uglielm o Barbavaira. 16 settembre 1191.
Guglielmo Cassinese I,1024,411,405,1191-09-17,other,1024. Oberlo Ismael promette di pagare una som m a a Pelegrino R ubeo del Monte di Savona per dote della m oglie d ’esso Pelegrino. 17 settembre 1191.
Guglielmo Cassinese I,1025,412,406,1191-09-17,dowry,1025. P elegrino R u b eo del M onte di Savona ha ricevu to la dote della m o g lie Adalasia di Ugo A lberico e costituisce u n a controdote della stessa so m m a . 17 settem bre 1191.
Guglielmo Cassinese I,1026,412,406,1191-09-17,other,1026. S o rlio n Deladato si riconosce debitore di una so m m a a Iosberto. 17 settem bre 1191.
Guglielmo Cassinese I,1027,412,406,heading: m artino di a lbaro si riconosce debitore di una so m m a a brozorolo da m ilano. 17 s,other,1027. M artino di A lbaro si riconosce debitore di una so m m a a Brozorolo da M ilano. 17 settem bre 1191.
Guglielmo Cassinese I,1028,412,406,heading: genesio contrae u n a acco m an datio con merlo da c am ogli. 17 s,accomendatio,1028. A n su ix o da San Genesio contrae u n a acco m an datio con Merlo da C am ogli. 17 settem bre 1191.
Guglielmo Cassinese I,1029,413,407,1191-09-17,other,5029. Z irbino si confessa debitore di una so m m a a R o d o lfo Garreto. 17 settembre 1191.
Guglielmo Cassinese I,1030,413,407,1191-09-18,societas,"1030. Balduino Scoto e Enrico Detesalvo, m esso di R u buldo D etesalvo, contraggono una societas per affari in C ostantinopoli. 18 settembre 1191."
Guglielmo Cassinese I,1031,413,407,1191-09-18,societas,1031. Enrico Tosano e Ruggero N oxentio contraggono u n a societas per affari in Costantinopoli. 18 settembre 1191.
Guglielmo Cassinese I,1032,414,408,1191-09-18,other,"1032. B uonvasallo Barbavaira e Andrea, da D om ocolta si rico n o scono debitori di u n a so m m a a R olando da F ontana. 18 sette m b re 1191."
Guglielmo Cassinese I,1033,414,408,1191-09-18,sale,"1033. G erm ano battifoglio vende Maria, schiava saracena, a Giov a n n i R ico. 18 settem bre 1191."
Guglielmo Cassinese I,1034,415,409,1191-09-18,other,1034. Zirbino da Campo si riconosce debitore di una so m m a a Sim one di Iser. 18 settembre 1191.
Guglielmo Cassinese I,1035,415,409,1191-09-18,other,"1035. Martirio di Albaro si riconosce debitore di una sommo, a G uidino Ardengo. 18 settembre 1191."
Guglielmo Cassinese I,1036,415,409,1191-09-18,other,1036. Rogerio N oxentio si confessa debitore di una som m a a R o lando da Fontana. 18 settembre 1191.
Guglielmo Cassinese I,1037,415,409,heading: dichiara avere ricevuto una so m m a da buonvasallo da sturla. 18 s,other:quittance,1035. Sorlion Deladato da Asti dichiara avere ricevuto una so m m a da Buonvasallo da Sturla. 18 settembre 1191.
Guglielmo Cassinese I,1038,416,410,1191-09-18,accomendatio,1038. E nrico Tosano p ren d e in accom endatione denaro da G uglielm o Barbavaira p er traffici in C ostantinopoli. 18 settem bre 1191.
Guglielmo Cassinese I,1039,416,410,1191-09-18,accomendatio (by reference to no. 1038),1039. E n rico Tosano p ren d e in accom endatione denaro da L a n franco Papa. 18 settem bre 1191.
Guglielmo Cassinese I,1040,416,410,1191-09-18,accomendatio (by reference to no. 1038),1040. E n rico Tosano p ren d e in accom endatione denaro da P elegrina m o g lie di Ugone B ernardi. 18 settem bre 1191.
Guglielmo Cassinese I,1041,417,411,1191-09-19,accomendatio (by reference to no. 1038),1041. Enrico Tosano prende in accom endatione denaro da M ichele Bergognono. 19 settembre 1191.
Guglielmo Cassinese I,1042,417,411,1191-09-19,other,1042. Rubaldo Musono e Rubaldo Ascerio si riconoscono deb ito ri di una som m a a Roberto Grasso. 19 settembre 1191.
Guglielmo Cassinese I,1043,417,411,heading: otto f errano si confessa debitore di una so m m a a belardo di valfenera. 19 s,other,1043. Otto F errano si confessa debitore di una so m m a a Belardo di Valfenera. 19 settembre 1191.
Guglielmo Cassinese I,1044,417,411,1191-09-19,mutuum,"1044. R olando de Soler si riconosce debitore di una so m m a in p ro ven isin i a Opizone Arancabosco, o a Riccardo di Brigna.no o a Oddone Alberico. 19 settembre 1191."
Guglielmo Cassinese I,1045,418,412,1191-09-19,other,"1045. R u fin o di C anneto si riconosce debitore di u n a som m a, a. O ddone Rava da A lb a p er dieci d rappi di D ixem u d e. 19 settem bre 1191."
Guglielmo Cassinese I,1046,418,412,1191-09-19,accomendatio,"1046. ldo Mazalis contrae u n a a c c o m a n d a lo co n M ontanaria, m o glie di E nrico G ontardo. 19 settem bre 1191."
Guglielmo Cassinese I,1047,418,412,heading: m arabotino. 19 s,other:testament,1047. Verdilia conclude con E nrico G ontardo u n accordo circa la fu tu ra eredità del padre M arabotino. 19 settem bre 1191.
Guglielmo Cassinese I,1048,419,413,1191-09-20,sale,"1048. Sporono vetturale e Ritardo Brixaturca ven d o n o a Nicola de Petris, u n m ulo e sette ronzini che si obbligano di portare da Genova ad Arras. 20 settembre 1191."
Guglielmo Cassinese I,1049,419,413,1191-09-20,other,1049. Giacomo e Pietro Spezzapietra si riconoscono debitori di u n a som m a a Pietro Leonardo e a Nicola de Petris. 20 settem bre 1191.
Guglielmo Cassinese I,1050,420,414,1191-09-20,other,1050. G uglielm o M alfiliastro si riconosce debitore d i u n a so m m a a R agul T ren ch et o a Gerardo d i Bagnolo. 20 settem bre 1191.
Guglielmo Cassinese I,1051,420,414,1191-09-20,accomendatio,1051. G iovanni di B o m b el di Sori p ren d e in acc o m en d atio n e denaro da M abilia di B altigario per traffici in Nizza. 20 settem bre 1191.
Guglielmo Cassinese I,1052,420,414,1191-09-20,other,1052. Ogerio Galleta si accorda con Giosberto circa l ’a cquisto d i cannella e il denaro occorrente per l ’a cquisto stesso. 20 sette m b re 1191.
Guglielmo Cassinese I,1053,421,415,1191-09-20,other,1053. Ugo Tajaor si riconosce debitore di una s o m m a a R a g u l Trenchet o a Gerardo di Bajolo o a G uglielm o R iziso m . 20 settembre 1191.
Guglielmo Cassinese I,1054,421,415,1191-09-20,other,1054. G uglielm o R izisom e suo figlio Giacomo si riconoscono debitori di una som m a a Roberto de Lam brex e a S im o n e Crispino de Doax. 20 settembre 1191.
Guglielmo Cassinese I,1055,421,415,1191-09-20,other,1055. Lanfranco Ricerius si riconosce debitore di u n a som m a a R agul Trenchet o a Gerardo dì Bajolo. 20 settembre 1191.
Guglielmo Cassinese I,1056,421,415,1191-09-20,accomendatio,"1056. Lanfranco, figlio di Oberto da. Calce, per volontà del padre, prende in accomendatione denaro da Grillo per traffici in O ltremare. 20 settembre 1191."
Guglielmo Cassinese I,1057,422,416,1191-09-21,other,1057. B ubaldo Curraengo si riconosce debitore di u n a so m m a a Colino Tenevello. 21 settembre 1191.
Guglielmo Cassinese I,1058,422,416,1191-09-21,societas,1058. Buonvasailo Bardosso e G uglielm o fig lio del fu O pizone da Castello contraggono u n a societas per traffici in O ltrem are. 21 settem bre 1191.
Guglielmo Cassinese I,1059,422,416,1191-09-21,societas,1059. Fulco Sartior di Piacenza e G uglielm o co n tra g g o n o u n a societas per traffici in O ltrem are. 21 settem bre 1191.
Guglielmo Cassinese I,1060,423,417,1191-09-31,other,J060. Rubaldo Caparoja ed Enoardo cordoanerìo si riconoscono debitori di una som m a a Pasquale M arzono. 31 settembre 1191
Guglielmo Cassinese I,1061,423,417,1191-09-23,accomendatio,1061. G iovanni Rapallo prende in accom endatione denaro da Berla per traffici in C ostantinopoli. 23 settembre 1191.
Guglielmo Cassinese I,1062,423,417,1191-09-21,accomendatio,"1062. Bufaro Sarago prende in accomendatione denaro da Adalasia, m adre di Oberto de Volta, per traffici in O ltrem are. 21 settem bre 1191."
Guglielmo Cassinese I,1063,424,418,1191-09-21,accomendatio,"1063. O livero M arzoco, p e r vo lo n tà del socio A n sa ld o P o m a rio , prende in acc o m en d atio n e denaro da G u g lie lm o Barbavaira per traffici in O ltrem are. 21 settem bre 1191."
Guglielmo Cassinese I,1064,424,418,1191-09-21,other,1064. B uonvasallo Barbavaira si riconosce debitore di u n a so m m a a G iacom o di C ortem ilia. 21 settem bre 1191.
Guglielmo Cassinese I,1065,424,418,1191-09-21,accomendatio,"1065. Bufaro Sarago p ren d e in acco m and atione denaro da B u o n vasallo Barbavaira, p er traffici in O ltrem are. 21 settem bre 1191"
Guglielmo Cassinese I,1066,425,419,.NR,societas,"1066. Mazuco di Pomario, Marino di Veredeto e G u g lielm o n ip o te di Oberto di Aquabona contraggono una societas p er traffici, in Costantinopoli e in altri due luoghi scelti fra i m ig lio ri. 21 seltembre 1191."
Guglielmo Cassinese I,1067,425,419,1191-09-01,societas (by reference to no. 1066),1067. Mazuco di Pomario dichiara il capitale di altre societates che porta nel viaggio di cui al doc. 1066. 21 settem bre 1191.
Guglielmo Cassinese I,1068,426,420,1191-09-21,other:testament,3088. Testam ento di Iterio L ongo. 21 settem bre 1191.
Guglielmo Cassinese I,1069,426,420,1191-09-22,other:quittance,1069. Bernardo Sala m o n dà q u itanza della dote della m o g lie Maria. 22 settem bre 1191.
Guglielmo Cassinese I,1070,427,421,1191-09-22,other,"1070. A nseim o di Cravato e Corrado di Palavagno si rico n o sco n o debitori di una som m a, e prom ettono di pagarla p er il p r o s sim o Natale ad Adalasia per il figlio Opizone. 22 settem bre 1191."
Guglielmo Cassinese I,1071,427,421,1191-09,other,1071. Guido da Costa e Gualtiero di Voltri si riconoscono d eb ito ri di una som m a a Gandolfo Figai. 22' settembre 1191.
Guglielmo Cassinese I,1072,427,421,1191-09-22,other,1072. G uglielm o Grasso si riconosce debitore di una so m m a a G uglielm o Rataldo. 22 settembre 1191.
Guglielmo Cassinese I,1073,428,422,1191-09-22,other,J073. G uido da Costa e O gerio da A c q u i si rico n o sco n o deb ito ri di u n a so m m a a G u g lielm o R ataldi. 22 settem bre 1191.
Guglielmo Cassinese I,1074,428,422,1191-09-22,other:lease/hire,"1074. A n sa ld o Lecavela, p er se e p er suo fratello E n rico , loca a M anfredo G uertio u n quartiere. 22 settem bre 1191."
Guglielmo Cassinese I,1075,429,423,1191-09-23,other,1075. Ogerio di Cartagena n o m in a suo procuratore speciale Id o n e Mazale. 23 settembre 1191.
Guglielmo Cassinese I,1076,429,423,1191-09-23,societas,"1076. Ottone, figlio di Lanfranco di Castello, e G uglielm o R o b in o contraggono una societas per traffici in C ostantinopoli. 23 settembre 1191."
Guglielmo Cassinese I,1077,429,423,1191-09-23,sale,"1077. Ogerio del fu Vasallo Strigo di Paliano, ven d e a B otirigo una terra com prata dai fig li del fu R ubaldo Bargallo. 23 settembre 1191."
Guglielmo Cassinese I,1078,430,424,1191-09-23,accomendatio,"1078. Mazuco di P om ario, p er vo lo n tà dei soci A n tu lo da Croce, Oberto suo nipote, e O berto di A q u a b o n a , p ren d e in a cc o m en da lione deim ro da R o la n d o di C anneto p er traffici in C ostantinopoli e altrove. 23 settem bre 1191."
Guglielmo Cassinese I,1079,430,424,1191-09-24,societas,1079. Im b erto di Vezastello e g li eredi di G ionata C avarunco co n ven g o n o circa Z’a u g m e n tu m di u n a societas tra loro esistente. 24 settem bre 1191.
Guglielmo Cassinese I,1080,431,425,1191-09-24,societas+accomendatio,1080. Im berto de Vezastello contrae u n a societas con O ddone de Melazo. 24 settembre 1191.
Guglielmo Cassinese I,1081,431,425,1191-09-24,accomendatio,"1081. Guido Corvo di Levanto, per volontà del fratello socio R iibaldo, prende in accomendatione denaro da O ttone di Lam jasco per traffici in Costantinopoli. 24 settem bre 1191."
Guglielmo Cassinese I,1082,432,426,1191-09-24,societas+accomendatio,"1082. M archisio di Vulpaira, p er vo lo n tà dei soci G io va n n i, cognato di Carlo e D onadío Caldera, p ren d e in acco m endalioiie denaro da G ualterio, genero di Carlo, p er traffici in O ltrem are. 24 settem bre 1191."
Guglielmo Cassinese I,1083,432,426,1191-09-24,accomendatio,.1083. Bufaro Sarago contrae u n a acc o m an d atio con R a im o n d o Unaldo e G ug lielm o de Beders. 24 settem bre 1191.
Guglielmo Cassinese I,1084,433,427,1191-09-24,other,1084. G uglielm o di Beders e R aim ondo Unaldo p ro m e tto n o a Bufaro Sarago di tenerlo indenne da ogni danno p er o b b lig a zio n i contratte a nom e loro. 24 settembre 1191.
Guglielmo Cassinese I,1085,433,427,1191-09-24,other:licence,1085. Vasallo Stralleira m odifica i patti di una societas e di u n a acc o m a n d a ta che ha con G iovanni di Castello. 24 settem bre 1191.
Guglielmo Cassinese I,1086,433,427,1191-09-24,other:quittance,"1086. Gallo tajaor dà quitanza della dote della m o g lie Berta, fig lia del fu Alberto de Monella. 24 settembre 1191."
Guglielmo Cassinese I,1087,434,428,1191-09-24,accomendatio,"1087. O berto M antello p rende in acco m en datio ne denaro da Sofia m o g lie di Streia, fig lio di Stregiaporco, p er traffici in O ltrem a re. 24 settem bre 1191."
Guglielmo Cassinese I,1088,434,428,1191-09-24,accomendatio,"1088. Ogerio Porco, p er vo lo n tà dei soci G iovanni Boleto e S u zu bono, prende in accom endatione denaro da O ddone de Melazo, per traffici in C ostantinopoli. 24 settem bre 1191."
Guglielmo Cassinese I,1089,434,428,1191-09-24,accomendatio,1089. O tachino p rende in accom endatione denaro da P ietro Granaira p er traffici in C ostantinopoli. 24 settembre 1191.
Guglielmo Cassinese I,1090,435,429,1191-09-24,accomendatio,1090. R a im o n d o Z irb in o prende in accomendatione denaro da B o tan d o di C anneto per traffici in C ostantinopoli. 24 settembre 1191.
Guglielmo Cassinese I,1091,435,429,1191-09-24,societas,"1091. G u g lie lm o Bava, Ogerio Galleta e Oddone di Milazzo contra g g o n o u n a societas per ragioni di com m ercio. 24 settembre 1191."
Guglielmo Cassinese I,1092,435,429,1191-09-24,accomendatio,1092. G u g lie lm o F arm ous prende in accomendatione denaro da G u g lie lm o Guaraco per traffici in Costantinopoli e altrove. 24 settem b re 1191.
Guglielmo Cassinese I,1093,436,430,1191-09-24,accomendatio,1093. M archisio Zurlo p ren d e in acc o m en d atio n e denaro da A n suiso di San Genesio p er traffici in C o sta n tin o p o li. 24 settem bre 1191.
Guglielmo Cassinese I,1094,436,430,1191-09-24,other:no-term trade capital,1094. M archisio Zurlo n o m in a suo m andatario A n su iso di San Genesio. 24 settem bre 1191.
Guglielmo Cassinese I,1095,436,430,1191-09-24,other:quittance,1095. A n su iso di S a n Genesio dà quietanza a M archisio suo co g n a to della dote della m oglie G iovanna. 24 settembre 1191.
Guglielmo Cassinese I,1096,437,431,1191-09-24,other,1096. A nsuiso di San Genesio p ro m ette a M archisio Z urle il soddisf am ento di u n debito. 24 settembre 1191.
Guglielmo Cassinese I,1097,437,431,1191-09-24,other:quittance,1097. Buonvasallo Curiolo prende in accom endatione denaro da G uglielm o Rataldo per traffici in C ostantinopoli. 24 settem bre 1191.
Amalric 1248 (Blancard),1,,"t. I, p. 261",1248-03-13,accomendatio,
Amalric 1248 (Blancard),2,,"t. I, p. 262",1248-03-14,accomendatio,
Amalric 1248 (Blancard),7,,"t. I, p. 263",1248-03-14,accomendatio,
Amalric 1248 (Blancard),10,,"t. I, p. 264",1248-03-14,accomendatio,
Amalric 1248 (Blancard),11,,"t. I, p. 264",1248-03-14,mutuum,
Amalric 1248 (Blancard),12,,"t. I, p. 265",1248-03-14,other,
Amalric 1248 (Blancard),13,,"t. I, p. 267",1248-03-14,accomendatio,
Amalric 1248 (Blancard),15,,"t. I, p. 268",1248-03-14,accomendatio,
Amalric 1248 (Blancard),16,,"t. I, p. 269",1248-03-14,accomendatio,
Amalric 1248 (Blancard),21,,"t. I, p. 270",1248-03-17,mutuum,
Amalric 1248 (Blancard),22,,"t. I, p. 271",1248-03-17,accomendatio,
Amalric 1248 (Blancard),23,,"t. I, p. 271",1248-03-17,other:procuration,
Amalric 1248 (Blancard),24,,"t. I, p. 272",1248-03-17,accomendatio,
Amalric 1248 (Blancard),29,,"t. I, p. 274",1248-03-17,accomendatio,
Amalric 1248 (Blancard),30,,"t. I, p. 275",1248-03-17,sale,
Amalric 1248 (Blancard),31,,"t. I, p. 276",1248-03-17,accomendatio,
Amalric 1248 (Blancard),32,,"t. I, p. 276",1248-03-17,accomendatio,
Amalric 1248 (Blancard),35,,"t. I, p. 277",1248-03-17,accomendatio,
Amalric 1248 (Blancard),36,,"t. I, p. 278",1248-03-17,accomendatio,
Amalric 1248 (Blancard),37,,"t. I, p. 278",1248-03-17,accomendatio,
Amalric 1248 (Blancard),39,,"t. I, p. 279",1248-03-17,accomendatio,
Amalric 1248 (Blancard),40,,"t. I, p. 279",1248-03-17,accomendatio,
Amalric 1248 (Blancard),41,,"t. I, p. 280",1248-03-17,accomendatio/societas-alt,
Amalric 1248 (Blancard),42,,"t. I, p. 281",1248-03-17,accomendatio,
Amalric 1248 (Blancard),43,,"t. I, p. 282",1248-03-17,accomendatio,
Amalric 1248 (Blancard),48,,"t. I, p. 283",1248-03-17,other:reference to accomendatio/societas,
Amalric 1248 (Blancard),50,,"t. I, p. 283",1248-03-17,accomendatio,
Amalric 1248 (Blancard),51,,"t. I, p. 284",1248-03-17,accomendatio,
Amalric 1248 (Blancard),56,,"t. I, p. 285",1248-03-17,accomendatio,
Amalric 1248 (Blancard),57,,"t. I, p. 285",1248-03-17,other:lease/hire,
Amalric 1248 (Blancard),59,,"t. I, p. 287",1248-03-17,accomendatio,
Amalric 1248 (Blancard),61,,"t. I, p. 288",1248-03-17,accomendatio,
Amalric 1248 (Blancard),67,,"t. I, p. 289",1248-03-17,accomendatio,
Amalric 1248 (Blancard),68,,"t. I, p. 289",1248-03-17,sea_loan,
Amalric 1248 (Blancard),70,,"t. I, p. 290",1248-03-17,other,
Amalric 1248 (Blancard),75,,"t. I, p. 292",1248-03-17,other,
Amalric 1248 (Blancard),76,,"t. I, p. 293",1248-03-17,accomendatio,
Amalric 1248 (Blancard),77,,"t. I, p. 293",1248-03-17,accomendatio,
Amalric 1248 (Blancard),83,,"t. I, p. 294",1248-03-17,accomendatio,
Amalric 1248 (Blancard),84,,"t. I, p. 295",1248-03-17,accomendatio,
Amalric 1248 (Blancard),85,,"t. I, p. 295",1248-03-17,accomendatio,
Amalric 1248 (Blancard),87,,"t. I, p. 296",1248-03-17,accomendatio,
Amalric 1248 (Blancard),88,,"t. I, p. 297",1248-03-17,accomendatio,
Amalric 1248 (Blancard),91,,"t. I, p. 298",1248-03-17,accomendatio,
Amalric 1248 (Blancard),92,,"t. I, p. 299",1248-03-21,cambium,
Amalric 1248 (Blancard),95,,"t. I, p. 300",1248-03-21,accomendatio,
Amalric 1248 (Blancard),96,,"t. I, p. 300",1248-03-23,other,
Amalric 1248 (Blancard),97,,"t. I, p. 301",1248-03-23,dowry,
Amalric 1248 (Blancard),98,,"t. I, p. 301",1248-03-23,accomendatio,
Amalric 1248 (Blancard),100,,"t. I, p. 302",1248-03-23,cambium,
Amalric 1248 (Blancard),101,,"t. I, p. 303",1248-03-23,cambium,
Amalric 1248 (Blancard),103,,"t. I, p. 304",1248-03-23,dowry,
Amalric 1248 (Blancard),104,,"t. I, p. 304",1248-03-23,cambium,
Amalric 1248 (Blancard),105,,"t. I, p. 305",1248-03-23,cambium,
Amalric 1248 (Blancard),106,,"t. I, p. 305",1248-03-23,other:lease/hire,
Amalric 1248 (Blancard),108,,"t. I, p. 307",1248-03-23,accomendatio,
Amalric 1248 (Blancard),109,,"t. I, p. 308",1248-03-23,sea_loan,
Amalric 1248 (Blancard),110,,"t. I, p. 308",1248-03-23,other:procuration,
Amalric 1248 (Blancard),111,,"t. I, p. 310",1248-03-23,sea_loan,
Amalric 1248 (Blancard),112,,"t. I, p. 310",1248-03-23,societas+accomendatio,
Amalric 1248 (Blancard),113,,"t. I, p. 311",1248-03-23,mutuum,
Amalric 1248 (Blancard),114,,"t. I, p. 312",1248-03-23,other,
Amalric 1248 (Blancard),115,,"t. I, p. 312",1248-03-23,cambium,
Amalric 1248 (Blancard),120,,"t. I, p. 314",1248-03-23,dowry,
Amalric 1248 (Blancard),122,,"t. I, p. 314",1248-03-23,other,
Amalric 1248 (Blancard),123,,"t. I, p. 315",1248-03-23,accomendatio,
Amalric 1248 (Blancard),125,,"t. I, p. 316",1248-03-23,accomendatio,
Amalric 1248 (Blancard),126,,"t. I, p. 316",1248-03-23,accomendatio,
Amalric 1248 (Blancard),129,,"t. I, p. 317",1248-03-23,other,
Amalric 1248 (Blancard),130,,"t. I, p. 318",1248-03-23,accomendatio,
Amalric 1248 (Blancard),131,,"t. I, p. 318",1248-03-23,accomendatio,
Amalric 1248 (Blancard),132,,"t. I, p. 319",1248-03-23,other,
Amalric 1248 (Blancard),133,,"t. I, p. 319",1248-03-23,other,
Amalric 1248 (Blancard),136,,"t. I, p. 320",1248-03-23,other,
Amalric 1248 (Blancard),137,,"t. I, p. 321",1248-03-23,other,
Amalric 1248 (Blancard),141,,"t. I, p. 322",1248-03-23,accomendatio,
Amalric 1248 (Blancard),144,,"t. I, p. 323",1248-03-23,accomendatio,
Amalric 1248 (Blancard),145,,"t. I, p. 323",1248-03-23,sea_loan,
Amalric 1248 (Blancard),146,,"t. I, p. 324",1248-03-23,cambium,
Amalric 1248 (Blancard),148,,"t. I, p. 325",1248-03-23,dowry,
Amalric 1248 (Blancard),149,,"t. I, p. 326",1248-03-23,other,
Amalric 1248 (Blancard),150,,"t. I, p. 326",1248-03-23,cambium,
Amalric 1248 (Blancard),151,,"t. I, p. 327",1248-03-23,cambium,
Amalric 1248 (Blancard),152,,"t. I, p. 327",1248-03-23,accomendatio,
Amalric 1248 (Blancard),155,,"t. I, p. 328",1248-03-23,cambium,
Amalric 1248 (Blancard),156,,"t. I, p. 329",1248-03-23,cambium,
Amalric 1248 (Blancard),157,,"t. I, p. 329",1248-03-23,cambium,
Amalric 1248 (Blancard),159,,"t. I, p. 330",1248-03-26,cambium,
Amalric 1248 (Blancard),161,,"t. I, p. 331",1248-03-26,accomendatio,
Amalric 1248 (Blancard),162,,"t. I, p. 332",1248-03-26,accomendatio,
Amalric 1248 (Blancard),164,,"t. I, p. 332",1248-03-26,societas,
Amalric 1248 (Blancard),165,,"t. I, p. 333",1248-03-26,other,
Amalric 1248 (Blancard),167,,"t. I, p. 335",1248-03-26,other:lease/hire,
Amalric 1248 (Blancard),173,,"t. I, p. 337",1248-03-26,accomendatio,
Amalric 1248 (Blancard),178,,"t. I, p. 338",1248-03-26,other:procuration,
Amalric 1248 (Blancard),179,,"t. I, p. 339",1248-03-26,accomendatio,
Amalric 1248 (Blancard),182,,"t. I, p. 340",1248-03-26,accomendatio,
Amalric 1248 (Blancard),184,,"t. I, p. 341",1248-03-26,cambium,
Amalric 1248 (Blancard),185,,"t. I, p. 341",1248-03-26,sea_loan,
Amalric 1248 (Blancard),187,,"t. I, p. 342",1248-03-26,accomendatio,
Amalric 1248 (Blancard),188,,"t. I, p. 343",1248-03-26,other:lease/hire,
Amalric 1248 (Blancard),190,,"t. I, p. 344",1248-03-26,accomendatio,
Amalric 1248 (Blancard),192,,"t. I, p. 345",1248-03-26,accomendatio,
Amalric 1248 (Blancard),193,,"t. I, p. 345",1248-03-26,sea_loan,
Amalric 1248 (Blancard),194,,"t. I, p. 346",1248-03-26,accomendatio,
Amalric 1248 (Blancard),196,,"t. I, p. 347",1248-03-26,accomendatio,
Amalric 1248 (Blancard),198,,"t. I, p. 348",1248-03-26,accomendatio,
Amalric 1248 (Blancard),200,,"t. I, p. 348",1248-03-26,sea_loan,
Amalric 1248 (Blancard),204,,"t. I, p. 349",1248-03-26,societas+accomendatio,
Amalric 1248 (Blancard),207,,"t. I, p. 350",1248-03-26,accomendatio,
Amalric 1248 (Blancard),208,,"t. I, p. 350",1248-03-26,accomendatio,
Amalric 1248 (Blancard),209,,"t. I, p. 351",1248-03-26,accomendatio,
Amalric 1248 (Blancard),211,,"t. I, p. 352",1248-03-26,sea_loan,
Amalric 1248 (Blancard),212,,"t. I, p. 352",1248-03-26,accomendatio,
Amalric 1248 (Blancard),214,,"t. I, p. 353",1248-03-28,cambium,
Amalric 1248 (Blancard),215,,"t. I, p. 354",1248-03-28,accomendatio,
Amalric 1248 (Blancard),219,,"t. I, p. 355",1248-03-28,sale,
Amalric 1248 (Blancard),220,,"t. I, p. 356",1248-03-28,accomendatio,
Amalric 1248 (Blancard),222,,"t. I, p. 357",1248-03-28,accomendatio,
Amalric 1248 (Blancard),225,,"t. I, p. 358",1248-03-28,accomendatio,
Amalric 1248 (Blancard),226,,"t. I, p. 358",1248-03-28,accomendatio,
Amalric 1248 (Blancard),227,,"t. I, p. 359",1248-03-28,accomendatio,
Amalric 1248 (Blancard),228,,"t. I, p. 360",1248-03-28,accomendatio,
Amalric 1248 (Blancard),230,,"t. I, p. 360",1248-03-28,accomendatio,
Amalric 1248 (Blancard),232,,"t. I, p. 361",1248-03-28,other,
Amalric 1248 (Blancard),233,,"t. I, p. 362",1248-03-28,accomendatio,
Amalric 1248 (Blancard),234,,"t. I, p. 362",1248-03-28,other,
Amalric 1248 (Blancard),235,,"t. I, p. 363",1248-03-28,sea_loan,
Amalric 1248 (Blancard),236,,"t. I, p. 364",1248-03-28,societas,
Amalric 1248 (Blancard),238,,"t. I, p. 365",1248-03-28,sea_loan,
Amalric 1248 (Blancard),239,,"t. I, p. 365",1248-03-28,societas,
Amalric 1248 (Blancard),245,,"t. I, p. 367",1248-03-28,accomendatio,
Amalric 1248 (Blancard),247,,"t. I, p. 367",1248-03-28,accomendatio,
Amalric 1248 (Blancard),249,,"t. I, p. 368",1248-03-28,cambium,
Amalric 1248 (Blancard),250,,"t. I, p. 369",1248-03-28,accomendatio,
Amalric 1248 (Blancard),251,,"t. I, p. 369",1248-03-28,other:procuration,
Amalric 1248 (Blancard),253,,"t. I, p. 370",1248-03-28,accomendatio,
Amalric 1248 (Blancard),257,,"t. I, p. 371",1248-03-28,accomendatio,
Amalric 1248 (Blancard),260,,"t. I, p. 372",1248-03-28,accomendatio,
Amalric 1248 (Blancard),263,,"t. I, p. 373",1248-03-28,sea_loan,
Amalric 1248 (Blancard),265,,"t. I, p. 373",1248-03-28,accomendatio,
Amalric 1248 (Blancard),268,,"t. I, p. 374",1248-03-28,accomendatio,
Amalric 1248 (Blancard),269,,"t. I, p. 375",1248-03-28,accomendatio,
Amalric 1248 (Blancard),270,,"t. I, p. 375",1248-03-28,accomendatio,
Amalric 1248 (Blancard),271,,"t. I, p. 376",1248-03-28,accomendatio,
Amalric 1248 (Blancard),272,,"t. I, p. 376",1248-03-28,accomendatio,
Amalric 1248 (Blancard),273,,"t. I, p. 377",1248-03-28,accomendatio,
Amalric 1248 (Blancard),282,,"t. I, p. 379",1248-03-28,accomendatio,
Amalric 1248 (Blancard),283,,"t. I, p. 380",1248-03-28,accomendatio,
Amalric 1248 (Blancard),284,,"t. I, p. 380",1248-03-28,accomendatio,
Amalric 1248 (Blancard),286,,"t. I, p. 381",1248-03-28,accomendatio,
Amalric 1248 (Blancard),287,,"t. I, p. 382",1248-03-28,accomendatio,
Amalric 1248 (Blancard),288,,"t. I, p. 382",1248-03-28,accomendatio,
Amalric 1248 (Blancard),291,,"t. I, p. 383",1248-03-28,accomendatio,
Amalric 1248 (Blancard),296,,"t. I, p. 384",1248-03-31,accomendatio,
Amalric 1248 (Blancard),298,,"t. I, p. 385",1248-03-31,accomendatio,
Amalric 1248 (Blancard),299,,"t. I, p. 385",1248-03-31,cambium,
Amalric 1248 (Blancard),302,,"t. I, p. 387",1248-03-31,accomendatio,
Amalric 1248 (Blancard),304,,"t. I, p. 387",1248-03-31,accomendatio,
Amalric 1248 (Blancard),306,,"t. I, p. 388",1248-03-31,other,
Amalric 1248 (Blancard),307,,"t. I, p. 388",1248-03-31,accomendatio,
Amalric 1248 (Blancard),308,,"t. I, p. 389",1248-03-31,accomendatio,
Amalric 1248 (Blancard),309,,"t. I, p. 390",1248-03-31,other:quittance,
Amalric 1248 (Blancard),311,,"t. I, p. 391",1248-03-31,accomendatio,
Amalric 1248 (Blancard),313,,"t. I, p. 392",1248-03-31,mutuum,
Amalric 1248 (Blancard),314,,"t. I, p. 392",1248-03-31,accomendatio,
Amalric 1248 (Blancard),316,,"t. I, p. 393",1248-03-31,other,
Amalric 1248 (Blancard),318,,"t. I, p. 394",1248-03-31,other,
Amalric 1248 (Blancard),319,,"t. I, p. 394",1248-03-31,accomendatio,
Amalric 1248 (Blancard),321,,"t. I, p. 395",1248-03-31,sea_loan,
Amalric 1248 (Blancard),322,,"t. I, p. 396",1248-03-31,other:quittance,
Amalric 1248 (Blancard),323,,"t. I, p. 396",1248-03-31,other:procuration,
Amalric 1248 (Blancard),325,,"t. I, p. 397",1248-03-31,cambium,
Amalric 1248 (Blancard),326,,"t. I, p. 398",1248-03-31,accomendatio,
Amalric 1248 (Blancard),329,,"t. I, p. 399",1248-03-31,accomendatio,
Amalric 1248 (Blancard),334,,"t. I, p. 399",1248-03-31,other,
Amalric 1248 (Blancard),335,,"t. I, p. 400",1248-03-31,accomendatio,
Amalric 1248 (Blancard),336,,"t. I, p. 400",1248-03-31,accomendatio,
Amalric 1248 (Blancard),340,,"t. I, p. 401",1248-03-31,cambium,
Amalric 1248 (Blancard),341,,"t. I, p. 402",1248-03-31,accomendatio,
Amalric 1248 (Blancard),342,,"t. I, p. 402",1248-03-31,accomendatio,
Amalric 1248 (Blancard),344,,"t. I, p. 403",1248-03-31,cambium,
Amalric 1248 (Blancard),345,,"t. I, p. 405",1248-03-31,other,
Amalric 1248 (Blancard),348,,"t. I, p. 405",1248-03-31,societas,
Amalric 1248 (Blancard),350,,"t. I, p. 406",1248-03-31,other,
Amalric 1248 (Blancard),351,,"t. I, p. 407",1248-03-31,cambium,
Amalric 1248 (Blancard),354,,"t. I, p. 408",1248-03-31,accomendatio,
Amalric 1248 (Blancard),357,,"t. I, p. 408",1248-03-31,other,
Amalric 1248 (Blancard),358,,"t. I, p. 409",1248-03-31,accomendatio,
Amalric 1248 (Blancard),359,,"t. I, p. 410",1248-03-31,accomendatio,
Amalric 1248 (Blancard),360,,"t. I, p. 411",1248-03-31,other:lease/hire,
Amalric 1248 (Blancard),361,,"t. I, p. 411",1248-03-31,sea_loan,
Amalric 1248 (Blancard),362,,"t. I, p. 412",1248-03-31,other,
Amalric 1248 (Blancard),363,,"t. I, p. 413",1248-03-31,other,
Amalric 1248 (Blancard),364,,"t. I, p. 413",1248-03-31,accomendatio,
Amalric 1248 (Blancard),365,,"t. I, p. 414",1248-03-31,accomendatio,
Amalric 1248 (Blancard),366,,"t. I, p. 415",1248-03-31,accomendatio,
Amalric 1248 (Blancard),369,,"t. I, p. 416",1248-03-31,accomendatio,
Amalric 1248 (Blancard),370,,"t. I, p. 416",1248-03-31,other,
Amalric 1248 (Blancard),371,,"t. I, p. 417",1248-03-31,accomendatio,
Amalric 1248 (Blancard),372,,"t. II, p. 7",1248-04-04,mutuum,
Amalric 1248 (Blancard),373,,"t. II, p. 8",1248-04-04,mutuum,
Amalric 1248 (Blancard),374,,"t. II, p. 9",1248-04-04,other:lease/hire,
Amalric 1248 (Blancard),375,,"t. II, p. 10",1248-04-04,cambium,
Amalric 1248 (Blancard),376,,"t. II, p. 11",1248-04-04,mutuum,
Amalric 1248 (Blancard),377,,"t. II, p. 12",1248-04-04,cambium,
Amalric 1248 (Blancard),382,,"t. II, p. 13",1248-04-04,other:lease/hire,
Amalric 1248 (Blancard),383,,"t. II, p. 14",1248-04-04,accomendatio,
Amalric 1248 (Blancard),384,,"t. II, p. 15",1248-04-04,sale,
Amalric 1248 (Blancard),388,,"t. II, p. 16",1248-04-04,accomendatio,
Amalric 1248 (Blancard),393,,"t. II, p. 17",1248-04-04,other:lease/hire,
Amalric 1248 (Blancard),395,,"t. II, p. 19",1248-04-04,other,
Amalric 1248 (Blancard),396,,"t. II, p. 19",1248-04-07,cambium,
Amalric 1248 (Blancard),397,,"t. II, p. 21",1248-04-07,other:obligation,
Amalric 1248 (Blancard),402,,"t. II, p. 22",1248-04-08,accomendatio,
Amalric 1248 (Blancard),406,,"t. II, p. 23",1248-04-08,other:reference to accomendatio/societas,
Amalric 1248 (Blancard),407,,"t. II, p. 24",1248-04-08,accomendatio,
Amalric 1248 (Blancard),409,,"t. II, p. 25",1248-04-08,other,
Amalric 1248 (Blancard),410,,"t. II, p. 26",1248-04-08,accomendatio,
Amalric 1248 (Blancard),411,,"t. II, p. 27",1248-04-08,accomendatio,
Amalric 1248 (Blancard),412,,"t. II, p. 27",1248-04-08,accomendatio,
Amalric 1248 (Blancard),414,,"t. II, p. 28",1248-04-08,cambium,
Amalric 1248 (Blancard),416,,"t. II, p. 29",1248-04-08,sea_loan,
Amalric 1248 (Blancard),418,,"t. II, p. 30",1248-04-09,sea_loan,
Amalric 1248 (Blancard),421,,"t. II, p. 31",1248-04-09,sale,
Amalric 1248 (Blancard),422,,"t. II, p. 33",1248-04-09,other:lease/hire,
Amalric 1248 (Blancard),424,,"t. II, p. 34",1248-04-09,cambium,
Amalric 1248 (Blancard),429,,"t. II, p. 35",1248-04-09,societas,
Amalric 1248 (Blancard),432,,"t. II, p. 36",1248-04-10,sale,
Amalric 1248 (Blancard),434,,"t. II, p. 37",1248-04-10,accomendatio,
Amalric 1248 (Blancard),435,,"t. II, p. 38",1248-04-10,sea_loan,
Amalric 1248 (Blancard),440,,"t. II, p. 39",1248-04-10,accomendatio,
Amalric 1248 (Blancard),441,,"t. II, p. 39",1248-04-10,accomendatio,
Amalric 1248 (Blancard),442,,"t. II, p. 40",1248-04-10,societas,
Amalric 1248 (Blancard),443,,"t. II, p. 40",1248-04-10,accomendatio,
Amalric 1248 (Blancard),444,,"t. II, p. 41",1248-04-10,accomendatio,
Amalric 1248 (Blancard),446,,"t. II, p. 42",1248-04-11,accomendatio,
Amalric 1248 (Blancard),447,,"t. II, p. 42",1248-04-11,sale,
Amalric 1248 (Blancard),451,,"t. II, p. 44",1248-04-11,accomendatio,
Amalric 1248 (Blancard),452,,"t. II, p. 45",1248-04-11,accomendatio,
Amalric 1248 (Blancard),453,,"t. II, p. 45",1248-04-11,accomendatio,
Amalric 1248 (Blancard),454,,"t. II, p. 46",1248-04-11,other:procuration,
Amalric 1248 (Blancard),456,,"t. II, p. 46",1248-04-11,cambium,
Amalric 1248 (Blancard),459,,"t. II, p. 47",1248-04-11,cambium,
Amalric 1248 (Blancard),460,,"t. II, p. 48",1248-04-11,sale,
Amalric 1248 (Blancard),461,,"t. II, p. 48",1248-04-11,mutuum,
Amalric 1248 (Blancard),462,,"t. II, p. 49",1248-04-11,other:procuration,
Amalric 1248 (Blancard),465,,"t. II, p. 50",1248-04-11,accomendatio,
Amalric 1248 (Blancard),466,,"t. II, p. 51",1248-04-11,accomendatio,
Amalric 1248 (Blancard),467,,"t. II, p. 51",1248-04-11,societas,
Amalric 1248 (Blancard),469,,"t. II, p. 52",1248-04-11,sea_loan,
Amalric 1248 (Blancard),470,,"t. II, p. 53",1248-04-11,accomendatio,
Amalric 1248 (Blancard),471,,"t. II, p. 53",1248-04-11,accomendatio,
Amalric 1248 (Blancard),472,,"t. II, p. 54",1248-04-11,accomendatio,
Amalric 1248 (Blancard),473,,"t. II, p. 54",1248-04-11,accomendatio,
Amalric 1248 (Blancard),474,,"t. II, p. 55",1248-04-11,accomendatio,
Amalric 1248 (Blancard),475,,"t. II, p. 55",1248-04-11,other,
Amalric 1248 (Blancard),476,,"t. II, p. 56",1248-04-11,mutuum,
Amalric 1248 (Blancard),478,,"t. II, p. 56",1248-04-11,accomendatio,
Amalric 1248 (Blancard),479,,"t. II, p. 57",1248-04-11,accomendatio,
Amalric 1248 (Blancard),480,,"t. II, p. 57",1248-04-11,sale,
Amalric 1248 (Blancard),481,,"t. II, p. 59",1248-04-11,other,
Amalric 1248 (Blancard),482,,"t. II, p. 59",1248-04-11,accomendatio,
Amalric 1248 (Blancard),483,,"t. II, p. 60",1248-04-11,other:lease/hire,
Amalric 1248 (Blancard),484,,"t. II, p. 61",1248-04-11,sea_loan,
Amalric 1248 (Blancard),485,,"t. II, p. 61",1248-04-11,accomendatio,
Amalric 1248 (Blancard),486,,"t. II, p. 62",1248-04-11,societas,
Amalric 1248 (Blancard),487,,"t. II, p. 63",1248-04-11,accomendatio,
Amalric 1248 (Blancard),490,,"t. II, p. 63",1248-04-14,other:procuration,
Amalric 1248 (Blancard),492,,"t. II, p. 64",1248-04-14,accomendatio,
Amalric 1248 (Blancard),493,,"t. II, p. 65",1248-04-14,dowry,
Amalric 1248 (Blancard),494,,"t. II, p. 65",1248-04-14,sale,
Amalric 1248 (Blancard),495,,"t. II, p. 66",1248-04-14,accomendatio,
Amalric 1248 (Blancard),496,,"t. II, p. 66",1248-04-14,other,
Amalric 1248 (Blancard),497,,"t. II, p. 67",1248-04-14,cambium,
Amalric 1248 (Blancard),498,,"t. II, p. 67",1248-04-14,cambium,
Amalric 1248 (Blancard),499,,"t. II, p. 68",1248-04-14,accomendatio,
Amalric 1248 (Blancard),500,,"t. II, p. 69",1248-04-14,accomendatio,
Amalric 1248 (Blancard),501,,"t. II, p. 69",1248-04-14,dowry,
Amalric 1248 (Blancard),502,,"t. II, p. 69",1248-04-14,sea_loan,
Amalric 1248 (Blancard),505,,"t. II, p. 70",1248-04-14,accomendatio,
Amalric 1248 (Blancard),507,,"t. II, p. 71",1248-04-14,other,
Amalric 1248 (Blancard),508,,"t. II, p. 71",1248-04-14,other,
Amalric 1248 (Blancard),509,,"t. II, p. 72",1248-04-15,accomendatio,
Amalric 1248 (Blancard),511,,"t. II, p. 73",1248-04-15,cambium,
Amalric 1248 (Blancard),512,,"t. II, p. 74",1248-04-15,societas,
Amalric 1248 (Blancard),514,,"t. II, p. 75",1248-04-15,accomendatio,
Amalric 1248 (Blancard),516,,"t. II, p. 75",1248-04-15,other,
Amalric 1248 (Blancard),518,,"t. II, p. 76",1248-04-15,other:procuration,
Amalric 1248 (Blancard),519,,"t. II, p. 77",1248-04-15,accomendatio,
Amalric 1248 (Blancard),520,,"t. II, p. 77",1248-04-15,mutuum,
Amalric 1248 (Blancard),522,,"t. II, p. 78",1248-04-15,sea_loan,
Amalric 1248 (Blancard),523,,"t. II, p. 78",1248-04-15,accomendatio,
Amalric 1248 (Blancard),524,,"t. II, p. 79",1248-04-15,other,
Amalric 1248 (Blancard),525,,"t. II, p. 79",1248-04-15,other,
Amalric 1248 (Blancard),526,,"t. II, p. 80",1248-04-15,accomendatio,
Amalric 1248 (Blancard),527,,"t. II, p. 80",1248-04-15,other:lease/hire,
Amalric 1248 (Blancard),528,,"t. II, p. 81",1248-04-15,accomendatio,
Amalric 1248 (Blancard),530,,"t. II, p. 82",1248-04-16,accomendatio,
Amalric 1248 (Blancard),532,,"t. II, p. 82",1248-04-16,accomendatio,
Amalric 1248 (Blancard),533,,"t. II, p. 83",1248-04-16,other:lease/hire,
Amalric 1248 (Blancard),535,,"t. II, p. 83",1248-04-16,accomendatio,
Amalric 1248 (Blancard),537,,"t. II, p. 84",1248-04-16,accomendatio,
Amalric 1248 (Blancard),538,,"t. II, p. 85",1248-04-16,accomendatio,
Amalric 1248 (Blancard),539,,"t. II, p. 85",1248-04-16,other:procuration,
Amalric 1248 (Blancard),540,,"t. II, p. 86",1248-04-16,accomendatio,
Amalric 1248 (Blancard),541,,"t. II, p. 86",1248-04-16,accomendatio,
Amalric 1248 (Blancard),542,,"t. II, p. 87",1248-04-16,accomendatio,
Amalric 1248 (Blancard),543,,"t. II, p. 87",1248-04-16,accomendatio,
Amalric 1248 (Blancard),544,,"t. II, p. 88",1248-04-16,accomendatio,
Amalric 1248 (Blancard),546,,"t. II, p. 89",1248-04-16,other:quittance,
Amalric 1248 (Blancard),547,,"t. II, p. 89",1248-04-16,other:declaration,
Amalric 1248 (Blancard),548,,"t. II, p. 90",1248-04-16,accomendatio,
Amalric 1248 (Blancard),549,,"t. II, p. 90",1248-04-17,other:lease/hire,
Amalric 1248 (Blancard),550,,"t. II, p. 93",1248-04-18,cambium,
Amalric 1248 (Blancard),551,,"t. II, p. 93",1248-04-18,other,
Amalric 1248 (Blancard),553,,"t. II, p. 94",1248-04-18,sea_loan,
Amalric 1248 (Blancard),554,,"t. II, p. 95",1248-04-18,cambium,
Amalric 1248 (Blancard),555,,"t. II, p. 95",1248-04-18,other,
Amalric 1248 (Blancard),557,,"t. II, p. 96",1248-04-18,cambium,
Amalric 1248 (Blancard),558,,"t. II, p. 96",1248-04-18,mutuum,
Amalric 1248 (Blancard),559,,"t. II, p. 97",1248-04-18,accomendatio,
Amalric 1248 (Blancard),560,,"t. II, p. 98",1248-04-18,mutuum,
Amalric 1248 (Blancard),561,,"t. II, p. 99",1248-04-22,accomendatio,
Amalric 1248 (Blancard),562,,"t. II, p. 99",1248-04-22,other,
Amalric 1248 (Blancard),563,,"t. II, p. 100",1248-04-22,mutuum,
Amalric 1248 (Blancard),564,,"t. II, p. 101",1248-04-22,cambium,
Amalric 1248 (Blancard),568,,"t. II, p. 102",1248-04-22,accomendatio,
Amalric 1248 (Blancard),569,,"t. II, p. 102",1248-04-22,accomendatio,
Amalric 1248 (Blancard),570,,"t. II, p. 103",1248-04-22,sale,
Amalric 1248 (Blancard),573,,"t. II, p. 103",1248-04-22,other:lease/hire,
Amalric 1248 (Blancard),574,,"t. II, p. 104",1248-04-23,other,
Amalric 1248 (Blancard),577,,"t. II, p. 105",1248-04-23,accomendatio,
Amalric 1248 (Blancard),579,,"t. II, p. 106",1248-04-23,accomendatio,
Amalric 1248 (Blancard),580,,"t. II, p. 106",1248-04-24,cambium,
Amalric 1248 (Blancard),581,,"t. II, p. 107",1248-04-24,accomendatio,
Amalric 1248 (Blancard),582,,"t. II, p. 107",1248-04-24,accomendatio,
Amalric 1248 (Blancard),583,,"t. II, p. 108",1248-04-24,mutuum,
Amalric 1248 (Blancard),584,,"t. II, p. 108",1248-04-24,sale,
Amalric 1248 (Blancard),585,,"t. II, p. 109",1248-04-24,other,
Amalric 1248 (Blancard),587,,"t. II, p. 110",1248-04-24,other:procuration,
Amalric 1248 (Blancard),588,,"t. II, p. 110",1248-04-24,accomendatio,
Amalric 1248 (Blancard),591,,"t. II, p. 111",1248-04-24,accomendatio,
Amalric 1248 (Blancard),592,,"t. II, p. 112",1248-04-26,accomendatio,
Amalric 1248 (Blancard),593,,"t. II, p. 112",1248-04-26,other,
Amalric 1248 (Blancard),594,,"t. II, p. 113",1248-04-26,accomendatio,
Amalric 1248 (Blancard),595,,"t. II, p. 113",1248-04-26,accomendatio,
Amalric 1248 (Blancard),597,,"t. II, p. 114",1248-04-26,accomendatio,
Amalric 1248 (Blancard),599,,"t. II, p. 114",1248-04-26,accomendatio,
Amalric 1248 (Blancard),600,,"t. II, p. 115",1248-04-26,mutuum,
Amalric 1248 (Blancard),603,,"t. II, p. 116",1248-04-26,accomendatio,
Amalric 1248 (Blancard),604,,"t. II, p. 116",1248-04-26,sale,
Amalric 1248 (Blancard),605,,"t. II, p. 117",1248-04-26,accomendatio,
Amalric 1248 (Blancard),607,,"t. II, p. 117",1248-04-26,accomendatio,
Amalric 1248 (Blancard),611,,"t. II, p. 118",1248-04-26,societas+accomendatio,
Amalric 1248 (Blancard),613,,"t. II, p. 119",1248-04-28,accomendatio,
Amalric 1248 (Blancard),614,,"t. II, p. 119",1248-04-28,other,
Amalric 1248 (Blancard),615,,"t. II, p. 120",1248-04-28,cambium,
Amalric 1248 (Blancard),616,,"t. II, p. 121",1248-04-28,dowry,
Amalric 1248 (Blancard),618,,"t. II, p. 121",1248-04-28,accomendatio,
Amalric 1248 (Blancard),622,,"t. II, p. 122",1248-04-28,accomendatio,
Amalric 1248 (Blancard),623,,"t. II, p. 123",1248-04-29,accomendatio,
Amalric 1248 (Blancard),624,,"t. II, p. 123",1248-04-29,other:lease/hire,
Amalric 1248 (Blancard),625,,"t. II, p. 125",1248-04-29,cambium,
Amalric 1248 (Blancard),626,,"t. II, p. 125",1248-04-29,dowry,
Amalric 1248 (Blancard),629,,"t. II, p. 126",1248-04-29,accomendatio,
Amalric 1248 (Blancard),630,,"t. II, p. 126",1248-04-30,accomendatio,
Amalric 1248 (Blancard),631,,"t. II, p. 127",1248-04-30,accomendatio,
Amalric 1248 (Blancard),635,,"t. II, p. 128",1248-04-30,other,
Amalric 1248 (Blancard),638,,"t. II, p. 128",1248-05-02,sale,
Amalric 1248 (Blancard),639,,"t. II, p. 129",1248-05-02,sale,
Amalric 1248 (Blancard),642,,"t. II, p. 131",1248-05-02,other,
Amalric 1248 (Blancard),644,,"t. II, p. 132",1248-05-02,sea_loan,
Amalric 1248 (Blancard),648,,"t. II, p. 133",1248-05-02,dowry,
Amalric 1248 (Blancard),650,,"t. II, p. 134",1248-05-02,accomendatio,
Amalric 1248 (Blancard),654,,"t. II, p. 135",1248-05-07,accomendatio,
Amalric 1248 (Blancard),656,,"t. II, p. 136",1248-05-08,other:lease/hire,
Amalric 1248 (Blancard),657,,"t. II, p. 137",1248-05-08,sea_loan,
Amalric 1248 (Blancard),658,,"t. II, p. 138",1248-05-08,accomendatio,
Amalric 1248 (Blancard),663,,"t. II, p. 139",1248-05-08,accomendatio,
Amalric 1248 (Blancard),665,,"t. II, p. 140",1248-05-08,dowry,
Amalric 1248 (Blancard),667,,"t. II, p. 140",1248-05-08,cambium,
Amalric 1248 (Blancard),671,,"t. II, p. 141",1248-05-08,accomendatio,
Amalric 1248 (Blancard),673,,"t. II, p. 142",1248-05-08,accomendatio,
Amalric 1248 (Blancard),676,,"t. II, p. 143",1248-05-08,accomendatio,
Amalric 1248 (Blancard),677,,"t. II, p. 144",1248-05-08,other:quittance,
Amalric 1248 (Blancard),678,,"t. II, p. 144",1248-05-08,accomendatio,
Amalric 1248 (Blancard),679,,"t. II, p. 145",1248-05-08,accomendatio,
Amalric 1248 (Blancard),681,,"t. II, p. 145",1248-04-27,other,
Amalric 1248 (Blancard),683,,"t. II, p. 146",1248-04-27,accomendatio,
Amalric 1248 (Blancard),684,,"t. II, p. 147",1248-04-27,accomendatio,
Amalric 1248 (Blancard),685,,"t. II, p. 147",1248-04-27,cambium,
Amalric 1248 (Blancard),686,,"t. II, p. 148",1248-04-27,other:reference to accomendatio/societas,
Amalric 1248 (Blancard),687,,"t. II, p. 150",1248-04-27,accomendatio,
Amalric 1248 (Blancard),690,,"t. II, p. 150",1248-04-27,accomendatio,
Amalric 1248 (Blancard),691,,"t. II, p. 151",1248-04-27,cambium,
Amalric 1248 (Blancard),693,,"t. II, p. 152",1248-04-27,accomendatio,
Amalric 1248 (Blancard),696,,"t. II, p. 153",1248-04-27,accomendatio,
Amalric 1248 (Blancard),697,,"t. II, p. 153",1248-04-27,societas,
Amalric 1248 (Blancard),698,,"t. II, p. 154",1248-04-27,other,
Amalric 1248 (Blancard),699,,"t. II, p. 155",1248-04-27,cambium,
Amalric 1248 (Blancard),703,,"t. II, p. 156",1248-04-27,sale,
Amalric 1248 (Blancard),705,,"t. II, p. 157",1248-04-27,accomendatio,
Amalric 1248 (Blancard),707,,"t. II, p. 158",1248-05-13,cambium,
Amalric 1248 (Blancard),710,,"t. II, p. 159",1248-05-13,accomendatio,
Amalric 1248 (Blancard),711,,"t. II, p. 159",1248-05-13,other,
Amalric 1248 (Blancard),712,,"t. II, p. 160",1248-05-13,mutuum,
Amalric 1248 (Blancard),714,,"t. II, p. 160",1248-05-13,accomendatio,
Amalric 1248 (Blancard),717,,"t. II, p. 161",1248-05-13,cambium,
Amalric 1248 (Blancard),718,,"t. II, p. 162",1248-05-13,accomendatio,
Amalric 1248 (Blancard),720,,"t. II, p. 162",1248-05-15,other,
Amalric 1248 (Blancard),721,,"t. II, p. 163",1248-05-16,mutuum,
Amalric 1248 (Blancard),722,,"t. II, p. 164",1248-05-16,sale,
Amalric 1248 (Blancard),724,,"t. II, p. 164",1248-05-16,accomendatio,
Amalric 1248 (Blancard),726,,"t. II, p. 165",1248-05-16,accomendatio,
Amalric 1248 (Blancard),727,,"t. II, p. 166",1248-05-16,other,
Amalric 1248 (Blancard),729,,"t. II, p. 166",1248-05-16,other:quittance,
Amalric 1248 (Blancard),730,,"t. II, p. 167",1248-05-16,cambium,
Amalric 1248 (Blancard),731,,"t. II, p. 168",1248-05-16,other:deposit,
Amalric 1248 (Blancard),733,,"t. II, p. 169",1248-05-16,other,
Amalric 1248 (Blancard),734,,"t. II, p. 169",1248-05-19,accomendatio,
Amalric 1248 (Blancard),735,,"t. II, p. 170",1248-05-19,other,
Amalric 1248 (Blancard),736,,"t. II, p. 170",1248-05-19,other,
Amalric 1248 (Blancard),737,,"t. II, p. 171",1248-05-19,sale,
Amalric 1248 (Blancard),738,,"t. II, p. 172",1248-05-19,sale,
Amalric 1248 (Blancard),740,,"t. II, p. 172",1248-05-20,accomendatio,
Amalric 1248 (Blancard),741,,"t. II, p. 173",1248-05-20,other,
Amalric 1248 (Blancard),744,,"t. II, p. 174",1248-05-20,mutuum,
Amalric 1248 (Blancard),748,,"t. II, p. 175",1248-05-20,mutuum,
Amalric 1248 (Blancard),750,,"t. II, p. 176",1248-05-21,sale,
Amalric 1248 (Blancard),752,,"t. II, p. 177",1248-05-21,sale,
Amalric 1248 (Blancard),753,,"t. II, p. 178",1248-05-21,sale,
Amalric 1248 (Blancard),755,,"t. II, p. 179",1248-05-21,accomendatio/societas-alt,
Amalric 1248 (Blancard),756,,"t. II, p. 180",1248-05-22,sale,
Amalric 1248 (Blancard),759,,"t. II, p. 181",1248-05-22,accomendatio,
Amalric 1248 (Blancard),760,,"t. II, p. 182",1248-05-22,societas,
Amalric 1248 (Blancard),763,,"t. II, p. 184",1248-05-22,cambium,
Amalric 1248 (Blancard),764,,"t. II, p. 184",1248-05-23,cambium,
Amalric 1248 (Blancard),765,,"t. II, p. 185",1248-05-23,cambium,
Amalric 1248 (Blancard),766,,"t. II, p. 186",1248-05-23,other,
Amalric 1248 (Blancard),769,,"t. II, p. 186",1248-05-23,dowry,
Amalric 1248 (Blancard),770,,"t. II, p. 187",1248-05-23,cambium,
Amalric 1248 (Blancard),771,,"t. II, p. 188",1248-05-23,sea_loan,
Amalric 1248 (Blancard),772,,"t. II, p. 188",1248-05-23,cambium,
Amalric 1248 (Blancard),774,,"t. II, p. 189",1248-05-23,societas,
Amalric 1248 (Blancard),777,,"t. II, p. 191",1248-05-25,other:lease/hire,
Amalric 1248 (Blancard),779,,"t. II, p. 193",1248-05-25,other,
Amalric 1248 (Blancard),782,,"t. II, p. 194",1248-05-25,other:procuration,
Amalric 1248 (Blancard),785,,"t. II, p. 195",1248-05-26,cambium,
Amalric 1248 (Blancard),788,,"t. II, p. 196",1248-05-26,other,
Amalric 1248 (Blancard),793,,"t. II, p. 198",1248-05-26,cambium,
Amalric 1248 (Blancard),796,,"t. II, p. 198",1248-05-26,other,
Amalric 1248 (Blancard),797,,"t. II, p. 199",1248-05-26,accomendatio,
Amalric 1248 (Blancard),800,,"t. II, p. 200",1248-05-27,cambium,
Amalric 1248 (Blancard),802,,"t. II, p. 201",1248-05-27,cambium,
Amalric 1248 (Blancard),803,,"t. II, p. 202",1248-05-27,other,
Amalric 1248 (Blancard),804,,"t. II, p. 202",1248-05-27,other,
Amalric 1248 (Blancard),806,,"t. II, p. 203",1248-05-27,cambium,
Amalric 1248 (Blancard),808,,"t. II, p. 204",1248-05-27,cambium,
Amalric 1248 (Blancard),809,,"t. II, p. 205",1248-05-27,cambium,
Amalric 1248 (Blancard),810,,"t. II, p. 205",1248-05-27,accomendatio,
Amalric 1248 (Blancard),816,,"t. II, p. 207",1248-05-29,cambium,
Amalric 1248 (Blancard),817,,"t. II, p. 207",1248-05-29,cambium,
Amalric 1248 (Blancard),818,,"t. II, p. 208",1248-05-29,cambium,
Amalric 1248 (Blancard),819,,"t. II, p. 209",1248-05-29,other,
Amalric 1248 (Blancard),821,,"t. II, p. 210",1248-05-29,cambium,
Amalric 1248 (Blancard),822,,"t. II, p. 210",1248-05-29,cambium,
Amalric 1248 (Blancard),825,,"t. II, p. 211",1248-05-29,cambium,
Amalric 1248 (Blancard),826,,"t. II, p. 212",1248-05-29,cambium,
Amalric 1248 (Blancard),829,,"t. II, p. 213",1248-05-30,societas,
Amalric 1248 (Blancard),830,,"t. II, p. 214",1248-05-30,other:quittance,
Amalric 1248 (Blancard),831,,"t. II, p. 215",1248-05-30,dowry,
Amalric 1248 (Blancard),838,,"t. II, p. 217",1248-05-30,societas+accomendatio,
Amalric 1248 (Blancard),840,,"t. II, p. 218",1248-05-30,other:quittance,
Amalric 1248 (Blancard),842,,"t. II, p. 219",1248-05-30,other:procuration,
Amalric 1248 (Blancard),849,,"t. II, p. 221",1248-06-04,other:lease/hire,
Amalric 1248 (Blancard),851,,"t. II, p. 222",1248-06-04,mutuum,
Amalric 1248 (Blancard),852,,"t. II, p. 223",1248-06-04,cambium,
Amalric 1248 (Blancard),853,,"t. II, p. 223",1248-06-04,other,
Amalric 1248 (Blancard),856,,"t. II, p. 224",1248-05-29,mutuum,
Amalric 1248 (Blancard),858,,"t. II, p. 225",1248-05-29,other:lease/hire,
Amalric 1248 (Blancard),859,,"t. II, p. 226",1248-05-29,other:lease/hire,
Amalric 1248 (Blancard),860,,"t. II, p. 226",1248-05-29,other:lease/hire,
Amalric 1248 (Blancard),861,,"t. II, p. 227",1248-05-29,other:lease/hire,
Amalric 1248 (Blancard),865,,"t. II, p. 228",1248-05-29,mutuum,
Amalric 1248 (Blancard),867,,"t. II, p. 229",1248-05-29,other,
Amalric 1248 (Blancard),868,,"t. II, p. 229",1248-05-29,other,
Amalric 1248 (Blancard),869,,"t. II, p. 230",1248-05-29,mutuum,
Amalric 1248 (Blancard),870,,"t. II, p. 231",1248-05-29,societas,
Amalric 1248 (Blancard),871,,"t. II, p. 232",1248-05-29,accomendatio,
Amalric 1248 (Blancard),875,,"t. II, p. 233",1248-05-29,dowry,
Amalric 1248 (Blancard),878,,"t. II, p. 234",1248-06-13,other:lease/hire,
Amalric 1248 (Blancard),882,,"t. II, p. 237",1248-06-13,dowry,
Amalric 1248 (Blancard),884,,"t. II, p. 237",1248-06-13,other,
Amalric 1248 (Blancard),886,,"t. II, p. 238",1248-06-13,other,
Amalric 1248 (Blancard),888,,"t. II, p. 239",1248-06-13,cambium,
Amalric 1248 (Blancard),890,,"t. II, p. 240",1248-06-13,cambium,
Amalric 1248 (Blancard),891,,"t. II, p. 242",1248-06-13,dowry,
Amalric 1248 (Blancard),904,,"t. II, p. 245",1248-06-19,other,
Amalric 1248 (Blancard),906,,"t. II, p. 245",1248-06-19,sale,
Amalric 1248 (Blancard),911,,"t. II, p. 247",1248-06-20,other,
Amalric 1248 (Blancard),913,,"t. II, p. 247",1248-06-20,dowry,
Amalric 1248 (Blancard),914,,"t. II, p. 248",1248-06-20,other:lease/hire,
Amalric 1248 (Blancard),915,,"t. II, p. 249",1248-06-20,mutuum,
Amalric 1248 (Blancard),916,,"t. II, p. 253",1248-06-20,other,
Amalric 1248 (Blancard),917,,"t. II, p. 254",1248-06-20,sea_loan,
Amalric 1248 (Blancard),922,,"t. II, p. 255",1248-06-20,other:lease/hire,
Amalric 1248 (Blancard),923,,"t. II, p. 257",1248-06-23,sale,
Amalric 1248 (Blancard),927,,"t. II, p. 259",1248-06-27,other,
Amalric 1248 (Blancard),930,,"t. II, p. 260",1248-06-30,other,
Amalric 1248 (Blancard),931,,"t. II, p. 261",1248-06-30,accomendatio,
Amalric 1248 (Blancard),934,,"t. II, p. 262",1248-06-30,other,
Amalric 1248 (Blancard),935,,"t. II, p. 263",1248-06-30,sale,
Amalric 1248 (Blancard),936,,"t. II, p. 263",1248-06-30,sale,
Amalric 1248 (Blancard),939,,"t. II, p. 264",1248-06-30,other:procuration,
Amalric 1248 (Blancard),942,,"t. II, p. 266",1248-07-02,dowry,
Amalric 1248 (Blancard),946,,"t. II, p. 267",1248-07-06,other,
Amalric 1248 (Blancard),948,,"t. II, p. 269",1248-07-06,societas,
Amalric 1248 (Blancard),949,,"t. II, p. 269",1248-07-06,other,
Amalric 1248 (Blancard),950,,"t. II, p. 270",1248-07-06,mutuum,
Amalric 1248 (Blancard),951,,"t. II, p. 271",1248-07-06,other,
Amalric 1248 (Blancard),959,,"t. II, p. 273",1248-07-06,cambium,
Amalric 1248 (Blancard),960,,"t. II, p. 273",1248-07-06,sale,
Amalric 1248 (Blancard),964,,"t. II, p. 275",1248-07-06,other:testament,
Amalric 1248 (Blancard),965,,"t. II, p. 276",1248-07-06,mutuum,
Amalric 1248 (Blancard),968,,"t. II, p. 277",1248-07-06,other:lease/hire,
Amalric 1248 (Blancard),969,,"t. II, p. 279",1248-07-06,sale,
Amalric 1248 (Blancard),971,,"t. II, p. 280",1248-07-06,dowry,
Amalric 1248 (Blancard),972,,"t. II, p. 281",1248-07-13,dowry,
Amalric 1248 (Blancard),973,,"t. II, p. 281",1248-07-13,sea_loan,
Amalric 1248 (Blancard),975,,"t. II, p. 282",1248-07-15,cambium,
Amalric 1248 (Blancard),977,,"t. II, p. 284",1248-07-15,sea_loan,
Amalric 1248 (Blancard),978,,"t. II, p. 285",1248-07-15,other:lease/hire,
Amalric 1248 (Blancard),981,,"t. II, p. 287",1248-07-15,other:procuration,
Amalric 1248 (Blancard),983,,"t. II, p. 287",1248-07-17,other,
Amalric 1248 (Blancard),985,,"t. II, p. 288",1248-07-17,sale,
Amalric 1248 (Blancard),987,,"t. II, p. 289",1248-07-17,cambium,
Amalric 1248 (Blancard),991,,"t. II, p. 290",1248-07-17,other:declaration,
Amalric 1248 (Blancard),997,,"t. II, p. 292",1248-07-17,dowry,
Amalric 1248 (Blancard),1000,,"t. II, p. 293",1248-07-20,other:lease/hire,
Amalric 1248 (Blancard),1001,,"t. II, p. 295",1248-07-20,other:lease/hire,
Amalric 1248 (Blancard),1003,,"t. II, p. 295",1248-07-23,other:reference to accomendatio/societas,
Amalric 1248 (Blancard),1006,,"t. II, p. 297",1248-07-23,dowry,
Amalric 1248 (Blancard),1007,,"t. II, p. 298",1248-07-23,dowry,
Amalric 1248 (Blancard),1008,,"t. II, p. 298",1248-07-23,sea_loan,
Amalric 1248 (Blancard),1010,,"t. II, p. 299",1248-07-24,other,
Amalric 1248 (Blancard),1013,,"t. II, p. 300",1248-07-24,cambium,
Amalric 1248 (Blancard),1015,,"t. II, p. 301",1248-07-25,accomendatio/societas-alt,
Amalric 1248 (Blancard),1016,,"t. II, p. 302",1248-07-25,dowry,
Amalric 1248 (Blancard),1017,,"t. II, p. 302",1248-07-27,cambium,
Amalric 1248 (Blancard),1018,,"t. II, p. 303",1248-07-27,other,
Amalric 1248 (Blancard),1019,,"t. II, p. 304",1248-07-27,sea_loan,
Amalric 1248 (Blancard),1021,,"t. II, p. 305",1248-07-27,sea_loan,
Amalric 1248 (Blancard),1023,,"t. II, p. 306",1248-07-27,other:quittance,
Amalric 1248 (Blancard),1024,,"t. II, p. 306",1248-07-27,sale,
Amalric 1248 (Blancard),1025,,"t. II, p. 307",1248-07-27,other,
Amalric 1248 (Blancard),1026,,"t. II, p. 308",1248-07-27,other:quittance,
Amalric 1248 (Blancard),1027,,"t. II, p. 308",1248-07-27,mutuum,
Amalric 1248 (Blancard),1028,,"t. II, p. 309",1248-07-27,cambium,
Amalric 1248 (Blancard),1029,,"t. II, p. 310",1248-07-27,cambium,
Amalric 1248 (Blancard),1031,,"t. II, p. 311",1248-07-27,mutuum,
